transaction_amount,customer_age_days,number_previous_transactions,previous_success_count,previous_failure_count,historical_success_rate,payment_method,failure_reason,attempt_number,hours_since_failure,hour_of_day,day_of_week,customer_value_segment,previous_recovery_count,subscription_status,recovered
910.67,301,12,9,3,0.75,upi,insufficient_funds,3,63.54,14,6,STANDARD,0,none,0
3469.9,1283,9,7,2,0.7778,netbanking,network_error,1,50.39,13,4,STANDARD,2,none,1
2588.91,901,13,9,4,0.6923,upi,temporary_failure,1,44.35,3,0,STANDARD,1,none,0
9428.07,1355,11,7,4,0.6364,upi,network_error,2,102.65,14,2,STANDARD,0,none,0
15105.96,1343,9,7,2,0.7778,card,network_error,3,9.77,13,3,STANDARD,0,none,0
9804.23,675,8,7,1,0.875,netbanking,bank_timeout,2,29.07,19,0,ENTERPRISE,1,active,1
3154.28,1047,11,8,3,0.7273,upi,fraud_suspected,2,21.34,1,4,STANDARD,0,none,1
7540.18,1475,7,7,0,1.0,upi,insufficient_funds,1,59.31,17,1,STANDARD,2,none,0
2748.39,173,9,5,4,0.5556,upi,fraud_suspected,1,99.4,17,4,STANDARD,1,none,0
1901.54,46,10,8,2,0.8,card,insufficient_funds,3,34.07,2,2,PREMIUM,2,active,0
1968.54,1348,8,3,5,0.375,wallet,insufficient_funds,1,47.61,6,4,STANDARD,0,none,0
9449.43,1651,9,6,3,0.6667,card,bank_decline,2,32.17,8,2,PREMIUM,0,active,0
16077.3,219,7,7,0,1.0,card,network_error,2,56.85,23,1,STANDARD,2,none,1
3492.68,1422,10,8,2,0.8,netbanking,bank_decline,2,15.49,0,5,ENTERPRISE,3,active,1
6671.97,1579,15,10,5,0.6667,card,temporary_failure,1,55.23,3,0,PREMIUM,0,active,1
2327.95,1385,6,4,2,0.6667,upi,bank_decline,2,61.09,6,4,STANDARD,2,none,1
7816.72,275,9,7,2,0.7778,upi,insufficient_funds,2,38.47,0,6,PREMIUM,1,active,1
1034.38,83,13,9,4,0.6923,card,bank_decline,3,20.31,7,3,PREMIUM,2,active,0
10013.02,442,6,6,0,1.0,upi,fraud_suspected,3,46.99,12,1,STANDARD,2,none,0
10517.28,1488,8,7,1,0.875,upi,bank_decline,2,22.09,15,2,STANDARD,1,none,1
2281.34,604,9,7,2,0.7778,upi,network_error,2,88.59,17,0,STANDARD,1,none,1
12016.51,1160,8,6,2,0.75,upi,fraud_suspected,3,51.23,19,4,PREMIUM,1,active,0
319.58,41,12,11,1,0.9167,card,temporary_failure,3,16.14,5,3,STANDARD,0,none,0
2955.06,1514,6,6,0,1.0,netbanking,bank_timeout,2,11.27,7,0,PREMIUM,1,active,1
8185.1,1554,12,8,4,0.6667,card,temporary_failure,2,21.39,13,6,PREMIUM,0,active,0
3504.75,1201,4,2,2,0.5,upi,insufficient_funds,2,31.85,16,5,STANDARD,2,none,1
932.93,1755,10,9,1,0.9,card,insufficient_funds,2,2.48,3,0,STANDARD,1,none,1
4453.56,1645,9,9,0,1.0,card,bank_decline,3,80.78,22,6,STANDARD,3,none,1
1971.79,443,12,9,3,0.75,netbanking,temporary_failure,2,51.47,18,3,STANDARD,1,none,1
11466.2,479,5,5,0,1.0,card,fraud_suspected,1,49.27,5,1,STANDARD,0,none,0
915.38,1534,11,10,1,0.9091,card,network_error,1,78.63,13,2,STANDARD,0,none,1
3764.41,397,6,5,1,0.8333,card,insufficient_funds,3,28.39,4,6,STANDARD,1,none,1
1101.19,1132,7,5,2,0.7143,card,invalid_account,1,29.2,6,1,STANDARD,2,none,0
4129.4,523,4,3,1,0.75,netbanking,insufficient_funds,1,46.51,13,4,STANDARD,1,none,0
1539.7,1431,3,2,1,0.6667,upi,network_error,3,81.35,17,4,PREMIUM,4,active,0
3379.25,865,9,7,2,0.7778,card,bank_timeout,3,28.5,14,1,STANDARD,0,none,1
2411.04,68,7,5,2,0.7143,card,network_error,1,29.5,4,0,STANDARD,2,none,0
2430.21,1480,6,4,2,0.6667,card,temporary_failure,3,15.65,8,5,STANDARD,0,none,1
4249.36,173,11,11,0,1.0,card,network_error,1,25.91,2,6,PREMIUM,1,active,1
7011.42,1305,8,7,1,0.875,upi,bank_decline,1,27.77,11,5,STANDARD,1,none,1
4248.68,243,12,6,6,0.5,wallet,temporary_failure,2,42.04,20,0,STANDARD,0,none,0
3413.31,1658,15,12,3,0.8,wallet,bank_decline,2,85.73,0,6,STANDARD,0,none,0
10243.54,1296,7,6,1,0.8571,netbanking,insufficient_funds,1,24.21,20,2,ENTERPRISE,1,active,0
1926.51,202,12,10,2,0.8333,netbanking,bank_decline,3,55.56,0,5,STANDARD,0,none,0
6067.85,859,13,11,2,0.8462,netbanking,bank_timeout,2,25.81,0,0,STANDARD,1,none,0
2952.69,707,7,6,1,0.8571,upi,insufficient_funds,3,86.3,3,5,STANDARD,3,none,0
23381.86,1548,9,6,3,0.6667,upi,invalid_account,1,24.05,16,4,STANDARD,2,none,1
1964.63,1553,14,12,2,0.8571,upi,bank_timeout,1,21.32,16,4,STANDARD,2,none,1
1650.02,730,7,5,2,0.7143,upi,bank_decline,3,26.42,9,5,STANDARD,1,none,1
3485.64,1711,9,8,1,0.8889,card,bank_decline,2,70.4,7,3,STANDARD,0,none,0
3177.04,362,8,8,0,1.0,upi,insufficient_funds,1,34.64,8,4,PREMIUM,2,active,1
4422.8,390,5,3,2,0.6,upi,insufficient_funds,1,90.4,17,0,STANDARD,1,none,1
3870.51,1224,7,5,2,0.7143,netbanking,temporary_failure,2,4.15,3,6,PREMIUM,0,active,1
3543.19,461,7,5,2,0.7143,upi,insufficient_funds,3,20.56,20,1,ENTERPRISE,1,active,0
11522.52,828,8,7,1,0.875,card,insufficient_funds,2,8.8,21,0,STANDARD,4,none,1
11500.59,714,10,8,2,0.8,card,network_error,1,42.32,11,6,STANDARD,1,none,1
3937.75,1022,5,4,1,0.8,upi,insufficient_funds,1,29.31,10,4,PREMIUM,0,active,1
3516.02,641,6,6,0,1.0,card,insufficient_funds,3,36.82,14,5,STANDARD,0,none,1
4260.82,1119,10,10,0,1.0,card,network_error,3,12.34,17,6,STANDARD,1,none,1
5571.89,611,7,5,2,0.7143,card,network_error,3,118.89,4,2,PREMIUM,0,active,1
976.7,1424,9,8,1,0.8889,card,invalid_account,2,12.46,18,1,STANDARD,0,none,0
11820.42,418,7,5,2,0.7143,upi,network_error,2,89.76,4,0,STANDARD,2,none,1
8048.32,1749,17,13,4,0.7647,netbanking,bank_decline,1,29.41,14,4,PREMIUM,0,active,0
2940.89,1565,11,6,5,0.5455,netbanking,insufficient_funds,2,39.89,15,2,STANDARD,0,none,0
2111.84,1432,4,4,0,1.0,card,temporary_failure,1,48.51,13,1,STANDARD,4,none,1
1376.68,903,9,5,4,0.5556,card,fraud_suspected,2,50.42,5,3,STANDARD,1,none,0
5999.86,626,8,8,0,1.0,card,network_error,2,11.1,8,5,STANDARD,0,none,1
17697.37,1080,4,4,0,1.0,card,insufficient_funds,1,16.83,2,1,STANDARD,1,none,1
471.12,1306,9,8,1,0.8889,card,network_error,2,42.22,2,1,STANDARD,0,none,1
3629.75,1293,8,6,2,0.75,netbanking,insufficient_funds,2,38.16,22,4,STANDARD,0,none,0
920.69,1237,4,4,0,1.0,upi,bank_decline,3,13.7,2,0,STANDARD,0,none,1
2602.16,504,11,8,3,0.7273,card,invalid_account,2,49.63,15,6,STANDARD,2,none,0
2664.57,321,9,8,1,0.8889,card,bank_timeout,1,41.57,23,0,STANDARD,4,none,1
11901.58,822,9,8,1,0.8889,card,bank_decline,1,20.12,8,1,STANDARD,2,none,1
4409.88,1578,7,5,2,0.7143,upi,insufficient_funds,1,26.07,13,1,STANDARD,1,none,0
7214.13,58,4,4,0,1.0,card,insufficient_funds,1,52.71,0,5,STANDARD,1,none,1
2468.26,750,17,14,3,0.8235,upi,network_error,3,71.48,2,6,STANDARD,0,none,0
4712.49,1441,11,9,2,0.8182,wallet,insufficient_funds,1,13.2,7,1,PREMIUM,1,active,1
4438.94,456,15,12,3,0.8,card,invalid_account,2,35.27,12,5,STANDARD,4,none,0
19355.51,54,5,5,0,1.0,upi,temporary_failure,3,22.45,1,4,PREMIUM,0,active,1
3431.7,1664,9,7,2,0.7778,card,temporary_failure,2,36.73,22,1,STANDARD,0,none,1
4617.3,1139,9,6,3,0.6667,card,temporary_failure,1,22.25,14,1,STANDARD,1,none,1
9817.95,815,10,8,2,0.8,card,fraud_suspected,1,43.78,18,4,STANDARD,1,none,1
2157.65,492,10,7,3,0.7,card,temporary_failure,2,45.13,21,5,PREMIUM,1,active,0
1089.07,687,13,9,4,0.6923,netbanking,fraud_suspected,3,45.07,11,2,STANDARD,1,none,0
2735.4,624,8,4,4,0.5,card,fraud_suspected,3,22.29,20,4,PREMIUM,1,active,1
6442.28,1572,15,11,4,0.7333,upi,bank_decline,2,36.71,7,1,STANDARD,0,none,1
2894.36,898,6,6,0,1.0,card,bank_timeout,1,27.74,14,4,PREMIUM,2,active,1
4321.93,314,15,12,3,0.8,upi,insufficient_funds,2,30.48,8,0,STANDARD,0,none,0
2442.21,1092,7,6,1,0.8571,card,temporary_failure,3,17.51,2,6,STANDARD,2,none,1
3361.62,1558,2,2,0,1.0,upi,bank_timeout,1,120.96,11,6,STANDARD,2,none,1
1384.65,307,5,4,1,0.8,upi,bank_timeout,2,10.94,21,3,STANDARD,0,none,1
6784.72,433,9,5,4,0.5556,upi,network_error,2,13.24,11,0,STANDARD,1,none,0
6643.09,986,4,1,3,0.25,card,insufficient_funds,3,28.55,12,2,STANDARD,1,none,0
13892.08,290,5,2,3,0.4,netbanking,bank_timeout,2,29.26,16,4,PREMIUM,0,active,1
1585.05,804,8,8,0,1.0,card,bank_decline,2,29.38,9,0,STANDARD,0,none,0
19628.15,766,8,6,2,0.75,upi,fraud_suspected,3,54.39,13,0,STANDARD,0,none,0
2686.81,344,4,3,1,0.75,card,insufficient_funds,1,31.5,1,0,STANDARD,0,none,0
722.49,154,6,3,3,0.5,netbanking,temporary_failure,3,27.89,17,5,PREMIUM,0,active,1
9646.73,1671,8,6,2,0.75,card,temporary_failure,3,37.68,18,2,STANDARD,2,none,0
9711.85,1435,15,12,3,0.8,netbanking,bank_decline,1,18.32,10,3,STANDARD,1,none,1
2593.6,1583,6,6,0,1.0,upi,temporary_failure,3,24.55,23,5,STANDARD,0,none,1
1585.22,880,5,3,2,0.6,upi,temporary_failure,2,44.27,17,4,STANDARD,5,none,0
404.36,1721,8,8,0,1.0,upi,insufficient_funds,1,7.71,13,0,STANDARD,0,none,1
1210.49,1098,6,3,3,0.5,card,bank_decline,3,47.51,9,3,STANDARD,1,none,0
1863.76,730,10,8,2,0.8,upi,bank_decline,2,27.32,5,4,PREMIUM,1,active,1
6925.89,919,10,6,4,0.6,upi,temporary_failure,1,57.27,13,5,STANDARD,2,none,0
4839.01,1467,14,12,2,0.8571,netbanking,invalid_account,2,73.04,8,5,STANDARD,3,none,1
4325.45,549,7,7,0,1.0,netbanking,insufficient_funds,2,48.9,8,5,STANDARD,0,none,0
2602.35,868,10,9,1,0.9,upi,insufficient_funds,1,27.76,9,1,PREMIUM,2,active,1
3676.42,1705,10,9,1,0.9,card,bank_decline,1,78.96,3,4,STANDARD,1,none,1
6749.97,990,7,6,1,0.8571,netbanking,insufficient_funds,2,28.46,14,3,STANDARD,1,none,1
6033.59,998,12,9,3,0.75,netbanking,bank_decline,2,9.7,20,0,STANDARD,1,none,0
4837.98,1655,7,6,1,0.8571,netbanking,network_error,1,50.72,19,2,PREMIUM,1,active,1
8675.69,578,8,5,3,0.625,upi,temporary_failure,3,29.85,8,1,STANDARD,1,none,0
1390.4,1119,8,6,2,0.75,upi,network_error,2,70.24,0,1,STANDARD,0,none,0
1547.12,1139,11,10,1,0.9091,upi,insufficient_funds,3,44.38,13,3,STANDARD,1,none,1
7414.45,1599,9,6,3,0.6667,upi,bank_decline,2,28.0,11,6,STANDARD,0,none,0
2488.5,350,7,6,1,0.8571,card,fraud_suspected,1,45.82,16,6,STANDARD,1,none,0
2976.92,1226,10,8,2,0.8,netbanking,temporary_failure,2,37.31,20,3,STANDARD,2,none,1
2031.4,1302,11,9,2,0.8182,upi,insufficient_funds,2,25.7,23,3,STANDARD,1,none,1
2365.96,872,10,8,2,0.8,upi,invalid_account,2,131.2,16,5,STANDARD,2,none,0
2195.97,1571,8,7,1,0.875,upi,bank_decline,2,11.08,14,4,STANDARD,1,none,0
13705.25,1790,4,4,0,1.0,upi,insufficient_funds,3,9.95,16,4,PREMIUM,2,active,1
4104.06,1461,7,7,0,1.0,netbanking,temporary_failure,2,42.52,23,6,ENTERPRISE,2,active,1
5015.44,1168,8,7,1,0.875,netbanking,insufficient_funds,2,30.4,6,3,STANDARD,0,none,1
1091.98,127,11,9,2,0.8182,upi,network_error,3,34.83,7,3,ENTERPRISE,1,active,1
1926.0,1796,7,5,2,0.7143,upi,bank_timeout,3,36.93,9,4,STANDARD,0,none,0
1944.18,417,16,11,5,0.6875,upi,temporary_failure,1,46.14,13,3,PREMIUM,1,active,0
5324.26,410,13,9,4,0.6923,wallet,insufficient_funds,3,34.47,15,2,STANDARD,0,none,0
2005.01,1227,12,11,1,0.9167,upi,insufficient_funds,3,3.14,8,1,PREMIUM,2,active,0
5609.21,252,7,6,1,0.8571,upi,temporary_failure,1,53.08,22,3,STANDARD,0,none,1
948.18,455,13,7,6,0.5385,upi,temporary_failure,3,0.73,15,4,STANDARD,2,none,0
1600.62,346,9,9,0,1.0,card,bank_timeout,1,26.66,22,4,STANDARD,0,none,1
1059.74,415,7,6,1,0.8571,wallet,network_error,3,28.2,17,0,PREMIUM,0,active,1
3596.9,650,12,10,2,0.8333,card,network_error,2,14.99,7,5,STANDARD,0,none,0
1546.4,1510,14,12,2,0.8571,wallet,bank_decline,1,18.16,8,2,STANDARD,0,none,1
3129.39,1015,6,6,0,1.0,upi,temporary_failure,2,105.37,0,3,STANDARD,3,none,1
1111.66,1466,9,8,1,0.8889,upi,temporary_failure,1,62.41,16,4,PREMIUM,1,active,1
1007.73,1758,9,6,3,0.6667,wallet,insufficient_funds,1,19.0,6,6,STANDARD,1,none,1
2038.38,998,9,7,2,0.7778,card,bank_decline,1,50.5,20,4,STANDARD,0,none,1
13427.68,1148,12,11,1,0.9167,upi,insufficient_funds,3,21.71,9,3,STANDARD,1,none,0
1094.47,382,8,8,0,1.0,card,invalid_account,1,57.0,3,1,STANDARD,1,none,1
3005.41,1516,10,7,3,0.7,upi,bank_decline,3,68.74,6,6,STANDARD,1,none,1
5194.01,24,4,3,1,0.75,card,bank_timeout,3,58.49,6,2,STANDARD,1,none,0
4187.9,13,9,6,3,0.6667,card,network_error,2,59.05,21,1,STANDARD,1,none,0
1874.43,713,13,9,4,0.6923,netbanking,invalid_account,1,18.66,22,5,STANDARD,1,none,0
1580.39,617,7,6,1,0.8571,card,fraud_suspected,1,15.46,0,4,STANDARD,1,none,0
3755.29,1787,6,4,2,0.6667,card,insufficient_funds,2,75.33,18,3,PREMIUM,2,active,1
9053.39,83,10,9,1,0.9,upi,bank_decline,2,50.4,14,4,STANDARD,0,none,1
2611.67,169,12,7,5,0.5833,upi,bank_timeout,1,6.66,9,2,STANDARD,2,none,0
4822.09,1254,8,7,1,0.875,netbanking,insufficient_funds,1,10.19,21,4,PREMIUM,1,active,1
3568.73,411,7,6,1,0.8571,upi,insufficient_funds,3,29.58,23,3,STANDARD,0,none,0
13337.04,1636,4,1,3,0.25,netbanking,fraud_suspected,2,3.44,11,0,STANDARD,0,none,0
1522.82,1624,9,8,1,0.8889,upi,bank_timeout,3,23.64,4,5,STANDARD,0,none,0
8875.41,1215,5,5,0,1.0,card,insufficient_funds,1,83.73,12,3,STANDARD,2,none,1
1526.16,547,9,6,3,0.6667,netbanking,temporary_failure,3,16.04,16,2,STANDARD,0,none,1
2836.07,1784,9,7,2,0.7778,netbanking,invalid_account,3,56.59,16,6,PREMIUM,1,active,0
8947.17,635,13,8,5,0.6154,card,fraud_suspected,1,20.87,18,2,ENTERPRISE,0,active,0
7680.95,1420,11,10,1,0.9091,card,insufficient_funds,3,11.24,15,4,PREMIUM,0,active,1
1297.39,225,8,5,3,0.625,upi,bank_timeout,1,51.78,18,5,PREMIUM,2,active,1
3802.03,113,12,11,1,0.9167,netbanking,bank_decline,1,61.93,23,4,PREMIUM,0,active,0
9073.56,489,6,6,0,1.0,upi,temporary_failure,3,16.65,1,0,PREMIUM,0,active,1
5924.5,1095,8,7,1,0.875,upi,insufficient_funds,2,56.36,1,0,STANDARD,1,none,1
1429.2,643,10,8,2,0.8,card,network_error,3,10.53,15,1,PREMIUM,0,active,1
3024.02,39,4,3,1,0.75,card,temporary_failure,3,22.12,11,6,PREMIUM,1,active,1
5457.88,1517,4,4,0,1.0,upi,temporary_failure,1,52.86,4,3,STANDARD,1,none,1
3050.51,1462,8,8,0,1.0,upi,bank_decline,1,20.12,7,2,PREMIUM,0,active,1
1429.85,215,12,10,2,0.8333,card,insufficient_funds,3,2.16,18,6,PREMIUM,0,active,1
4155.48,1429,9,9,0,1.0,card,invalid_account,3,38.22,7,3,STANDARD,0,none,0
18919.1,262,9,6,3,0.6667,card,insufficient_funds,3,9.78,4,0,PREMIUM,0,active,1
3978.99,116,8,6,2,0.75,upi,temporary_failure,2,22.09,18,3,STANDARD,2,none,0
918.68,316,6,3,3,0.5,upi,bank_timeout,3,33.2,23,3,STANDARD,0,none,1
1321.89,171,11,10,1,0.9091,upi,network_error,2,20.11,15,5,STANDARD,2,none,1
8276.42,1244,10,7,3,0.7,upi,bank_timeout,3,60.38,23,3,PREMIUM,3,active,0
5457.95,576,7,5,2,0.7143,card,bank_timeout,2,13.75,16,5,STANDARD,4,none,1
5133.01,710,10,8,2,0.8,upi,temporary_failure,3,39.73,16,2,PREMIUM,1,active,1
5745.55,576,15,11,4,0.7333,card,insufficient_funds,1,57.59,4,5,STANDARD,0,none,0
14677.96,1799,10,9,1,0.9,upi,insufficient_funds,2,37.59,19,0,STANDARD,2,none,1
6310.5,1540,5,5,0,1.0,card,temporary_failure,2,38.25,15,5,STANDARD,0,none,1
3019.85,1352,9,7,2,0.7778,upi,temporary_failure,2,15.07,14,5,STANDARD,2,none,0
3189.64,706,4,2,2,0.5,upi,insufficient_funds,2,30.37,1,0,STANDARD,2,none,1
5319.58,1006,13,11,2,0.8462,netbanking,insufficient_funds,3,146.5,3,4,STANDARD,1,none,0
704.6,17,11,7,4,0.6364,upi,insufficient_funds,2,83.51,7,4,STANDARD,1,none,1
20552.78,762,9,8,1,0.8889,card,insufficient_funds,1,12.1,23,4,STANDARD,1,none,1
2964.04,382,10,8,2,0.8,upi,bank_decline,3,34.74,6,2,STANDARD,0,none,1
1587.91,1794,8,7,1,0.875,upi,bank_timeout,1,42.63,5,5,STANDARD,2,none,1
3694.62,388,12,9,3,0.75,wallet,bank_decline,3,15.08,14,3,PREMIUM,2,active,1
2347.36,552,14,10,4,0.7143,card,temporary_failure,2,25.06,13,2,STANDARD,3,none,1
19470.72,77,10,7,3,0.7,upi,temporary_failure,1,35.49,20,4,PREMIUM,1,active,0
3932.57,1503,8,7,1,0.875,wallet,temporary_failure,1,38.35,7,4,STANDARD,3,none,1
4908.31,1444,5,4,1,0.8,netbanking,bank_decline,3,48.6,2,5,STANDARD,1,none,0
6972.83,740,10,9,1,0.9,card,invalid_account,1,27.72,16,6,STANDARD,1,none,1
2351.47,1112,7,6,1,0.8571,card,temporary_failure,3,1.11,13,0,STANDARD,2,none,1
3557.31,1794,6,5,1,0.8333,card,bank_timeout,1,14.33,15,3,STANDARD,3,none,1
4796.92,492,15,12,3,0.8,wallet,insufficient_funds,3,19.83,20,6,STANDARD,1,none,0
5999.74,442,9,7,2,0.7778,upi,invalid_account,2,38.99,23,5,STANDARD,1,none,0
1480.89,1787,14,12,2,0.8571,card,temporary_failure,3,21.33,16,6,PREMIUM,1,active,1
2050.51,801,6,4,2,0.6667,netbanking,insufficient_funds,2,43.59,6,0,PREMIUM,1,active,0
368.76,1647,10,7,3,0.7,card,bank_decline,1,75.77,19,1,STANDARD,0,none,1
2304.37,738,11,8,3,0.7273,card,temporary_failure,3,11.41,11,5,STANDARD,2,none,0
4431.1,396,5,5,0,1.0,upi,temporary_failure,3,47.85,15,2,PREMIUM,1,active,1
8734.91,817,7,6,1,0.8571,card,temporary_failure,2,62.86,7,6,STANDARD,1,none,0
6549.88,259,8,6,2,0.75,upi,bank_decline,3,55.95,13,2,PREMIUM,2,active,0
1968.82,58,13,10,3,0.7692,wallet,network_error,2,65.32,14,2,STANDARD,1,none,1
2706.5,532,12,8,4,0.6667,wallet,temporary_failure,1,25.19,1,1,STANDARD,1,none,1
7690.49,518,7,5,2,0.7143,upi,temporary_failure,3,8.66,3,4,STANDARD,1,none,0
2848.67,645,11,6,5,0.5455,card,insufficient_funds,1,15.08,3,3,STANDARD,1,none,0
3120.91,1733,11,9,2,0.8182,upi,insufficient_funds,1,55.85,8,0,STANDARD,1,none,1
11149.41,766,13,11,2,0.8462,card,network_error,1,9.92,11,6,STANDARD,2,none,1
7248.79,1222,11,10,1,0.9091,wallet,invalid_account,2,1.56,0,3,STANDARD,5,none,1
1714.97,190,14,12,2,0.8571,upi,temporary_failure,2,21.17,9,0,PREMIUM,0,active,1
2383.44,657,13,10,3,0.7692,upi,network_error,3,40.07,20,4,STANDARD,2,none,0
15374.58,863,7,5,2,0.7143,card,insufficient_funds,3,17.04,16,2,PREMIUM,0,active,0
5123.73,1316,5,4,1,0.8,upi,fraud_suspected,3,49.88,11,2,ENTERPRISE,0,active,0
10693.58,382,9,9,0,1.0,card,invalid_account,1,28.71,1,0,STANDARD,0,none,0
1498.24,202,11,8,3,0.7273,netbanking,bank_decline,1,22.21,17,3,STANDARD,1,none,1
5662.2,557,11,10,1,0.9091,card,bank_timeout,1,104.28,0,6,PREMIUM,1,active,1
6486.69,596,5,3,2,0.6,upi,bank_timeout,3,8.83,21,3,STANDARD,2,none,0
10438.38,1515,12,9,3,0.75,upi,bank_decline,3,42.7,0,6,STANDARD,3,none,0
10879.67,993,9,7,2,0.7778,upi,insufficient_funds,3,12.55,9,3,STANDARD,0,none,1
2746.6,1408,7,7,0,1.0,netbanking,bank_timeout,2,205.91,5,4,STANDARD,0,none,0
4957.2,1658,12,9,3,0.75,card,invalid_account,1,54.41,15,2,STANDARD,0,none,0
3187.71,738,7,6,1,0.8571,card,bank_decline,2,12.78,1,2,PREMIUM,1,active,1
6566.33,38,8,6,2,0.75,card,fraud_suspected,3,49.25,5,3,STANDARD,0,none,0
1132.41,1703,12,9,3,0.75,wallet,bank_timeout,2,33.2,8,0,STANDARD,2,none,1
776.64,1091,9,8,1,0.8889,wallet,temporary_failure,3,29.33,23,0,STANDARD,4,none,1
4835.94,641,1,1,0,1.0,card,temporary_failure,1,42.73,5,0,STANDARD,2,none,1
3795.65,1708,5,5,0,1.0,upi,insufficient_funds,3,28.11,18,0,STANDARD,0,none,1
4786.07,1672,9,9,0,1.0,card,temporary_failure,2,25.36,6,5,ENTERPRISE,0,active,1
2940.62,1096,12,10,2,0.8333,card,bank_decline,1,9.56,19,0,STANDARD,2,none,0
9310.74,1795,14,13,1,0.9286,card,fraud_suspected,3,7.65,0,6,PREMIUM,4,active,0
5831.72,580,9,8,1,0.8889,upi,temporary_failure,3,46.47,12,3,STANDARD,1,none,1
2598.68,1766,7,6,1,0.8571,netbanking,invalid_account,3,22.69,14,1,STANDARD,1,none,0
3397.56,1779,4,4,0,1.0,upi,network_error,2,23.39,19,5,STANDARD,4,none,1
855.39,257,6,2,4,0.3333,upi,insufficient_funds,2,6.54,7,2,STANDARD,5,none,0
24936.31,1738,10,6,4,0.6,card,network_error,1,19.89,20,5,PREMIUM,2,active,0
3081.95,72,6,4,2,0.6667,card,network_error,1,14.66,7,1,STANDARD,2,none,1
6314.03,788,11,8,3,0.7273,netbanking,bank_decline,2,33.11,11,1,ENTERPRISE,0,active,0
4770.19,775,7,5,2,0.7143,netbanking,network_error,3,68.22,5,3,STANDARD,1,none,0
3739.08,388,10,9,1,0.9,upi,bank_decline,3,23.59,15,3,PREMIUM,1,active,0
4496.1,807,5,4,1,0.8,card,network_error,1,78.69,0,6,PREMIUM,2,active,1
629.39,1188,8,7,1,0.875,upi,network_error,2,34.65,5,4,STANDARD,0,none,1
6573.04,1615,14,11,3,0.7857,netbanking,bank_decline,3,80.79,21,3,STANDARD,0,none,1
2528.18,198,10,9,1,0.9,upi,network_error,2,76.64,4,4,STANDARD,1,none,1
6899.01,852,13,7,6,0.5385,netbanking,temporary_failure,1,12.81,12,2,STANDARD,0,none,1
6375.05,1554,9,8,1,0.8889,card,network_error,3,56.22,17,3,STANDARD,1,none,0
3541.82,1158,9,6,3,0.6667,card,bank_decline,2,33.38,9,2,PREMIUM,3,active,1
10273.16,398,9,9,0,1.0,netbanking,insufficient_funds,1,16.68,13,2,PREMIUM,1,active,0
18070.92,59,7,4,3,0.5714,upi,bank_timeout,1,49.15,1,2,STANDARD,0,none,1
1945.81,1289,7,4,3,0.5714,card,insufficient_funds,1,105.62,7,1,PREMIUM,3,active,1
2466.33,357,9,4,5,0.4444,upi,temporary_failure,2,14.06,15,1,PREMIUM,0,active,0
854.04,341,9,7,2,0.7778,netbanking,network_error,3,3.72,5,4,ENTERPRISE,0,active,1
3578.41,1709,6,6,0,1.0,upi,temporary_failure,1,12.26,17,3,STANDARD,0,none,1
4936.3,1161,11,9,2,0.8182,upi,network_error,2,32.78,22,6,STANDARD,2,none,0
1888.71,1258,7,3,4,0.4286,upi,network_error,1,86.32,7,5,STANDARD,1,none,1
3165.17,620,8,7,1,0.875,netbanking,bank_timeout,1,3.53,5,0,ENTERPRISE,0,active,1
20286.26,1254,9,8,1,0.8889,upi,insufficient_funds,2,16.72,8,5,STANDARD,3,none,1
5000.74,826,13,9,4,0.6923,upi,insufficient_funds,2,82.97,1,0,STANDARD,4,none,0
3510.93,49,7,4,3,0.5714,card,bank_decline,3,18.04,0,6,STANDARD,0,none,0
5235.17,245,12,9,3,0.75,card,network_error,3,46.78,18,5,STANDARD,0,none,1
5092.42,190,5,4,1,0.8,card,temporary_failure,3,21.18,12,4,STANDARD,0,none,0
695.06,1244,12,10,2,0.8333,upi,insufficient_funds,2,6.42,2,2,ENTERPRISE,1,active,0
3329.42,1307,7,4,3,0.5714,card,temporary_failure,2,32.8,10,5,STANDARD,1,none,1
2668.41,59,5,4,1,0.8,card,temporary_failure,3,9.73,21,4,STANDARD,3,none,1
10829.13,294,5,3,2,0.6,upi,bank_decline,2,40.56,16,2,STANDARD,0,none,1
2973.4,1214,5,5,0,1.0,netbanking,bank_decline,2,71.31,13,1,PREMIUM,1,active,0
15291.4,1792,15,14,1,0.9333,upi,temporary_failure,2,140.77,2,3,STANDARD,2,none,1
7825.75,871,8,6,2,0.75,wallet,network_error,3,35.49,0,0,STANDARD,0,none,0
11910.8,484,9,7,2,0.7778,upi,bank_timeout,1,12.92,20,6,STANDARD,0,none,1
2070.75,174,11,8,3,0.7273,upi,bank_timeout,3,69.49,4,0,PREMIUM,1,active,0
4367.85,1542,9,6,3,0.6667,upi,invalid_account,1,45.68,17,5,PREMIUM,1,active,0
18678.15,1799,9,9,0,1.0,upi,network_error,3,36.47,14,2,STANDARD,1,none,1
1099.7,513,11,7,4,0.6364,upi,fraud_suspected,3,45.95,20,2,PREMIUM,3,active,0
6226.39,538,7,6,1,0.8571,card,network_error,1,123.15,18,2,PREMIUM,2,active,0
9712.69,964,9,8,1,0.8889,card,temporary_failure,1,59.38,17,1,STANDARD,3,none,1
3455.23,414,10,9,1,0.9,netbanking,network_error,3,20.81,5,0,STANDARD,0,none,1
4835.93,1316,7,7,0,1.0,netbanking,insufficient_funds,2,27.18,22,5,STANDARD,1,none,0
11625.3,970,5,4,1,0.8,netbanking,insufficient_funds,3,11.53,11,3,STANDARD,1,none,0
15386.65,639,11,8,3,0.7273,card,insufficient_funds,1,25.25,22,3,STANDARD,0,none,1
1050.66,617,7,6,1,0.8571,upi,network_error,1,53.69,19,4,STANDARD,0,none,0
9875.26,1232,9,9,0,1.0,card,fraud_suspected,3,25.39,5,0,PREMIUM,0,active,0
1490.97,362,8,6,2,0.75,upi,temporary_failure,3,14.06,9,3,PREMIUM,1,active,1
6586.56,1425,13,11,2,0.8462,wallet,insufficient_funds,3,39.51,1,3,STANDARD,1,none,1
1012.06,632,9,7,2,0.7778,card,insufficient_funds,3,30.92,0,5,ENTERPRISE,1,active,0
1103.24,1289,10,9,1,0.9,netbanking,network_error,3,46.89,13,0,PREMIUM,1,active,1
25365.64,535,3,2,1,0.6667,upi,bank_decline,2,9.45,1,0,PREMIUM,2,active,0
7949.54,1399,13,12,1,0.9231,upi,network_error,3,29.45,8,2,STANDARD,0,none,1
640.05,538,8,6,2,0.75,upi,network_error,2,20.18,8,2,ENTERPRISE,0,active,1
1590.68,106,4,3,1,0.75,card,insufficient_funds,3,38.12,8,5,STANDARD,1,none,0
1836.95,1340,6,4,2,0.6667,netbanking,insufficient_funds,3,27.71,16,6,PREMIUM,0,active,0
2694.4,1203,12,9,3,0.75,netbanking,bank_decline,1,149.32,19,0,STANDARD,3,none,0
1829.62,583,5,3,2,0.6,upi,insufficient_funds,2,17.99,3,6,STANDARD,0,none,0
1175.6,237,9,6,3,0.6667,card,temporary_failure,1,111.85,21,4,STANDARD,0,none,0
2287.26,494,3,3,0,1.0,upi,bank_timeout,2,37.67,6,6,STANDARD,0,none,1
3242.91,34,9,8,1,0.8889,upi,insufficient_funds,1,69.61,14,6,STANDARD,1,none,1
1730.98,420,11,9,2,0.8182,card,invalid_account,1,7.84,10,5,PREMIUM,1,active,0
8020.06,1778,9,6,3,0.6667,wallet,bank_timeout,3,31.31,3,0,PREMIUM,0,active,1
1524.72,732,5,4,1,0.8,upi,temporary_failure,3,27.77,23,5,STANDARD,3,none,1
5776.16,587,5,5,0,1.0,upi,invalid_account,1,117.47,15,6,PREMIUM,2,active,0
5104.07,1701,7,6,1,0.8571,card,invalid_account,2,87.46,7,0,PREMIUM,1,active,0
2479.46,334,10,8,2,0.8,card,insufficient_funds,3,9.1,14,4,STANDARD,0,none,1
2276.47,1133,12,9,3,0.75,upi,insufficient_funds,2,62.81,3,4,PREMIUM,1,active,1
8467.64,1005,7,5,2,0.7143,upi,fraud_suspected,3,70.77,13,1,STANDARD,0,none,0
1927.5,890,12,8,4,0.6667,upi,temporary_failure,1,11.86,3,5,STANDARD,1,none,0
8986.41,1100,12,11,1,0.9167,card,bank_decline,1,81.0,16,3,PREMIUM,1,active,0
3815.97,1031,8,7,1,0.875,netbanking,temporary_failure,3,9.54,23,4,PREMIUM,0,active,1
10606.98,1194,10,10,0,1.0,card,temporary_failure,2,21.29,14,1,STANDARD,2,none,1
1062.46,716,8,7,1,0.875,netbanking,temporary_failure,1,37.88,21,4,STANDARD,1,none,1
3342.64,556,8,6,2,0.75,netbanking,temporary_failure,1,125.56,4,1,STANDARD,3,none,1
2119.13,1437,5,5,0,1.0,upi,temporary_failure,2,65.59,18,2,STANDARD,3,none,1
14332.61,1078,13,9,4,0.6923,card,insufficient_funds,1,11.85,7,2,PREMIUM,3,active,0
4427.28,1524,9,7,2,0.7778,upi,bank_decline,3,64.19,9,0,ENTERPRISE,1,active,1
2453.16,1398,11,10,1,0.9091,card,bank_decline,2,103.98,1,1,STANDARD,0,none,1
1508.6,1048,7,4,3,0.5714,netbanking,network_error,3,81.93,18,1,STANDARD,0,none,0
1785.57,214,8,5,3,0.625,upi,bank_timeout,2,1.76,21,5,STANDARD,0,none,0
5397.02,154,15,10,5,0.6667,wallet,network_error,2,30.55,6,6,PREMIUM,2,active,0
6559.41,905,10,6,4,0.6,netbanking,bank_timeout,1,114.13,22,1,PREMIUM,0,active,0
14677.22,1306,9,7,2,0.7778,netbanking,fraud_suspected,2,112.56,0,4,STANDARD,1,none,0
3914.03,1193,8,7,1,0.875,netbanking,bank_timeout,2,41.61,19,4,PREMIUM,1,active,1
734.89,698,7,6,1,0.8571,upi,bank_timeout,3,38.57,13,3,STANDARD,1,none,1
5312.44,805,4,4,0,1.0,upi,bank_decline,1,39.44,8,6,STANDARD,0,none,1
5750.8,996,11,9,2,0.8182,upi,insufficient_funds,1,107.84,12,0,STANDARD,2,none,1
2670.34,1531,6,4,2,0.6667,wallet,bank_timeout,2,26.13,15,4,PREMIUM,1,active,0
6291.64,1199,5,2,3,0.4,upi,temporary_failure,1,7.02,19,1,STANDARD,1,none,1
4378.58,1266,10,7,3,0.7,wallet,bank_decline,3,20.54,6,2,STANDARD,1,none,0
6123.35,366,10,9,1,0.9,card,insufficient_funds,3,68.14,0,5,STANDARD,1,none,0
1216.41,253,10,9,1,0.9,netbanking,invalid_account,2,20.12,20,4,STANDARD,0,none,0
5465.45,1488,14,12,2,0.8571,upi,insufficient_funds,2,114.83,4,6,STANDARD,0,none,0
1191.31,219,7,6,1,0.8571,upi,temporary_failure,2,2.22,18,4,ENTERPRISE,1,active,0
1644.45,451,12,9,3,0.75,upi,bank_decline,2,57.92,0,0,STANDARD,3,none,0
4136.17,971,14,13,1,0.9286,card,temporary_failure,2,14.08,20,2,PREMIUM,3,active,0
2377.87,162,9,8,1,0.8889,upi,network_error,1,40.55,7,4,STANDARD,0,none,1
2389.3,317,14,11,3,0.7857,upi,insufficient_funds,1,70.35,20,5,STANDARD,1,none,1
4042.55,159,10,8,2,0.8,card,insufficient_funds,1,66.16,22,5,STANDARD,1,none,0
3753.94,655,13,8,5,0.6154,upi,insufficient_funds,2,71.11,6,4,PREMIUM,1,active,0
1134.52,989,11,10,1,0.9091,netbanking,insufficient_funds,3,48.75,15,5,STANDARD,1,none,1
3107.66,817,9,7,2,0.7778,upi,insufficient_funds,1,7.89,8,5,PREMIUM,1,active,0
7849.46,1256,8,6,2,0.75,upi,insufficient_funds,2,52.17,5,0,PREMIUM,0,active,0
4702.55,879,11,6,5,0.5455,upi,network_error,2,59.06,15,0,ENTERPRISE,0,active,1
20547.22,477,7,6,1,0.8571,netbanking,invalid_account,1,27.43,10,3,STANDARD,1,none,1
5761.65,390,9,8,1,0.8889,card,network_error,3,73.82,4,0,STANDARD,1,none,1
13768.43,1301,7,3,4,0.4286,card,bank_timeout,3,134.91,14,1,STANDARD,0,none,1
1296.56,109,11,11,0,1.0,netbanking,invalid_account,1,92.06,1,0,STANDARD,2,none,1
3529.53,614,7,7,0,1.0,card,temporary_failure,3,14.47,2,5,STANDARD,0,none,1
1518.81,936,7,7,0,1.0,upi,insufficient_funds,1,24.59,9,6,STANDARD,0,none,1
1990.2,566,5,4,1,0.8,upi,temporary_failure,1,64.13,11,3,STANDARD,1,none,1
15745.22,692,14,10,4,0.7143,netbanking,bank_decline,3,6.37,3,2,STANDARD,1,none,0
887.95,78,12,9,3,0.75,card,bank_timeout,3,30.73,15,5,STANDARD,1,none,1
8314.93,1001,7,5,2,0.7143,upi,invalid_account,1,68.07,12,0,STANDARD,0,none,0
5681.7,669,4,3,1,0.75,card,bank_timeout,2,24.87,6,4,STANDARD,2,none,0
6587.92,569,9,7,2,0.7778,upi,invalid_account,2,9.6,20,5,PREMIUM,1,active,1
2946.57,1287,15,12,3,0.8,netbanking,bank_timeout,1,12.78,9,3,PREMIUM,0,active,1
12088.8,1132,7,6,1,0.8571,card,fraud_suspected,1,32.27,6,3,PREMIUM,1,active,1
4431.46,1195,4,4,0,1.0,card,network_error,1,41.22,15,1,PREMIUM,2,active,1
6170.91,1406,14,11,3,0.7857,card,insufficient_funds,3,32.66,23,6,PREMIUM,2,active,0
730.38,1063,5,5,0,1.0,upi,insufficient_funds,1,56.26,7,2,STANDARD,0,none,1
1483.54,445,9,6,3,0.6667,netbanking,bank_decline,2,15.7,10,5,STANDARD,2,none,1
2693.25,1581,6,4,2,0.6667,wallet,temporary_failure,3,5.96,8,0,PREMIUM,1,active,0
6032.09,1506,3,1,2,0.3333,card,bank_decline,3,43.19,12,6,STANDARD,0,none,0
1321.14,54,7,5,2,0.7143,upi,bank_timeout,3,39.33,21,5,STANDARD,2,none,1
896.26,1332,4,3,1,0.75,upi,bank_timeout,1,30.13,3,6,PREMIUM,1,active,1
3944.3,400,11,8,3,0.7273,upi,temporary_failure,3,58.72,17,6,STANDARD,1,none,1
1643.2,348,13,8,5,0.6154,card,temporary_failure,3,28.14,0,1,STANDARD,1,none,0
4498.84,398,11,8,3,0.7273,netbanking,insufficient_funds,2,29.44,14,5,STANDARD,0,none,1
2740.66,1229,7,4,3,0.5714,card,temporary_failure,2,63.4,15,5,STANDARD,2,none,1
5870.16,965,7,6,1,0.8571,upi,temporary_failure,1,31.99,21,0,STANDARD,0,none,0
1080.13,89,10,8,2,0.8,upi,invalid_account,1,33.55,19,4,PREMIUM,1,active,0
2244.8,975,5,3,2,0.6,upi,temporary_failure,1,88.08,16,3,STANDARD,1,none,1
2743.4,665,9,8,1,0.8889,upi,temporary_failure,2,10.79,7,0,PREMIUM,0,active,1
7767.56,1012,9,6,3,0.6667,card,insufficient_funds,3,64.33,4,4,STANDARD,0,none,0
2371.3,970,14,8,6,0.5714,wallet,network_error,2,39.82,8,4,STANDARD,1,none,0
3653.68,1221,9,7,2,0.7778,upi,bank_timeout,1,38.93,1,3,STANDARD,1,none,0
1519.33,1665,11,9,2,0.8182,upi,insufficient_funds,2,15.8,17,2,STANDARD,0,none,0
5589.43,281,7,4,3,0.5714,card,network_error,3,14.3,19,5,PREMIUM,0,active,0
6214.02,291,12,9,3,0.75,upi,temporary_failure,2,4.45,8,1,PREMIUM,3,active,1
3287.59,612,8,7,1,0.875,card,temporary_failure,3,35.21,15,6,STANDARD,1,none,1
2175.41,212,12,9,3,0.75,card,temporary_failure,1,55.25,0,6,STANDARD,0,none,1
2229.75,109,7,7,0,1.0,wallet,insufficient_funds,3,17.85,4,6,ENTERPRISE,1,active,1
2839.5,1212,11,6,5,0.5455,upi,temporary_failure,1,66.65,12,2,PREMIUM,3,active,0
5653.79,303,8,4,4,0.5,upi,bank_timeout,3,29.01,20,5,STANDARD,1,none,1
2760.9,1169,12,11,1,0.9167,upi,temporary_failure,1,21.11,20,2,PREMIUM,1,active,1
9515.73,48,9,8,1,0.8889,card,fraud_suspected,3,20.74,4,6,PREMIUM,0,active,1
3234.57,528,10,8,2,0.8,card,bank_decline,3,14.82,7,3,STANDARD,1,none,1
1455.44,797,9,8,1,0.8889,card,bank_decline,3,37.21,3,3,STANDARD,1,none,0
15288.66,1736,8,8,0,1.0,card,bank_decline,2,27.21,11,6,STANDARD,2,none,1
2091.37,1083,10,9,1,0.9,netbanking,fraud_suspected,3,49.96,21,0,PREMIUM,0,active,0
1746.89,555,5,5,0,1.0,netbanking,network_error,2,41.93,16,2,STANDARD,1,none,1
2660.09,701,12,10,2,0.8333,upi,invalid_account,2,7.47,20,0,PREMIUM,1,active,1
9616.19,1682,10,7,3,0.7,upi,bank_timeout,2,30.34,8,4,STANDARD,1,none,1
7803.81,568,6,6,0,1.0,upi,temporary_failure,3,11.7,19,0,STANDARD,1,none,1
5758.62,1200,6,6,0,1.0,upi,insufficient_funds,1,27.94,11,3,STANDARD,1,none,1
5185.67,91,7,6,1,0.8571,card,bank_decline,2,91.49,17,0,STANDARD,0,none,1
4841.8,165,9,8,1,0.8889,card,bank_decline,3,49.05,15,1,PREMIUM,0,active,0
4704.77,1571,5,5,0,1.0,upi,bank_timeout,3,47.37,14,5,PREMIUM,1,active,1
5273.63,1583,13,8,5,0.6154,upi,bank_timeout,1,17.55,19,6,ENTERPRISE,1,active,1
2708.99,1167,7,3,4,0.4286,card,insufficient_funds,1,58.88,8,2,STANDARD,2,none,0
1859.3,852,9,8,1,0.8889,upi,network_error,3,8.89,11,5,STANDARD,2,none,1
6804.55,1653,6,5,1,0.8333,card,bank_decline,1,52.67,1,6,STANDARD,1,none,1
1577.31,1024,7,5,2,0.7143,netbanking,bank_timeout,2,34.35,14,1,STANDARD,1,none,1
3681.55,1066,7,6,1,0.8571,upi,temporary_failure,2,23.09,5,6,ENTERPRISE,1,active,0
2113.66,1259,10,8,2,0.8,netbanking,temporary_failure,3,38.4,9,6,STANDARD,1,none,1
1893.33,1087,5,2,3,0.4,upi,temporary_failure,1,24.74,4,0,STANDARD,1,none,0
6126.64,398,11,7,4,0.6364,netbanking,insufficient_funds,2,53.16,9,5,PREMIUM,1,active,1
4589.24,523,11,8,3,0.7273,card,temporary_failure,3,60.31,17,5,STANDARD,1,none,0
9912.4,1172,7,6,1,0.8571,upi,bank_timeout,3,52.25,3,4,STANDARD,0,none,0
2694.85,1146,7,5,2,0.7143,netbanking,bank_timeout,3,82.64,1,4,STANDARD,2,none,0
5566.19,1123,14,11,3,0.7857,upi,temporary_failure,2,32.58,5,2,PREMIUM,2,active,1
1943.6,782,7,4,3,0.5714,upi,insufficient_funds,2,43.88,6,6,STANDARD,0,none,0
4651.54,1272,6,3,3,0.5,upi,bank_decline,1,73.72,5,1,PREMIUM,0,active,0
1427.98,1637,9,5,4,0.5556,card,insufficient_funds,3,28.32,0,3,PREMIUM,0,active,0
1935.69,497,14,12,2,0.8571,card,temporary_failure,1,19.21,16,6,STANDARD,0,none,1
5121.4,1581,4,3,1,0.75,upi,bank_timeout,1,34.84,0,0,PREMIUM,0,active,1
944.38,1423,8,6,2,0.75,netbanking,temporary_failure,2,63.07,9,4,STANDARD,1,none,1
9617.54,382,10,8,2,0.8,wallet,temporary_failure,2,44.46,17,4,ENTERPRISE,0,active,0
4147.58,1789,7,6,1,0.8571,upi,bank_decline,2,17.04,4,4,STANDARD,1,none,1
2525.72,1741,6,5,1,0.8333,upi,bank_decline,1,15.02,11,2,PREMIUM,0,active,1
4675.71,1790,5,4,1,0.8,netbanking,network_error,3,41.95,19,1,STANDARD,0,none,1
6254.92,1296,4,2,2,0.5,upi,network_error,1,25.92,14,0,STANDARD,1,none,1
18116.83,384,15,11,4,0.7333,card,network_error,3,49.45,10,6,STANDARD,2,none,1
1130.89,558,9,7,2,0.7778,card,insufficient_funds,3,37.2,18,5,STANDARD,0,none,0
2226.42,1500,10,8,2,0.8,upi,fraud_suspected,2,23.38,16,0,PREMIUM,1,active,0
9852.38,840,4,2,2,0.5,netbanking,insufficient_funds,1,9.21,6,1,STANDARD,1,none,1
3159.36,965,11,8,3,0.7273,netbanking,fraud_suspected,3,24.56,18,2,STANDARD,1,none,0
5135.4,1354,9,8,1,0.8889,netbanking,bank_timeout,2,15.9,7,1,PREMIUM,0,active,0
744.68,1513,6,5,1,0.8333,upi,temporary_failure,3,81.02,9,3,PREMIUM,3,active,1
5358.65,475,15,12,3,0.8,netbanking,insufficient_funds,2,16.93,5,2,STANDARD,1,none,1
3545.64,1070,7,6,1,0.8571,card,network_error,3,103.73,15,3,STANDARD,2,none,0
3919.51,103,11,9,2,0.8182,upi,bank_decline,1,92.53,7,2,STANDARD,3,none,0
4358.95,782,5,5,0,1.0,upi,network_error,1,109.54,0,4,ENTERPRISE,0,active,1
1517.59,538,6,5,1,0.8333,upi,insufficient_funds,1,119.75,0,0,STANDARD,0,none,0
1893.29,981,7,7,0,1.0,netbanking,bank_timeout,1,38.53,13,5,STANDARD,1,none,1
11101.08,143,12,9,3,0.75,upi,bank_decline,2,57.41,12,0,STANDARD,1,none,0
2913.94,1125,3,3,0,1.0,card,invalid_account,2,54.47,3,4,STANDARD,3,none,0
18629.12,1310,9,4,5,0.4444,netbanking,temporary_failure,2,47.88,22,4,PREMIUM,2,active,1
9391.04,1232,9,6,3,0.6667,netbanking,fraud_suspected,3,65.0,6,1,STANDARD,0,none,0
4074.68,417,6,5,1,0.8333,upi,insufficient_funds,1,41.78,15,5,STANDARD,0,none,0
3794.79,1051,4,4,0,1.0,upi,bank_decline,3,68.64,22,0,STANDARD,1,none,1
3346.95,1795,12,10,2,0.8333,netbanking,temporary_failure,2,29.6,4,3,STANDARD,0,none,1
2847.66,535,17,14,3,0.8235,upi,network_error,3,10.84,12,3,PREMIUM,1,active,1
2988.67,578,6,3,3,0.5,card,fraud_suspected,2,18.92,15,5,PREMIUM,0,active,0
24779.4,734,10,8,2,0.8,upi,bank_timeout,2,43.49,7,2,STANDARD,0,none,1
3456.69,35,17,15,2,0.8824,card,temporary_failure,3,80.19,11,6,PREMIUM,1,active,1
9557.57,1350,7,7,0,1.0,upi,network_error,1,88.6,21,1,STANDARD,3,none,0
2716.95,411,8,4,4,0.5,upi,fraud_suspected,2,20.01,19,1,STANDARD,1,none,0
999.18,1536,11,6,5,0.5455,card,temporary_failure,3,4.37,8,1,STANDARD,3,none,0
2107.0,1585,11,9,2,0.8182,card,insufficient_funds,3,18.55,12,3,STANDARD,0,none,1
3472.29,443,15,12,3,0.8,upi,insufficient_funds,3,32.92,3,6,STANDARD,1,none,0
3253.1,351,13,10,3,0.7692,card,bank_timeout,2,50.06,13,2,STANDARD,0,none,1
4754.52,1370,8,6,2,0.75,card,insufficient_funds,1,12.37,15,1,STANDARD,0,none,0
2947.94,574,15,13,2,0.8667,netbanking,insufficient_funds,2,15.4,11,2,ENTERPRISE,1,active,1
874.98,754,9,7,2,0.7778,upi,fraud_suspected,1,49.74,21,6,STANDARD,3,none,1
6236.84,679,3,3,0,1.0,upi,bank_decline,2,32.43,21,0,STANDARD,0,none,1
3172.67,1328,8,5,3,0.625,card,bank_decline,3,22.54,13,1,PREMIUM,1,active,1
2911.03,401,11,9,2,0.8182,upi,temporary_failure,1,36.4,7,1,STANDARD,0,none,1
4385.12,200,10,10,0,1.0,card,bank_timeout,3,33.97,15,5,PREMIUM,4,active,1
7172.79,1672,10,7,3,0.7,upi,insufficient_funds,1,30.21,15,0,PREMIUM,1,active,0
6388.61,1123,6,3,3,0.5,card,bank_timeout,3,98.47,7,6,STANDARD,2,none,0
4071.07,1101,9,7,2,0.7778,wallet,bank_timeout,3,11.6,0,6,PREMIUM,0,active,1
8907.93,1661,5,3,2,0.6,upi,fraud_suspected,3,62.08,4,6,STANDARD,1,none,0
6269.74,87,8,7,1,0.875,upi,insufficient_funds,2,32.12,5,3,STANDARD,2,none,0
1823.9,319,6,5,1,0.8333,wallet,bank_decline,3,92.36,10,2,PREMIUM,0,active,1
2405.81,1594,10,8,2,0.8,upi,insufficient_funds,1,31.7,18,1,STANDARD,2,none,1
3085.27,1527,7,5,2,0.7143,upi,insufficient_funds,2,95.59,6,0,PREMIUM,3,active,0
16674.14,179,7,6,1,0.8571,card,invalid_account,3,25.48,19,2,STANDARD,0,none,0
4140.12,758,6,5,1,0.8333,card,bank_decline,1,53.74,15,3,STANDARD,0,none,1
1504.33,30,8,6,2,0.75,netbanking,temporary_failure,2,29.0,14,4,STANDARD,3,none,1
8095.31,666,20,17,3,0.85,upi,insufficient_funds,2,36.31,4,1,STANDARD,0,none,0
2319.07,392,13,13,0,1.0,upi,insufficient_funds,3,7.06,4,6,PREMIUM,0,active,1
24532.84,720,8,6,2,0.75,upi,temporary_failure,3,22.73,17,5,STANDARD,1,none,1
5052.58,1673,5,5,0,1.0,upi,insufficient_funds,2,53.48,16,6,STANDARD,0,none,0
753.12,622,10,8,2,0.8,card,bank_decline,3,103.8,3,2,STANDARD,0,none,0
3134.38,1585,5,4,1,0.8,card,network_error,2,19.33,8,1,PREMIUM,2,active,1
3215.77,60,14,12,2,0.8571,card,network_error,3,34.29,17,5,STANDARD,0,none,1
2951.64,309,11,9,2,0.8182,wallet,invalid_account,3,87.01,13,5,STANDARD,2,none,1
7618.45,1392,8,4,4,0.5,upi,insufficient_funds,3,28.56,7,4,STANDARD,0,none,0
5721.15,1515,7,7,0,1.0,card,fraud_suspected,3,84.96,21,4,STANDARD,1,none,0
9853.7,1359,4,3,1,0.75,upi,invalid_account,3,75.07,10,1,STANDARD,1,none,0
5876.36,877,10,8,2,0.8,upi,temporary_failure,2,69.07,22,4,STANDARD,1,none,0
5323.18,1729,11,9,2,0.8182,upi,network_error,1,16.43,11,0,ENTERPRISE,2,active,1
1382.34,751,13,10,3,0.7692,netbanking,temporary_failure,1,71.15,4,2,STANDARD,1,none,1
4666.94,43,8,7,1,0.875,card,temporary_failure,2,8.57,18,1,PREMIUM,0,active,1
6120.17,18,9,9,0,1.0,netbanking,bank_decline,1,59.95,15,1,ENTERPRISE,1,active,1
5359.16,1609,7,7,0,1.0,upi,insufficient_funds,3,7.58,22,2,STANDARD,1,none,1
5635.12,54,7,6,1,0.8571,card,insufficient_funds,2,38.81,20,6,STANDARD,0,none,1
1045.38,193,7,5,2,0.7143,upi,bank_decline,3,24.03,16,4,PREMIUM,1,active,0
4762.76,995,7,2,5,0.2857,netbanking,temporary_failure,1,104.39,16,4,ENTERPRISE,1,active,0
2617.11,1768,10,8,2,0.8,upi,network_error,3,39.01,5,5,STANDARD,0,none,1
6022.71,949,13,10,3,0.7692,card,bank_timeout,2,66.01,6,5,STANDARD,1,none,1
8924.85,1730,8,5,3,0.625,netbanking,temporary_failure,1,50.07,3,5,STANDARD,3,none,1
7296.56,923,13,12,1,0.9231,upi,bank_decline,1,33.06,11,5,STANDARD,4,none,1
3123.79,1749,12,9,3,0.75,upi,bank_decline,3,85.41,20,2,ENTERPRISE,0,active,0
1929.67,454,9,7,2,0.7778,wallet,bank_decline,1,20.26,2,3,STANDARD,1,none,1
3808.67,691,8,6,2,0.75,card,temporary_failure,1,20.68,11,4,ENTERPRISE,0,active,1
3412.49,51,5,5,0,1.0,card,network_error,3,64.23,9,0,STANDARD,0,none,0
7797.64,1311,9,7,2,0.7778,card,network_error,2,36.09,4,4,STANDARD,2,none,1
8212.43,1033,11,7,4,0.6364,upi,invalid_account,2,32.26,22,0,PREMIUM,1,active,0
6725.57,833,7,4,3,0.5714,netbanking,insufficient_funds,2,56.28,2,4,STANDARD,1,none,0
2730.6,1597,6,5,1,0.8333,upi,temporary_failure,3,70.59,15,6,STANDARD,1,none,1
7960.12,623,2,2,0,1.0,wallet,temporary_failure,3,124.04,9,6,STANDARD,0,none,1
5328.0,1430,9,6,3,0.6667,card,network_error,3,15.75,0,6,STANDARD,0,none,1
1082.18,817,11,8,3,0.7273,upi,bank_decline,1,43.64,4,0,STANDARD,2,none,1
1592.51,635,5,3,2,0.6,netbanking,insufficient_funds,2,58.66,4,3,PREMIUM,1,active,0
1458.57,474,11,7,4,0.6364,netbanking,bank_decline,2,39.39,12,2,STANDARD,0,none,0
2302.83,732,7,5,2,0.7143,upi,insufficient_funds,3,37.56,7,5,STANDARD,0,none,0
7228.64,817,8,5,3,0.625,wallet,bank_timeout,1,5.57,19,0,PREMIUM,1,active,0
10843.8,1462,5,5,0,1.0,upi,insufficient_funds,3,93.72,22,4,STANDARD,0,none,1
3055.12,934,13,12,1,0.9231,upi,bank_decline,1,7.06,1,2,STANDARD,0,none,1
3553.49,599,13,9,4,0.6923,card,bank_decline,1,31.3,0,2,PREMIUM,1,active,0
2408.14,1767,14,10,4,0.7143,upi,insufficient_funds,1,25.28,22,6,STANDARD,2,none,1
4497.39,64,12,9,3,0.75,card,bank_decline,3,36.65,2,6,STANDARD,1,none,0
2275.24,1016,11,7,4,0.6364,card,temporary_failure,3,47.6,1,5,STANDARD,0,none,1
4805.67,1082,11,7,4,0.6364,upi,temporary_failure,2,15.38,2,5,STANDARD,1,none,1
10289.03,300,7,6,1,0.8571,upi,insufficient_funds,1,19.88,0,0,STANDARD,1,none,1
3229.43,1000,7,5,2,0.7143,netbanking,invalid_account,2,51.88,5,3,PREMIUM,1,active,0
2729.24,128,13,9,4,0.6923,card,network_error,2,42.44,2,4,STANDARD,0,none,0
3627.54,1572,14,12,2,0.8571,netbanking,network_error,3,59.23,0,4,PREMIUM,2,active,1
2800.99,989,16,13,3,0.8125,wallet,invalid_account,3,82.86,14,5,STANDARD,1,none,0
4848.77,740,8,7,1,0.875,upi,insufficient_funds,3,101.27,6,5,ENTERPRISE,0,active,1
7976.52,155,6,4,2,0.6667,upi,bank_decline,1,15.47,23,2,STANDARD,0,none,0
1523.39,1645,9,5,4,0.5556,upi,insufficient_funds,1,61.73,14,5,PREMIUM,0,active,1
1291.21,1236,3,3,0,1.0,card,fraud_suspected,2,45.53,10,0,PREMIUM,1,active,0
2171.72,268,7,5,2,0.7143,upi,insufficient_funds,1,66.85,8,2,STANDARD,1,none,1
5455.63,92,8,5,3,0.625,upi,temporary_failure,2,51.51,3,5,STANDARD,0,none,0
6056.07,487,17,13,4,0.7647,upi,temporary_failure,2,15.27,16,6,STANDARD,3,none,0
15497.98,1605,7,6,1,0.8571,upi,insufficient_funds,3,28.1,1,3,PREMIUM,4,active,0
6470.66,112,8,7,1,0.875,netbanking,bank_timeout,2,81.62,3,2,STANDARD,0,none,1
3409.84,1191,8,5,3,0.625,netbanking,temporary_failure,1,19.86,23,6,STANDARD,0,none,0
1530.75,207,6,6,0,1.0,card,network_error,2,108.43,10,0,PREMIUM,0,active,1
3907.35,1048,6,6,0,1.0,upi,fraud_suspected,1,10.58,2,5,STANDARD,1,none,0
4424.16,452,5,4,1,0.8,card,network_error,3,20.31,0,5,PREMIUM,3,active,1
3404.73,1726,8,6,2,0.75,upi,bank_decline,3,32.52,18,1,PREMIUM,2,active,0
3100.69,837,8,5,3,0.625,upi,network_error,1,25.7,0,5,STANDARD,0,none,1
5103.82,345,14,10,4,0.7143,upi,temporary_failure,3,32.43,4,6,STANDARD,1,none,1
4351.93,132,7,5,2,0.7143,card,network_error,2,60.04,14,4,STANDARD,1,none,0
13604.53,1669,6,4,2,0.6667,upi,network_error,1,27.67,6,1,STANDARD,0,none,1
2473.83,1762,15,14,1,0.9333,upi,invalid_account,1,75.1,2,2,STANDARD,2,none,0
5419.19,98,9,6,3,0.6667,wallet,temporary_failure,1,8.83,23,3,PREMIUM,1,active,1
2907.05,68,9,4,5,0.4444,card,network_error,3,11.75,9,6,STANDARD,0,none,0
2885.4,104,9,7,2,0.7778,upi,insufficient_funds,2,13.63,16,5,PREMIUM,2,active,1
4018.8,649,8,8,0,1.0,card,temporary_failure,1,21.5,13,2,PREMIUM,0,active,1
11434.05,495,7,4,3,0.5714,card,bank_timeout,3,26.45,8,1,PREMIUM,2,active,1
7939.4,230,11,8,3,0.7273,netbanking,temporary_failure,2,11.71,15,5,PREMIUM,2,active,1
1511.95,1593,9,9,0,1.0,upi,insufficient_funds,3,26.55,2,1,STANDARD,0,none,1
4687.22,169,11,7,4,0.6364,upi,network_error,3,25.07,5,1,STANDARD,1,none,0
934.36,360,3,3,0,1.0,card,insufficient_funds,3,19.46,14,1,STANDARD,0,none,1
2830.54,281,6,4,2,0.6667,card,temporary_failure,2,42.48,8,2,STANDARD,0,none,1
8959.79,873,13,9,4,0.6923,card,bank_decline,1,40.46,18,6,STANDARD,0,none,1
2557.71,1353,13,8,5,0.6154,upi,insufficient_funds,2,8.65,9,6,PREMIUM,0,active,0
2439.95,1391,10,8,2,0.8,upi,temporary_failure,1,14.98,15,4,STANDARD,1,none,1
17952.95,1720,8,5,3,0.625,card,bank_timeout,1,51.0,14,3,PREMIUM,2,active,0
5528.05,1009,7,5,2,0.7143,card,invalid_account,2,26.24,15,6,PREMIUM,1,active,0
9256.08,438,10,8,2,0.8,card,bank_timeout,2,14.25,18,1,STANDARD,2,none,1
10706.71,1235,9,7,2,0.7778,upi,bank_decline,3,35.67,2,1,STANDARD,0,none,0
3626.18,1440,6,6,0,1.0,wallet,network_error,2,22.78,21,4,STANDARD,0,none,1
8396.43,604,7,6,1,0.8571,upi,temporary_failure,2,37.7,23,0,STANDARD,0,none,1
3658.78,1204,8,4,4,0.5,upi,bank_decline,2,24.7,13,1,PREMIUM,0,active,0
3470.96,1313,2,2,0,1.0,upi,temporary_failure,3,99.2,13,2,STANDARD,2,none,1
5357.36,214,9,6,3,0.6667,card,invalid_account,2,59.44,11,5,ENTERPRISE,0,active,1
8408.87,1665,6,5,1,0.8333,netbanking,invalid_account,3,27.3,7,4,STANDARD,1,none,1
3429.21,1500,7,6,1,0.8571,upi,bank_decline,2,9.58,14,5,STANDARD,2,none,0
6741.2,747,10,8,2,0.8,netbanking,temporary_failure,1,31.43,16,2,STANDARD,2,none,1
1843.1,1347,11,8,3,0.7273,netbanking,bank_decline,2,16.37,1,1,STANDARD,0,none,0
5344.71,646,7,7,0,1.0,upi,invalid_account,2,12.89,18,2,STANDARD,0,none,1
862.58,1529,12,7,5,0.5833,upi,temporary_failure,2,31.27,18,2,STANDARD,0,none,0
4521.36,1042,14,10,4,0.7143,card,invalid_account,3,57.06,19,2,PREMIUM,1,active,0
1175.96,613,9,7,2,0.7778,netbanking,invalid_account,1,14.34,5,5,STANDARD,2,none,0
8831.94,431,8,6,2,0.75,card,temporary_failure,3,63.9,23,1,STANDARD,0,none,0
3346.67,1171,9,6,3,0.6667,netbanking,insufficient_funds,1,64.79,7,2,PREMIUM,0,active,0
3435.79,778,8,6,2,0.75,wallet,bank_decline,3,60.29,0,5,STANDARD,1,none,1
4589.57,564,6,5,1,0.8333,card,temporary_failure,1,67.85,11,3,ENTERPRISE,0,active,1
2749.35,947,15,12,3,0.8,card,network_error,3,25.32,9,0,PREMIUM,2,active,0
2712.33,1152,7,6,1,0.8571,upi,fraud_suspected,2,22.78,4,0,STANDARD,0,none,0
3377.89,1573,6,6,0,1.0,card,temporary_failure,1,76.8,10,2,PREMIUM,2,active,1
1668.51,64,5,4,1,0.8,upi,temporary_failure,3,50.95,22,1,STANDARD,1,none,1
940.04,913,10,8,2,0.8,upi,fraud_suspected,2,10.7,1,3,STANDARD,1,none,0
2504.88,1546,6,5,1,0.8333,upi,network_error,1,6.61,14,6,STANDARD,1,none,1
2459.22,749,8,7,1,0.875,card,insufficient_funds,3,23.49,11,4,STANDARD,3,none,1
860.74,573,10,8,2,0.8,upi,bank_decline,2,28.86,22,0,STANDARD,0,none,1
5170.65,353,12,9,3,0.75,upi,temporary_failure,2,34.76,17,0,STANDARD,1,none,1
3057.8,774,13,10,3,0.7692,card,insufficient_funds,1,71.17,22,0,STANDARD,2,none,0
6722.81,81,9,8,1,0.8889,card,temporary_failure,1,18.36,10,5,PREMIUM,1,active,1
3826.7,793,10,7,3,0.7,card,invalid_account,3,26.82,16,1,STANDARD,1,none,0
2968.48,1155,9,6,3,0.6667,upi,temporary_failure,1,33.02,13,1,STANDARD,0,none,1
3936.67,150,7,5,2,0.7143,upi,bank_decline,2,33.84,17,3,STANDARD,2,none,1
1027.51,64,9,5,4,0.5556,card,temporary_failure,1,23.58,15,3,STANDARD,1,none,0
2632.67,645,10,6,4,0.6,card,bank_timeout,1,69.0,10,0,STANDARD,0,none,1
7255.97,1226,11,8,3,0.7273,netbanking,invalid_account,3,44.15,6,6,STANDARD,1,none,0
22915.48,382,8,7,1,0.875,upi,invalid_account,3,11.5,22,4,STANDARD,2,none,0
2009.33,1217,6,6,0,1.0,upi,bank_decline,1,18.6,14,3,PREMIUM,0,active,1
6220.75,272,4,4,0,1.0,upi,invalid_account,3,8.79,15,6,STANDARD,1,none,0
2771.9,347,8,7,1,0.875,upi,bank_timeout,3,44.56,23,6,STANDARD,1,none,0
6240.92,1029,11,10,1,0.9091,card,bank_decline,1,49.2,18,0,ENTERPRISE,1,active,1
4681.24,1096,8,8,0,1.0,upi,network_error,1,58.01,19,5,ENTERPRISE,1,active,1
1210.67,1389,7,5,2,0.7143,netbanking,invalid_account,1,7.25,5,4,PREMIUM,3,active,0
4004.17,1618,11,8,3,0.7273,upi,temporary_failure,1,14.2,5,3,STANDARD,1,none,1
4491.09,924,8,6,2,0.75,card,insufficient_funds,2,33.24,13,0,STANDARD,2,none,0
3550.43,741,11,9,2,0.8182,card,network_error,2,48.34,9,4,PREMIUM,2,active,1
1042.75,1639,6,5,1,0.8333,netbanking,network_error,2,1.92,15,2,PREMIUM,1,active,1
3739.68,1557,6,3,3,0.5,upi,bank_decline,3,32.8,8,6,STANDARD,1,none,1
3162.75,1327,11,7,4,0.6364,card,temporary_failure,2,63.39,3,0,STANDARD,0,none,1
3684.42,470,10,9,1,0.9,upi,bank_timeout,3,34.23,16,0,STANDARD,5,none,1
6287.89,267,7,6,1,0.8571,card,temporary_failure,3,36.38,12,1,STANDARD,1,none,1
2265.66,1553,4,2,2,0.5,card,fraud_suspected,2,17.0,0,2,PREMIUM,1,active,0
4361.44,848,11,9,2,0.8182,card,insufficient_funds,3,32.98,20,4,STANDARD,1,none,0
4171.79,1775,9,5,4,0.5556,card,temporary_failure,1,40.83,12,4,PREMIUM,1,active,0
1509.03,1322,9,7,2,0.7778,upi,invalid_account,2,45.78,8,4,PREMIUM,0,active,0
859.99,591,8,6,2,0.75,netbanking,bank_timeout,3,119.05,1,0,STANDARD,0,none,0
3516.31,1747,8,8,0,1.0,upi,bank_decline,3,22.23,17,5,STANDARD,1,none,1
3188.09,11,10,9,1,0.9,card,network_error,3,59.92,22,6,PREMIUM,1,active,1
2395.72,1050,15,10,5,0.6667,card,insufficient_funds,2,60.16,10,4,STANDARD,1,none,0
4839.9,1657,5,2,3,0.4,card,invalid_account,2,50.94,9,3,STANDARD,0,none,0
4990.15,1653,7,6,1,0.8571,card,network_error,2,26.68,20,3,STANDARD,0,none,0
2315.26,1718,10,7,3,0.7,upi,temporary_failure,1,45.62,18,4,PREMIUM,1,active,1
10565.86,1452,5,5,0,1.0,card,bank_decline,3,18.17,19,1,PREMIUM,3,active,1
2178.59,1452,10,7,3,0.7,wallet,insufficient_funds,1,28.3,17,4,PREMIUM,2,active,1
16541.02,1785,15,9,6,0.6,netbanking,insufficient_funds,3,77.44,16,3,PREMIUM,0,active,0
6915.43,538,9,7,2,0.7778,card,insufficient_funds,1,78.97,14,3,STANDARD,0,none,0
3915.18,1072,13,8,5,0.6154,upi,insufficient_funds,3,59.19,5,2,PREMIUM,1,active,0
1170.42,1742,15,9,6,0.6,upi,bank_decline,2,22.65,9,5,ENTERPRISE,1,active,0
1364.02,214,5,5,0,1.0,netbanking,bank_timeout,3,45.25,16,2,STANDARD,2,none,0
4666.38,1663,11,10,1,0.9091,upi,insufficient_funds,1,35.69,5,5,STANDARD,0,none,1
3150.34,419,13,10,3,0.7692,upi,network_error,3,53.52,21,0,PREMIUM,0,active,1
2098.9,1796,9,7,2,0.7778,upi,bank_decline,2,3.39,12,6,PREMIUM,2,active,0
5789.04,1504,15,12,3,0.8,card,insufficient_funds,3,52.39,19,6,STANDARD,1,none,0
3720.4,376,6,6,0,1.0,upi,bank_decline,2,64.76,5,0,PREMIUM,0,active,1
1604.11,316,5,3,2,0.6,upi,temporary_failure,1,48.61,22,4,STANDARD,2,none,0
2796.1,612,6,5,1,0.8333,upi,network_error,2,42.52,22,3,STANDARD,1,none,0
3156.26,350,11,10,1,0.9091,card,bank_decline,1,60.21,15,0,STANDARD,0,none,0
6164.12,1219,7,6,1,0.8571,card,network_error,3,43.93,13,1,STANDARD,1,none,0
3797.36,1397,6,4,2,0.6667,card,temporary_failure,3,23.42,2,2,STANDARD,2,none,1
3920.89,611,6,5,1,0.8333,upi,invalid_account,3,111.9,12,2,STANDARD,1,none,0
9456.33,478,6,6,0,1.0,netbanking,bank_decline,1,16.05,0,4,PREMIUM,4,active,1
976.2,1083,8,7,1,0.875,netbanking,bank_timeout,1,17.3,8,0,STANDARD,1,none,1
16026.33,1517,13,12,1,0.9231,upi,insufficient_funds,3,43.94,22,5,STANDARD,2,none,1
1128.83,165,2,1,1,0.5,upi,bank_decline,3,75.37,10,5,PREMIUM,0,active,1
1219.16,892,8,6,2,0.75,upi,network_error,1,75.55,23,5,STANDARD,1,none,1
3023.01,245,6,6,0,1.0,card,temporary_failure,1,35.38,4,0,STANDARD,0,none,1
2135.99,1122,8,8,0,1.0,netbanking,insufficient_funds,1,45.23,6,3,STANDARD,2,none,1
17567.65,1684,9,6,3,0.6667,card,network_error,2,11.9,16,2,STANDARD,1,none,0
1746.12,611,10,6,4,0.6,upi,network_error,1,20.52,22,2,STANDARD,1,none,0
2067.53,825,11,7,4,0.6364,upi,invalid_account,3,41.01,5,6,STANDARD,0,none,1
3522.6,412,9,6,3,0.6667,netbanking,temporary_failure,2,41.52,8,6,ENTERPRISE,1,active,1
13805.45,15,9,7,2,0.7778,upi,insufficient_funds,3,40.16,12,6,STANDARD,2,none,0
9519.87,583,13,11,2,0.8462,wallet,bank_timeout,3,60.68,23,3,STANDARD,1,none,0
4528.23,317,9,7,2,0.7778,upi,insufficient_funds,1,37.42,19,6,STANDARD,2,none,1
1368.15,1468,12,8,4,0.6667,upi,temporary_failure,2,69.31,11,1,STANDARD,4,none,1
900.1,1256,10,6,4,0.6,upi,insufficient_funds,2,4.87,13,1,STANDARD,0,none,1
1709.58,1783,9,8,1,0.8889,card,bank_decline,1,11.76,10,5,STANDARD,0,none,1
753.5,892,4,2,2,0.5,netbanking,bank_timeout,3,45.5,0,0,STANDARD,1,none,1
1377.51,1615,13,12,1,0.9231,upi,network_error,2,13.35,23,3,STANDARD,0,none,1
784.03,272,3,3,0,1.0,card,insufficient_funds,1,64.56,14,2,STANDARD,1,none,1
5131.23,1628,9,8,1,0.8889,upi,fraud_suspected,2,13.9,9,1,PREMIUM,2,active,0
1350.44,1466,10,8,2,0.8,netbanking,fraud_suspected,3,43.61,15,1,STANDARD,0,none,0
8529.22,1152,7,3,4,0.4286,card,temporary_failure,2,20.79,7,5,STANDARD,0,none,1
4237.57,501,5,4,1,0.8,upi,temporary_failure,2,67.87,22,5,STANDARD,1,none,1
3674.55,1397,6,3,3,0.5,upi,insufficient_funds,3,40.6,17,4,STANDARD,1,none,0
6554.18,847,18,12,6,0.6667,wallet,network_error,1,85.12,2,4,STANDARD,1,none,1
2684.97,1604,9,4,5,0.4444,netbanking,bank_decline,3,49.47,8,0,STANDARD,5,none,0
4062.56,448,3,3,0,1.0,upi,bank_decline,2,9.3,10,2,PREMIUM,0,active,1
1788.93,1257,9,7,2,0.7778,upi,network_error,1,42.05,7,5,STANDARD,1,none,1
8605.71,916,4,3,1,0.75,netbanking,fraud_suspected,1,28.27,14,1,STANDARD,1,none,0
11393.84,1157,6,5,1,0.8333,upi,network_error,2,26.88,14,4,PREMIUM,0,active,1
2610.45,886,4,1,3,0.25,netbanking,temporary_failure,1,28.6,8,5,STANDARD,2,none,0
10928.02,799,9,8,1,0.8889,wallet,bank_timeout,3,87.99,22,2,PREMIUM,2,active,0
3637.05,135,7,5,2,0.7143,card,bank_decline,1,81.61,8,1,PREMIUM,0,active,0
6790.4,1287,9,7,2,0.7778,card,invalid_account,3,4.31,14,0,STANDARD,4,none,0
3577.13,426,11,10,1,0.9091,upi,bank_decline,3,9.2,13,6,STANDARD,2,none,1
3166.33,1161,12,11,1,0.9167,card,invalid_account,2,49.08,21,2,STANDARD,1,none,0
2533.4,561,14,9,5,0.6429,card,network_error,3,26.27,3,6,STANDARD,1,none,1
5997.99,721,9,8,1,0.8889,card,bank_decline,1,60.54,16,5,PREMIUM,1,active,1
1403.57,1326,9,7,2,0.7778,card,bank_decline,3,7.57,5,1,STANDARD,1,none,0
4534.21,1047,7,5,2,0.7143,upi,bank_decline,2,17.35,8,2,PREMIUM,0,active,1
8706.45,461,8,6,2,0.75,upi,invalid_account,2,39.33,14,5,STANDARD,0,none,0
1630.1,1131,7,5,2,0.7143,upi,network_error,3,1.5,23,3,STANDARD,1,none,0
7214.45,73,4,4,0,1.0,upi,bank_timeout,1,39.05,0,4,STANDARD,1,none,1
9674.25,1155,9,8,1,0.8889,netbanking,network_error,1,40.78,22,1,STANDARD,1,none,1
1897.89,1020,10,8,2,0.8,upi,insufficient_funds,1,33.66,8,1,STANDARD,0,none,1
3019.82,1728,8,8,0,1.0,upi,temporary_failure,1,15.12,2,0,ENTERPRISE,2,active,1
2076.53,877,12,9,3,0.75,card,temporary_failure,1,50.92,21,3,STANDARD,1,none,0
4253.87,1149,10,9,1,0.9,card,temporary_failure,3,15.39,14,0,STANDARD,1,none,1
1527.62,570,13,10,3,0.7692,netbanking,network_error,1,25.1,0,6,STANDARD,2,none,1
7657.32,1779,8,6,2,0.75,upi,temporary_failure,2,45.63,1,2,PREMIUM,0,active,1
2231.89,543,10,8,2,0.8,upi,invalid_account,3,25.28,21,2,PREMIUM,0,active,0
1552.2,1606,12,7,5,0.5833,upi,invalid_account,1,32.69,15,4,STANDARD,2,none,0
5483.62,1201,9,7,2,0.7778,upi,insufficient_funds,3,44.19,16,6,PREMIUM,1,active,1
1616.03,1264,6,4,2,0.6667,upi,network_error,1,53.34,13,0,STANDARD,3,none,1
3650.94,915,10,8,2,0.8,wallet,network_error,3,15.16,2,3,STANDARD,0,none,1
9377.67,1308,9,7,2,0.7778,upi,bank_timeout,2,24.81,20,4,PREMIUM,2,active,1
7687.07,691,11,9,2,0.8182,card,invalid_account,3,19.12,17,0,STANDARD,0,none,0
8783.18,1686,6,3,3,0.5,upi,insufficient_funds,3,21.07,22,1,ENTERPRISE,2,active,0
3017.06,1513,9,7,2,0.7778,wallet,invalid_account,3,44.43,10,5,STANDARD,0,none,0
3611.32,1332,7,4,3,0.5714,upi,insufficient_funds,3,12.25,19,1,STANDARD,0,none,0
5551.82,405,9,6,3,0.6667,upi,network_error,1,30.44,5,6,PREMIUM,0,active,0
2970.45,808,11,8,3,0.7273,upi,temporary_failure,1,34.95,14,6,STANDARD,1,none,1
6052.38,988,5,0,5,0.0,netbanking,insufficient_funds,2,26.21,21,2,STANDARD,1,none,0
1262.35,1260,10,9,1,0.9,card,insufficient_funds,2,36.25,13,2,STANDARD,0,none,0
3598.79,1539,9,6,3,0.6667,wallet,network_error,3,10.03,23,2,STANDARD,1,none,1
9912.28,727,7,6,1,0.8571,upi,network_error,2,24.86,12,1,STANDARD,2,none,1
2868.3,95,7,6,1,0.8571,upi,invalid_account,3,48.45,18,1,STANDARD,0,none,1
3882.86,1351,6,5,1,0.8333,upi,insufficient_funds,2,52.89,15,0,STANDARD,1,none,0
23310.9,185,11,8,3,0.7273,netbanking,fraud_suspected,1,8.63,23,4,STANDARD,1,none,1
2278.49,1287,12,11,1,0.9167,card,insufficient_funds,1,50.12,13,0,STANDARD,0,none,1
3480.81,552,15,11,4,0.7333,upi,insufficient_funds,3,29.6,13,4,PREMIUM,0,active,1
837.53,8,8,7,1,0.875,netbanking,insufficient_funds,2,69.55,22,1,PREMIUM,1,active,1
5276.51,1331,11,7,4,0.6364,netbanking,bank_decline,1,6.54,7,3,PREMIUM,0,active,0
6490.44,1573,6,3,3,0.5,wallet,fraud_suspected,2,20.26,13,4,STANDARD,0,none,0
6170.17,381,10,10,0,1.0,upi,temporary_failure,2,35.29,7,2,PREMIUM,0,active,1
15404.28,1390,13,10,3,0.7692,card,temporary_failure,3,67.76,20,3,STANDARD,1,none,1
6010.36,909,11,10,1,0.9091,upi,bank_timeout,2,17.42,7,0,STANDARD,0,none,1
3616.6,1100,5,5,0,1.0,upi,insufficient_funds,3,41.49,15,0,STANDARD,5,none,1
7033.96,442,8,8,0,1.0,card,temporary_failure,2,49.47,14,1,STANDARD,1,none,1
2590.44,166,7,4,3,0.5714,upi,invalid_account,2,22.55,2,1,STANDARD,0,none,0
6310.55,1590,7,6,1,0.8571,upi,insufficient_funds,2,27.1,17,1,PREMIUM,0,active,0
39946.73,1272,6,4,2,0.6667,card,insufficient_funds,2,58.11,23,6,STANDARD,0,none,1
20370.04,1269,10,8,2,0.8,card,bank_decline,3,36.24,6,4,PREMIUM,1,active,0
14439.46,445,9,6,3,0.6667,card,network_error,3,16.18,20,4,ENTERPRISE,2,active,0
5260.6,792,8,7,1,0.875,upi,bank_decline,1,21.32,10,1,PREMIUM,2,active,1
1878.92,288,4,3,1,0.75,netbanking,network_error,3,23.08,10,2,STANDARD,3,none,0
2852.51,1788,11,11,0,1.0,card,network_error,2,50.24,22,0,PREMIUM,3,active,1
25024.61,1342,10,8,2,0.8,upi,invalid_account,3,58.23,14,0,STANDARD,0,none,0
3244.55,1786,7,5,2,0.7143,upi,temporary_failure,2,107.03,19,5,STANDARD,3,none,1
10389.82,1084,9,7,2,0.7778,wallet,bank_decline,1,18.1,21,0,STANDARD,2,none,0
1876.94,1200,8,5,3,0.625,netbanking,insufficient_funds,2,32.03,7,0,STANDARD,0,none,0
5460.14,1645,10,8,2,0.8,upi,temporary_failure,3,16.21,2,2,STANDARD,0,none,1
6420.1,649,11,6,5,0.5455,netbanking,temporary_failure,2,12.36,6,0,STANDARD,1,none,1
2274.57,36,11,8,3,0.7273,upi,network_error,1,19.14,21,5,STANDARD,1,none,1
1383.38,1000,15,14,1,0.9333,card,insufficient_funds,3,76.12,18,4,PREMIUM,3,active,1
2240.16,669,9,8,1,0.8889,netbanking,insufficient_funds,2,98.35,14,4,ENTERPRISE,1,active,0
8215.13,1776,4,4,0,1.0,netbanking,fraud_suspected,2,5.39,21,3,PREMIUM,0,active,0
12322.91,116,12,8,4,0.6667,upi,fraud_suspected,1,36.75,20,4,ENTERPRISE,0,active,0
2288.08,1755,10,6,4,0.6,upi,network_error,1,14.63,10,6,STANDARD,2,none,0
2062.67,1269,17,13,4,0.7647,card,bank_timeout,1,11.37,12,3,PREMIUM,1,active,1
1688.21,1316,10,9,1,0.9,netbanking,temporary_failure,1,6.29,1,6,STANDARD,0,none,1
10241.09,1181,12,10,2,0.8333,netbanking,insufficient_funds,2,16.7,23,3,STANDARD,1,none,0
2416.55,1126,12,7,5,0.5833,wallet,temporary_failure,3,20.04,4,0,PREMIUM,1,active,0
1122.03,1465,10,8,2,0.8,upi,bank_timeout,2,70.34,13,6,STANDARD,0,none,1
3131.3,16,10,8,2,0.8,upi,network_error,1,20.96,18,6,STANDARD,0,none,1
2110.66,501,8,7,1,0.875,wallet,insufficient_funds,2,89.99,20,4,STANDARD,0,none,1
11884.96,191,10,7,3,0.7,upi,network_error,2,3.39,15,1,ENTERPRISE,0,active,1
7441.13,515,9,6,3,0.6667,card,bank_timeout,1,76.79,3,1,STANDARD,2,none,0
4757.71,1009,11,8,3,0.7273,upi,insufficient_funds,3,33.88,8,5,STANDARD,1,none,0
12366.53,997,6,4,2,0.6667,upi,bank_timeout,3,116.3,2,3,ENTERPRISE,0,active,0
4533.06,1763,7,6,1,0.8571,wallet,bank_timeout,1,50.2,1,4,STANDARD,5,none,1
2999.19,684,7,5,2,0.7143,netbanking,network_error,2,1.12,10,3,ENTERPRISE,0,active,0
1944.14,1280,7,7,0,1.0,netbanking,network_error,3,18.12,0,0,STANDARD,1,none,1
2867.18,620,10,6,4,0.6,card,network_error,2,24.45,17,4,STANDARD,0,none,0
1124.73,1727,9,7,2,0.7778,upi,insufficient_funds,2,42.39,4,1,STANDARD,2,none,0
11476.36,336,11,9,2,0.8182,wallet,bank_timeout,2,86.8,0,3,STANDARD,2,none,0
2243.55,312,6,4,2,0.6667,upi,insufficient_funds,3,32.99,9,1,STANDARD,1,none,0
1093.28,1361,11,7,4,0.6364,netbanking,bank_decline,2,16.1,15,1,STANDARD,0,none,1
9010.45,1125,9,8,1,0.8889,upi,network_error,3,56.26,23,1,STANDARD,0,none,1
3493.02,1336,8,4,4,0.5,wallet,temporary_failure,1,28.56,22,5,STANDARD,2,none,0
823.87,1736,8,6,2,0.75,upi,bank_decline,3,30.55,19,1,PREMIUM,1,active,1
1207.28,315,8,6,2,0.75,upi,network_error,3,13.85,17,2,STANDARD,0,none,0
1383.76,102,8,6,2,0.75,upi,bank_timeout,3,10.05,17,4,STANDARD,2,none,1
1029.1,1220,12,8,4,0.6667,upi,temporary_failure,1,37.42,2,5,STANDARD,1,none,1
2793.53,1018,9,8,1,0.8889,netbanking,temporary_failure,1,53.56,17,3,PREMIUM,1,active,1
7644.44,190,6,4,2,0.6667,card,temporary_failure,3,35.01,0,3,PREMIUM,0,active,0
4372.46,195,13,12,1,0.9231,upi,network_error,1,42.82,4,2,STANDARD,2,none,1
842.33,1416,8,8,0,1.0,upi,bank_decline,2,71.07,22,3,STANDARD,0,none,1
2250.51,399,5,3,2,0.6,upi,temporary_failure,1,45.63,2,3,PREMIUM,3,active,1
5275.29,1727,13,10,3,0.7692,wallet,bank_timeout,3,50.22,10,3,PREMIUM,1,active,0
3203.21,747,7,5,2,0.7143,card,insufficient_funds,2,121.15,7,1,STANDARD,0,none,0
5391.02,1604,7,7,0,1.0,netbanking,bank_decline,2,27.05,20,1,STANDARD,1,none,1
4196.79,1774,11,7,4,0.6364,upi,network_error,3,37.09,4,5,PREMIUM,0,active,0
1565.1,1105,6,5,1,0.8333,wallet,temporary_failure,1,34.53,22,1,STANDARD,1,none,1
1361.75,634,9,7,2,0.7778,upi,fraud_suspected,1,35.32,23,2,STANDARD,1,none,0
3302.81,525,8,7,1,0.875,upi,bank_decline,2,45.8,8,6,STANDARD,1,none,1
2179.83,1776,5,4,1,0.8,card,bank_timeout,1,106.39,17,0,PREMIUM,2,active,1
4434.06,1564,5,4,1,0.8,upi,insufficient_funds,2,47.79,7,4,STANDARD,1,none,1
9103.88,1655,6,5,1,0.8333,card,bank_decline,1,24.59,8,1,STANDARD,2,none,1
9235.81,1367,6,5,1,0.8333,wallet,network_error,2,35.41,6,1,PREMIUM,2,active,1
1338.74,819,11,6,5,0.5455,card,network_error,3,16.58,11,1,STANDARD,1,none,0
2518.14,9,9,9,0,1.0,card,temporary_failure,2,43.91,18,2,ENTERPRISE,0,active,1
1556.6,167,12,8,4,0.6667,upi,network_error,2,18.58,0,2,PREMIUM,2,active,0
6354.36,1638,6,4,2,0.6667,card,bank_decline,3,81.12,22,5,STANDARD,3,none,0
5021.51,246,2,2,0,1.0,upi,invalid_account,1,44.1,20,0,STANDARD,1,none,0
11596.36,1060,11,6,5,0.5455,upi,network_error,3,25.77,16,3,PREMIUM,1,active,0
2454.6,366,9,5,4,0.5556,card,fraud_suspected,2,26.7,9,6,STANDARD,0,none,0
2743.73,585,7,7,0,1.0,upi,fraud_suspected,2,6.43,20,0,PREMIUM,0,active,1
2678.27,1183,9,7,2,0.7778,card,network_error,1,38.43,20,3,PREMIUM,0,active,0
5648.54,1163,2,1,1,0.5,card,temporary_failure,2,14.15,7,3,STANDARD,0,none,1
5296.19,918,15,13,2,0.8667,card,bank_decline,3,23.35,5,0,PREMIUM,0,active,0
1461.69,1549,9,7,2,0.7778,upi,temporary_failure,2,21.44,1,4,PREMIUM,0,active,0
888.2,1371,10,10,0,1.0,netbanking,temporary_failure,3,92.67,17,1,PREMIUM,0,active,0
3181.64,181,7,5,2,0.7143,upi,insufficient_funds,2,50.72,2,4,STANDARD,1,none,0
1452.52,1012,10,8,2,0.8,netbanking,invalid_account,1,29.71,18,4,STANDARD,0,none,0
2740.77,1049,7,3,4,0.4286,card,temporary_failure,1,76.44,18,1,STANDARD,1,none,1
5218.21,1145,10,7,3,0.7,card,bank_decline,1,38.02,14,4,STANDARD,1,none,0
1376.55,598,8,6,2,0.75,upi,bank_decline,3,33.69,16,1,STANDARD,0,none,1
1584.83,994,13,8,5,0.6154,card,network_error,2,3.25,15,3,STANDARD,1,none,1
3334.98,1728,7,7,0,1.0,upi,temporary_failure,3,5.86,9,4,STANDARD,0,none,1
28670.39,548,11,8,3,0.7273,netbanking,fraud_suspected,2,19.88,4,5,PREMIUM,1,active,0
2312.25,280,10,9,1,0.9,card,temporary_failure,1,49.77,0,4,PREMIUM,1,active,1
6083.96,749,9,5,4,0.5556,upi,network_error,1,96.02,7,3,STANDARD,2,none,0
1197.93,1558,3,2,1,0.6667,card,network_error,2,118.83,8,3,ENTERPRISE,0,active,1
12310.2,509,4,3,1,0.75,wallet,network_error,1,75.16,5,3,PREMIUM,1,active,1
3225.24,1081,9,7,2,0.7778,card,bank_timeout,1,39.57,19,5,STANDARD,1,none,0
3977.62,626,12,11,1,0.9167,netbanking,network_error,3,49.91,17,2,STANDARD,0,none,0
2149.69,1106,9,9,0,1.0,upi,temporary_failure,3,108.21,6,6,STANDARD,1,none,1
2771.16,1087,9,8,1,0.8889,card,invalid_account,2,35.37,19,6,STANDARD,0,none,0
14781.38,9,12,9,3,0.75,upi,bank_timeout,2,30.77,20,4,STANDARD,2,none,1
2062.53,177,13,9,4,0.6923,netbanking,bank_timeout,1,30.38,11,3,ENTERPRISE,3,active,1
2798.78,1341,14,10,4,0.7143,upi,network_error,1,19.07,17,2,PREMIUM,1,active,1
4251.77,438,14,13,1,0.9286,card,temporary_failure,3,49.71,2,3,STANDARD,2,none,1
3880.49,212,11,8,3,0.7273,netbanking,bank_timeout,3,23.48,7,4,STANDARD,1,none,1
3202.05,896,9,7,2,0.7778,wallet,insufficient_funds,2,27.88,21,6,PREMIUM,1,active,0
3449.03,310,11,10,1,0.9091,upi,temporary_failure,1,21.5,22,4,STANDARD,1,none,1
9542.02,702,8,5,3,0.625,upi,fraud_suspected,3,7.44,13,5,STANDARD,0,none,0
6666.13,1439,9,7,2,0.7778,card,fraud_suspected,3,81.5,10,4,STANDARD,0,none,0
2579.23,970,4,1,3,0.25,wallet,bank_decline,1,30.18,18,0,STANDARD,1,none,0
4364.45,1558,7,7,0,1.0,upi,insufficient_funds,1,37.48,16,5,STANDARD,1,none,0
7176.18,1478,11,9,2,0.8182,upi,temporary_failure,2,22.62,19,5,STANDARD,1,none,1
3956.26,1521,6,4,2,0.6667,upi,insufficient_funds,1,32.77,14,4,STANDARD,1,none,0
1121.43,128,9,5,4,0.5556,netbanking,insufficient_funds,3,37.4,5,1,STANDARD,1,none,0
11578.99,916,9,8,1,0.8889,netbanking,temporary_failure,1,98.22,20,0,PREMIUM,2,active,1
1061.14,1507,12,10,2,0.8333,card,bank_decline,1,17.0,16,4,STANDARD,2,none,1
20261.62,252,13,11,2,0.8462,upi,network_error,3,35.11,6,1,STANDARD,0,none,1
3397.09,70,11,11,0,1.0,card,temporary_failure,2,84.22,6,0,STANDARD,1,none,1
13969.18,905,13,12,1,0.9231,card,invalid_account,1,4.78,0,3,STANDARD,1,none,0
2461.2,426,7,6,1,0.8571,upi,invalid_account,3,26.02,11,6,STANDARD,2,none,0
6760.32,1631,11,9,2,0.8182,upi,insufficient_funds,2,49.59,19,6,STANDARD,2,none,1
1302.47,144,8,6,2,0.75,wallet,temporary_failure,3,58.86,19,1,PREMIUM,1,active,1
4494.96,981,14,8,6,0.5714,card,temporary_failure,1,16.02,18,6,STANDARD,2,none,1
1683.01,232,8,5,3,0.625,card,temporary_failure,1,57.64,11,0,PREMIUM,0,active,1
5066.8,784,7,5,2,0.7143,upi,insufficient_funds,1,18.54,11,5,STANDARD,1,none,0
18902.79,1068,9,7,2,0.7778,netbanking,temporary_failure,2,82.01,13,0,PREMIUM,0,active,1
7581.71,528,8,7,1,0.875,wallet,bank_timeout,2,76.55,18,2,STANDARD,0,none,1
6381.48,1736,5,5,0,1.0,netbanking,network_error,3,83.05,4,1,STANDARD,0,none,1
3780.08,62,7,6,1,0.8571,netbanking,temporary_failure,1,30.78,4,2,STANDARD,1,none,1
1804.88,1108,15,13,2,0.8667,upi,bank_decline,3,25.03,6,4,STANDARD,1,none,0
23217.19,836,14,9,5,0.6429,upi,invalid_account,2,21.57,11,3,STANDARD,1,none,0
956.01,777,11,10,1,0.9091,netbanking,network_error,3,115.19,16,3,STANDARD,0,none,1
11973.21,96,4,2,2,0.5,upi,insufficient_funds,1,28.03,5,2,STANDARD,1,none,0
5931.44,523,5,4,1,0.8,upi,temporary_failure,1,27.54,20,6,PREMIUM,1,active,1
2811.76,842,4,3,1,0.75,upi,temporary_failure,2,31.1,4,4,STANDARD,3,none,1
6960.5,1763,7,6,1,0.8571,wallet,temporary_failure,1,44.48,3,6,STANDARD,0,none,1
4808.62,369,6,5,1,0.8333,netbanking,invalid_account,1,44.9,15,3,PREMIUM,2,active,0
4261.22,670,6,5,1,0.8333,upi,temporary_failure,1,21.77,20,1,STANDARD,1,none,1
2636.37,1687,10,7,3,0.7,card,bank_decline,2,50.76,3,4,PREMIUM,2,active,0
1209.34,616,7,5,2,0.7143,upi,temporary_failure,3,36.42,10,4,PREMIUM,0,active,0
1639.79,927,5,4,1,0.8,card,bank_decline,2,82.95,20,0,PREMIUM,1,active,0
6153.73,225,12,12,0,1.0,upi,fraud_suspected,2,88.15,9,0,STANDARD,1,none,1
2726.0,272,12,9,3,0.75,card,bank_decline,1,41.67,3,4,STANDARD,1,none,1
5136.56,1113,10,7,3,0.7,netbanking,temporary_failure,3,39.28,10,3,STANDARD,0,none,1
1501.26,675,13,12,1,0.9231,netbanking,bank_timeout,2,8.92,21,3,STANDARD,0,none,0
1667.16,1797,10,8,2,0.8,upi,network_error,2,69.31,2,3,STANDARD,0,none,0
2389.11,260,9,7,2,0.7778,card,insufficient_funds,2,45.82,5,5,STANDARD,3,none,1
17916.21,963,10,9,1,0.9,upi,temporary_failure,1,67.2,18,5,PREMIUM,0,active,1
2518.96,1640,7,6,1,0.8571,card,invalid_account,3,13.8,10,2,STANDARD,0,none,0
1670.94,876,8,8,0,1.0,netbanking,network_error,1,28.7,12,4,STANDARD,2,none,1
11861.12,1103,6,6,0,1.0,upi,bank_decline,2,95.77,21,1,STANDARD,1,none,0
17611.48,1173,2,1,1,0.5,upi,bank_timeout,3,19.55,14,0,PREMIUM,0,active,1
1080.32,1534,8,6,2,0.75,wallet,invalid_account,3,70.36,20,1,STANDARD,1,none,0
1895.24,645,8,8,0,1.0,upi,bank_decline,2,45.22,16,3,ENTERPRISE,0,active,1
21768.82,1487,11,9,2,0.8182,card,fraud_suspected,3,118.37,1,4,PREMIUM,0,active,0
3401.63,279,13,10,3,0.7692,upi,bank_decline,3,63.83,11,1,PREMIUM,0,active,0
6187.39,1245,14,9,5,0.6429,upi,network_error,3,40.02,15,2,STANDARD,1,none,0
3317.54,727,13,8,5,0.6154,netbanking,temporary_failure,3,48.47,2,4,STANDARD,0,none,0
5691.36,795,12,11,1,0.9167,netbanking,bank_timeout,2,39.76,7,0,STANDARD,1,none,1
3490.44,1659,7,5,2,0.7143,wallet,network_error,1,25.69,23,6,PREMIUM,1,active,1
2803.92,291,8,6,2,0.75,upi,temporary_failure,3,4.88,13,5,STANDARD,1,none,0
1925.44,527,7,7,0,1.0,upi,insufficient_funds,2,18.78,11,4,STANDARD,1,none,1
3953.27,1147,10,10,0,1.0,upi,fraud_suspected,3,59.42,15,1,PREMIUM,1,active,1
3815.28,115,5,4,1,0.8,upi,bank_timeout,2,2.48,1,5,STANDARD,1,none,0
7761.31,1186,10,8,2,0.8,netbanking,temporary_failure,1,26.56,4,5,PREMIUM,0,active,1
3233.25,1082,7,4,3,0.5714,upi,bank_timeout,3,24.69,10,5,STANDARD,0,none,0
1860.24,868,6,5,1,0.8333,wallet,insufficient_funds,1,58.47,21,3,PREMIUM,1,active,1
1889.52,1259,11,7,4,0.6364,upi,fraud_suspected,3,18.72,18,0,PREMIUM,0,active,0
3091.06,1079,8,5,3,0.625,netbanking,temporary_failure,1,36.76,21,0,STANDARD,3,none,1
1039.25,1390,12,9,3,0.75,upi,temporary_failure,2,22.39,16,2,PREMIUM,2,active,0
6816.12,1258,6,4,2,0.6667,upi,bank_decline,2,16.59,14,0,STANDARD,1,none,0
5915.6,295,15,14,1,0.9333,card,invalid_account,3,104.49,16,1,STANDARD,1,none,0
19254.69,258,12,11,1,0.9167,upi,insufficient_funds,1,10.55,17,6,STANDARD,1,none,0
1165.31,782,9,8,1,0.8889,upi,bank_decline,2,15.8,5,5,PREMIUM,3,active,1
2751.91,1583,8,8,0,1.0,card,temporary_failure,2,12.01,7,3,STANDARD,0,none,1
2006.83,17,14,12,2,0.8571,upi,invalid_account,2,24.0,7,2,STANDARD,3,none,1
9085.2,474,10,7,3,0.7,wallet,insufficient_funds,2,66.59,17,5,PREMIUM,2,active,0
7613.64,761,7,7,0,1.0,upi,invalid_account,1,43.87,17,3,PREMIUM,1,active,0
4470.99,744,9,5,4,0.5556,card,bank_timeout,1,44.71,2,5,PREMIUM,1,active,0
4886.72,1176,12,9,3,0.75,netbanking,bank_decline,1,34.05,4,5,ENTERPRISE,0,active,1
10287.91,611,3,1,2,0.3333,upi,invalid_account,1,10.82,9,6,PREMIUM,0,active,0
3039.29,543,15,12,3,0.8,wallet,temporary_failure,2,9.72,3,0,STANDARD,1,none,1
6319.25,1116,7,5,2,0.7143,upi,temporary_failure,2,15.61,12,6,STANDARD,2,none,1
5970.74,865,3,3,0,1.0,upi,network_error,2,7.17,9,4,STANDARD,2,none,1
1983.03,1166,7,5,2,0.7143,card,network_error,1,76.08,8,5,PREMIUM,0,active,1
1893.78,155,10,8,2,0.8,upi,temporary_failure,3,38.82,21,3,ENTERPRISE,0,active,1
2118.26,604,6,2,4,0.3333,card,fraud_suspected,1,15.72,12,0,PREMIUM,1,active,0
11142.21,1540,4,4,0,1.0,upi,bank_decline,3,115.6,13,5,STANDARD,1,none,1
6736.97,96,6,6,0,1.0,upi,temporary_failure,3,18.78,12,1,STANDARD,2,none,1
11281.4,894,10,8,2,0.8,upi,fraud_suspected,1,19.75,12,0,PREMIUM,0,active,0
2172.15,1285,9,6,3,0.6667,card,temporary_failure,3,35.16,7,1,STANDARD,1,none,1
14515.04,151,4,2,2,0.5,wallet,bank_decline,2,25.95,15,2,STANDARD,0,none,1
1913.96,1207,8,8,0,1.0,netbanking,network_error,1,72.74,2,2,PREMIUM,1,active,1
1011.66,332,10,7,3,0.7,upi,bank_timeout,3,101.63,1,6,STANDARD,3,none,0
505.77,1235,12,10,2,0.8333,upi,bank_timeout,1,22.69,16,6,PREMIUM,0,active,1
2911.36,739,9,9,0,1.0,card,bank_timeout,1,92.38,4,6,STANDARD,3,none,1
3326.08,34,6,4,2,0.6667,upi,insufficient_funds,2,34.3,7,3,STANDARD,2,none,0
2072.39,1269,6,4,2,0.6667,card,temporary_failure,1,33.01,4,3,PREMIUM,2,active,0
675.62,382,11,11,0,1.0,card,fraud_suspected,2,77.48,22,3,PREMIUM,3,active,1
7785.85,1520,13,10,3,0.7692,card,insufficient_funds,2,30.29,21,0,PREMIUM,3,active,0
4146.43,1289,7,6,1,0.8571,netbanking,insufficient_funds,2,34.34,11,3,STANDARD,5,none,1
6038.89,372,13,10,3,0.7692,wallet,temporary_failure,2,27.85,23,5,PREMIUM,1,active,1
11770.58,1759,14,12,2,0.8571,netbanking,network_error,3,8.34,1,5,PREMIUM,1,active,0
877.3,1459,5,5,0,1.0,card,fraud_suspected,3,21.59,20,6,STANDARD,0,none,1
8354.79,927,7,5,2,0.7143,wallet,temporary_failure,1,131.75,19,1,PREMIUM,0,active,1
5085.55,292,8,8,0,1.0,wallet,bank_decline,2,23.33,6,4,PREMIUM,3,active,1
8876.84,133,7,6,1,0.8571,upi,fraud_suspected,2,78.92,12,3,STANDARD,0,none,1
10600.14,764,12,10,2,0.8333,upi,insufficient_funds,3,9.38,1,4,ENTERPRISE,2,active,0
3362.29,1215,7,6,1,0.8571,card,insufficient_funds,2,12.01,11,4,PREMIUM,3,active,0
49715.15,1595,9,9,0,1.0,netbanking,insufficient_funds,3,45.61,22,5,STANDARD,3,none,1
11192.95,1668,8,5,3,0.625,card,bank_timeout,2,7.56,20,4,PREMIUM,1,active,1
2900.07,365,8,4,4,0.5,card,bank_timeout,3,6.29,17,5,STANDARD,0,none,0
2084.94,1461,9,7,2,0.7778,card,network_error,1,11.03,1,0,ENTERPRISE,0,active,1
1399.11,1177,13,12,1,0.9231,upi,temporary_failure,3,34.73,17,6,STANDARD,0,none,1
2445.31,1709,9,7,2,0.7778,card,temporary_failure,2,18.24,20,2,STANDARD,1,none,1
5015.69,1140,6,5,1,0.8333,wallet,bank_decline,1,20.3,4,2,STANDARD,1,none,1
2837.83,1471,9,7,2,0.7778,wallet,bank_decline,2,27.21,3,1,STANDARD,2,none,0
9495.75,364,13,8,5,0.6154,netbanking,temporary_failure,3,9.42,7,5,STANDARD,1,none,0
10955.72,1687,9,7,2,0.7778,card,insufficient_funds,1,72.3,23,3,PREMIUM,0,active,1
6389.42,24,9,8,1,0.8889,upi,bank_decline,2,134.58,20,1,STANDARD,0,none,1
3246.7,272,9,8,1,0.8889,card,network_error,2,21.03,3,1,ENTERPRISE,0,active,1
11360.88,201,6,6,0,1.0,upi,bank_decline,2,53.38,16,6,STANDARD,1,none,0
4231.49,787,7,5,2,0.7143,card,temporary_failure,2,14.86,2,4,STANDARD,0,none,1
20397.13,1546,11,9,2,0.8182,wallet,insufficient_funds,2,65.24,6,4,ENTERPRISE,0,active,1
922.39,1742,11,9,2,0.8182,card,temporary_failure,1,85.69,15,2,STANDARD,1,none,1
4591.0,392,7,6,1,0.8571,card,temporary_failure,1,49.33,3,2,STANDARD,1,none,1
6050.77,651,4,2,2,0.5,card,temporary_failure,1,6.49,7,4,STANDARD,3,none,1
17577.85,97,9,8,1,0.8889,upi,network_error,1,48.63,9,6,STANDARD,0,none,1
3169.5,1793,11,9,2,0.8182,card,insufficient_funds,2,23.57,19,3,STANDARD,1,none,1
7437.0,706,13,8,5,0.6154,card,bank_decline,1,77.35,14,1,PREMIUM,0,active,0
655.89,61,9,5,4,0.5556,card,temporary_failure,2,58.57,11,6,ENTERPRISE,1,active,0
3502.01,935,5,3,2,0.6,upi,bank_decline,1,52.74,18,3,PREMIUM,0,active,1
7328.5,582,4,2,2,0.5,upi,temporary_failure,2,52.85,7,6,STANDARD,1,none,0
5686.72,1356,12,11,1,0.9167,netbanking,network_error,2,49.82,11,1,PREMIUM,1,active,1
3124.82,662,6,5,1,0.8333,card,insufficient_funds,3,41.94,13,1,STANDARD,1,none,0
1700.45,1405,9,8,1,0.8889,wallet,network_error,1,64.76,19,6,PREMIUM,3,active,0
3727.26,194,5,5,0,1.0,card,network_error,1,48.04,23,3,STANDARD,1,none,1
4214.18,1765,9,8,1,0.8889,card,invalid_account,1,67.75,4,5,STANDARD,0,none,0
3978.43,1463,12,8,4,0.6667,upi,bank_timeout,2,49.16,16,5,STANDARD,0,none,1
21029.44,1562,10,6,4,0.6,upi,insufficient_funds,2,89.58,9,4,STANDARD,3,none,0
1983.47,31,12,9,3,0.75,upi,bank_decline,2,3.2,14,5,STANDARD,0,none,1
9902.07,538,5,4,1,0.8,upi,network_error,3,58.57,14,6,STANDARD,2,none,1
5786.58,434,9,7,2,0.7778,netbanking,fraud_suspected,3,39.81,5,6,STANDARD,0,none,0
2853.16,1657,10,10,0,1.0,netbanking,temporary_failure,1,6.98,9,0,STANDARD,0,none,1
7366.92,1204,4,3,1,0.75,netbanking,temporary_failure,1,58.52,4,5,STANDARD,2,none,1
14350.53,184,8,7,1,0.875,upi,network_error,3,31.64,4,4,PREMIUM,0,active,1
1183.06,1040,7,5,2,0.7143,upi,bank_decline,2,11.8,17,3,STANDARD,2,none,0
25654.99,315,10,10,0,1.0,card,insufficient_funds,1,80.16,17,2,STANDARD,2,none,1
18893.5,1700,6,6,0,1.0,wallet,temporary_failure,1,57.84,2,1,STANDARD,0,none,1
9403.42,814,6,6,0,1.0,card,insufficient_funds,1,21.86,20,5,STANDARD,1,none,1
3065.6,1641,5,3,2,0.6,card,network_error,3,41.97,5,2,STANDARD,2,none,1
2348.95,943,9,6,3,0.6667,card,bank_timeout,3,47.51,8,5,STANDARD,0,none,1
30123.26,1486,12,8,4,0.6667,card,insufficient_funds,3,16.31,5,2,STANDARD,1,none,0
8611.39,1403,3,1,2,0.3333,card,insufficient_funds,3,27.59,14,0,STANDARD,0,none,0
11364.1,1771,12,11,1,0.9167,netbanking,bank_timeout,1,26.07,10,6,PREMIUM,2,active,1
24171.54,1121,7,4,3,0.5714,upi,bank_decline,1,23.58,16,0,STANDARD,1,none,0
15297.93,170,7,7,0,1.0,upi,temporary_failure,2,43.83,15,3,STANDARD,3,none,1
3337.77,815,7,3,4,0.4286,card,bank_decline,3,13.1,23,1,PREMIUM,2,active,0
2104.2,1104,7,7,0,1.0,card,insufficient_funds,1,48.66,5,5,ENTERPRISE,1,active,1
2121.56,1567,20,15,5,0.75,card,bank_decline,2,25.87,14,4,PREMIUM,0,active,0
3475.62,441,15,11,4,0.7333,upi,invalid_account,3,9.07,6,0,PREMIUM,2,active,0
1523.9,1673,11,8,3,0.7273,netbanking,insufficient_funds,2,20.72,5,6,PREMIUM,2,active,1
4704.0,980,7,5,2,0.7143,card,network_error,1,33.67,20,2,STANDARD,0,none,1
1231.37,736,7,5,2,0.7143,upi,network_error,1,65.9,19,6,STANDARD,0,none,1
12638.85,702,8,7,1,0.875,netbanking,network_error,2,23.5,23,4,STANDARD,2,none,0
16369.71,1092,9,6,3,0.6667,wallet,temporary_failure,2,56.69,10,4,PREMIUM,0,active,1
6589.71,1037,5,4,1,0.8,card,bank_decline,3,31.46,2,0,PREMIUM,1,active,0
6545.89,230,10,9,1,0.9,card,temporary_failure,3,49.96,18,0,PREMIUM,0,active,1
8707.76,1220,11,10,1,0.9091,card,temporary_failure,1,64.36,15,0,STANDARD,1,none,1
1846.47,1620,12,11,1,0.9167,upi,temporary_failure,3,32.79,14,5,STANDARD,1,none,1
2061.59,249,7,4,3,0.5714,netbanking,bank_timeout,1,7.68,0,4,STANDARD,1,none,1
5895.4,1228,7,6,1,0.8571,upi,invalid_account,3,28.44,20,6,STANDARD,1,none,0
751.3,1343,10,8,2,0.8,upi,temporary_failure,2,65.52,4,6,STANDARD,1,none,1
5001.42,232,8,5,3,0.625,upi,fraud_suspected,1,24.64,16,2,STANDARD,2,none,0
10333.46,1070,10,7,3,0.7,upi,invalid_account,2,73.24,15,4,STANDARD,0,none,0
2074.33,850,7,6,1,0.8571,upi,insufficient_funds,2,21.79,15,0,STANDARD,1,none,0
8541.5,141,9,7,2,0.7778,upi,insufficient_funds,2,46.29,16,4,PREMIUM,2,active,1
5812.22,59,17,12,5,0.7059,card,temporary_failure,1,29.35,20,0,STANDARD,0,none,0
3531.52,867,12,6,6,0.5,card,bank_decline,1,22.98,17,0,ENTERPRISE,4,active,0
2020.74,1446,11,6,5,0.5455,upi,bank_decline,3,98.94,8,0,PREMIUM,2,active,0
3831.58,1459,12,5,7,0.4167,card,temporary_failure,1,70.54,3,3,STANDARD,2,none,1
3441.59,120,6,6,0,1.0,netbanking,insufficient_funds,2,50.34,2,2,STANDARD,0,none,1
4537.96,438,11,10,1,0.9091,upi,temporary_failure,1,76.45,0,0,PREMIUM,1,active,1
2910.8,50,10,9,1,0.9,card,temporary_failure,3,13.03,9,3,STANDARD,0,none,1
2469.85,1151,11,9,2,0.8182,upi,temporary_failure,2,24.57,15,0,PREMIUM,0,active,1
3534.86,1520,9,7,2,0.7778,card,temporary_failure,2,45.87,3,5,PREMIUM,1,active,1
5259.87,1563,13,9,4,0.6923,upi,bank_decline,3,17.84,14,2,STANDARD,1,none,0
12598.97,1032,10,8,2,0.8,upi,temporary_failure,3,58.18,7,5,STANDARD,0,none,0
7551.69,1469,11,7,4,0.6364,upi,temporary_failure,3,67.93,16,6,PREMIUM,2,active,1
1621.65,697,8,8,0,1.0,upi,bank_decline,2,5.8,20,2,STANDARD,2,none,0
5649.93,989,9,7,2,0.7778,wallet,temporary_failure,3,38.65,12,6,STANDARD,1,none,1
8364.86,518,5,4,1,0.8,card,invalid_account,1,56.42,13,6,STANDARD,1,none,0
10942.38,433,5,4,1,0.8,netbanking,network_error,2,13.9,12,1,STANDARD,1,none,1
3585.03,369,6,5,1,0.8333,netbanking,invalid_account,1,21.16,16,1,STANDARD,0,none,0
41310.32,720,7,6,1,0.8571,upi,bank_timeout,2,30.09,19,5,PREMIUM,2,active,1
5629.11,734,10,7,3,0.7,upi,temporary_failure,1,18.56,7,0,STANDARD,0,none,1
2894.91,1454,8,6,2,0.75,upi,fraud_suspected,2,76.72,13,1,STANDARD,0,none,0
1210.67,1283,11,11,0,1.0,wallet,invalid_account,2,26.73,18,6,STANDARD,2,none,1
8320.07,1337,13,11,2,0.8462,card,bank_timeout,2,43.63,16,5,STANDARD,0,none,1
2732.53,579,6,4,2,0.6667,card,temporary_failure,2,42.67,3,2,STANDARD,2,none,0
1275.87,327,7,5,2,0.7143,wallet,insufficient_funds,3,35.49,10,0,STANDARD,0,none,0
3498.43,1773,6,5,1,0.8333,card,bank_decline,2,14.58,14,1,STANDARD,1,none,1
18899.64,1606,14,10,4,0.7143,netbanking,network_error,3,106.07,13,5,STANDARD,1,none,1
3392.59,749,6,6,0,1.0,card,insufficient_funds,3,7.62,10,1,PREMIUM,2,active,1
2507.58,52,13,9,4,0.6923,netbanking,bank_timeout,2,21.86,5,3,STANDARD,2,none,0
1993.81,147,5,4,1,0.8,netbanking,bank_timeout,3,60.57,16,0,PREMIUM,0,active,1
22809.83,1381,21,18,3,0.8571,upi,invalid_account,1,95.91,10,6,STANDARD,1,none,1
2749.8,307,7,5,2,0.7143,upi,temporary_failure,2,50.27,16,1,STANDARD,0,none,1
4041.49,729,10,8,2,0.8,upi,temporary_failure,3,40.88,5,2,STANDARD,0,none,1
6861.49,113,7,6,1,0.8571,card,insufficient_funds,2,3.25,3,4,STANDARD,1,none,0
1046.88,1569,9,8,1,0.8889,upi,bank_decline,2,22.32,21,6,STANDARD,0,none,0
1943.48,772,10,9,1,0.9,netbanking,network_error,2,22.65,17,6,PREMIUM,0,active,1
3321.53,665,5,2,3,0.4,upi,insufficient_funds,1,65.25,8,0,STANDARD,2,none,0
2398.29,1484,7,7,0,1.0,upi,network_error,1,37.08,3,3,STANDARD,0,none,1
3015.62,1335,16,13,3,0.8125,upi,temporary_failure,1,5.95,5,1,ENTERPRISE,0,active,1
26599.75,1378,10,8,2,0.8,card,invalid_account,2,126.53,3,2,STANDARD,0,none,0
14413.23,974,10,8,2,0.8,card,network_error,1,41.45,0,5,PREMIUM,2,active,1
1071.17,1049,7,7,0,1.0,card,insufficient_funds,3,45.38,23,0,PREMIUM,2,active,1
3138.15,1509,9,6,3,0.6667,card,temporary_failure,3,25.18,12,5,PREMIUM,0,active,1
10937.17,420,6,4,2,0.6667,netbanking,temporary_failure,1,43.38,3,1,STANDARD,1,none,1
3218.15,69,11,8,3,0.7273,upi,bank_decline,1,18.07,20,5,STANDARD,0,none,1
1730.71,1250,9,8,1,0.8889,upi,network_error,2,25.91,17,2,STANDARD,0,none,1
10122.95,653,11,10,1,0.9091,card,invalid_account,2,10.45,14,0,STANDARD,4,none,0
4686.92,1162,12,11,1,0.9167,card,network_error,2,31.49,5,0,STANDARD,1,none,1
1613.52,1592,7,7,0,1.0,card,temporary_failure,3,48.64,0,2,PREMIUM,1,active,1
2293.48,881,9,6,3,0.6667,upi,invalid_account,1,16.55,11,0,STANDARD,0,none,0
3072.9,116,11,9,2,0.8182,upi,insufficient_funds,1,22.77,0,5,STANDARD,1,none,1
2202.03,921,14,10,4,0.7143,card,insufficient_funds,1,16.02,10,0,STANDARD,1,none,1
1717.88,1096,9,8,1,0.8889,wallet,bank_decline,1,19.56,18,0,STANDARD,1,none,1
6925.15,833,10,7,3,0.7,card,insufficient_funds,1,11.18,20,6,STANDARD,0,none,0
2259.24,293,10,8,2,0.8,card,network_error,2,8.24,1,1,PREMIUM,1,active,1
922.29,257,5,5,0,1.0,card,bank_decline,3,40.62,8,5,STANDARD,0,none,1
7862.3,1575,10,9,1,0.9,upi,insufficient_funds,3,64.92,13,6,PREMIUM,2,active,1
4454.41,1194,11,9,2,0.8182,card,insufficient_funds,1,48.19,3,2,STANDARD,3,none,0
2450.54,643,14,9,5,0.6429,netbanking,network_error,1,49.0,6,6,STANDARD,0,none,1
7664.91,135,9,9,0,1.0,upi,invalid_account,2,58.69,22,5,STANDARD,1,none,0
3980.17,857,6,3,3,0.5,upi,insufficient_funds,1,21.27,22,3,STANDARD,0,none,0
5038.68,1005,8,7,1,0.875,wallet,insufficient_funds,1,10.62,2,2,PREMIUM,1,active,1
3861.78,697,12,10,2,0.8333,netbanking,insufficient_funds,1,24.25,2,6,STANDARD,1,none,1
4561.62,1421,9,7,2,0.7778,netbanking,temporary_failure,1,74.82,5,0,PREMIUM,0,active,1
4356.92,1777,8,8,0,1.0,upi,bank_timeout,1,22.92,21,5,PREMIUM,3,active,1
6819.7,670,8,7,1,0.875,card,bank_decline,2,9.19,19,6,STANDARD,0,none,1
1955.29,156,7,4,3,0.5714,upi,invalid_account,2,67.79,2,5,ENTERPRISE,1,active,0
3538.76,1504,8,6,2,0.75,card,invalid_account,1,36.6,12,2,STANDARD,1,none,1
5718.28,1785,8,7,1,0.875,wallet,bank_timeout,3,22.08,17,2,STANDARD,2,none,1
1323.5,539,6,6,0,1.0,upi,network_error,2,14.27,0,5,PREMIUM,1,active,0
4824.79,1017,10,8,2,0.8,card,temporary_failure,3,88.35,14,0,STANDARD,1,none,0
3282.81,1563,8,5,3,0.625,card,fraud_suspected,3,51.25,6,5,PREMIUM,1,active,0
6901.86,304,9,7,2,0.7778,upi,insufficient_funds,2,47.92,2,6,STANDARD,0,none,1
4243.49,1759,6,4,2,0.6667,upi,bank_timeout,1,8.34,5,4,STANDARD,0,none,1
7084.25,1164,13,8,5,0.6154,netbanking,bank_decline,3,69.1,7,3,STANDARD,1,none,0
9455.17,1038,8,8,0,1.0,upi,temporary_failure,3,5.48,10,1,STANDARD,2,none,1
1271.01,1019,9,6,3,0.6667,wallet,insufficient_funds,1,49.64,22,4,STANDARD,0,none,0
6083.05,1652,10,9,1,0.9,netbanking,insufficient_funds,2,19.01,15,5,PREMIUM,0,active,0
13624.16,1023,11,9,2,0.8182,upi,network_error,2,21.93,22,5,STANDARD,1,none,1
4224.78,711,8,7,1,0.875,upi,network_error,1,27.06,9,0,PREMIUM,1,active,1
5456.41,214,17,12,5,0.7059,upi,temporary_failure,3,31.86,5,2,STANDARD,1,none,0
3476.73,1460,10,10,0,1.0,netbanking,invalid_account,2,54.69,9,0,PREMIUM,1,active,0
7182.58,802,6,4,2,0.6667,upi,bank_timeout,2,38.72,6,6,PREMIUM,0,active,1
4699.25,613,11,8,3,0.7273,upi,bank_timeout,1,5.79,13,3,STANDARD,1,none,1
13839.84,123,8,5,3,0.625,upi,bank_timeout,1,100.2,3,6,PREMIUM,0,active,1
5690.69,1680,8,6,2,0.75,card,fraud_suspected,1,12.93,17,3,STANDARD,1,none,1
1049.23,1173,14,12,2,0.8571,card,insufficient_funds,2,14.47,21,4,STANDARD,2,none,1
5661.37,765,9,7,2,0.7778,card,insufficient_funds,3,11.87,18,0,PREMIUM,1,active,0
2854.33,1030,9,6,3,0.6667,upi,insufficient_funds,2,73.75,19,3,STANDARD,2,none,1
3790.77,1649,10,9,1,0.9,netbanking,temporary_failure,2,24.06,4,3,STANDARD,0,none,1
1250.71,82,13,8,5,0.6154,card,insufficient_funds,1,21.47,11,1,PREMIUM,1,active,0
1162.61,692,6,5,1,0.8333,card,temporary_failure,2,90.81,10,1,STANDARD,1,none,1
4043.0,83,14,11,3,0.7857,card,insufficient_funds,3,36.07,19,5,PREMIUM,1,active,0
18288.73,963,9,6,3,0.6667,upi,insufficient_funds,2,11.56,19,4,STANDARD,1,none,1
895.75,1697,10,7,3,0.7,upi,bank_decline,1,144.82,12,3,STANDARD,0,none,1
1644.17,262,9,6,3,0.6667,upi,network_error,1,48.38,16,6,STANDARD,2,none,0
3878.54,1153,3,2,1,0.6667,upi,temporary_failure,3,36.72,19,0,STANDARD,0,none,0
13276.65,625,15,12,3,0.8,wallet,bank_timeout,3,58.85,0,6,STANDARD,2,none,1
4416.66,413,9,8,1,0.8889,card,temporary_failure,3,4.99,4,6,STANDARD,0,none,1
1078.72,219,14,11,3,0.7857,card,temporary_failure,2,18.09,0,2,STANDARD,1,none,1
1564.47,1161,7,6,1,0.8571,upi,fraud_suspected,3,27.05,9,3,STANDARD,0,none,1
1866.57,1041,10,7,3,0.7,card,bank_decline,1,34.01,19,1,STANDARD,1,none,0
3617.92,349,11,9,2,0.8182,upi,temporary_failure,1,61.07,2,6,STANDARD,0,none,1
8427.13,1184,9,7,2,0.7778,card,bank_timeout,3,44.01,12,5,PREMIUM,1,active,1
10493.32,1370,6,4,2,0.6667,card,temporary_failure,1,34.66,0,3,PREMIUM,0,active,1
2265.04,1508,10,9,1,0.9,upi,bank_decline,3,84.67,19,3,STANDARD,1,none,1
5138.22,304,9,7,2,0.7778,wallet,invalid_account,2,11.31,15,4,STANDARD,0,none,0
6073.32,283,10,6,4,0.6,netbanking,fraud_suspected,1,29.96,9,5,STANDARD,0,none,0
17054.66,1339,6,5,1,0.8333,upi,temporary_failure,3,96.37,1,3,STANDARD,1,none,0
8631.36,749,9,8,1,0.8889,netbanking,bank_decline,3,14.59,5,6,STANDARD,0,none,0
1080.0,37,7,6,1,0.8571,upi,temporary_failure,1,97.81,20,6,STANDARD,1,none,1
24366.96,376,9,8,1,0.8889,upi,invalid_account,2,36.89,10,1,STANDARD,3,none,1
6768.98,685,10,9,1,0.9,upi,temporary_failure,1,61.87,5,5,STANDARD,2,none,1
8702.86,715,12,7,5,0.5833,card,temporary_failure,2,23.71,8,2,STANDARD,2,none,0
5196.83,1642,6,4,2,0.6667,upi,temporary_failure,2,94.92,17,6,STANDARD,0,none,1
2996.91,935,10,5,5,0.5,upi,temporary_failure,2,82.65,2,1,STANDARD,1,none,1
5750.84,967,9,6,3,0.6667,card,temporary_failure,3,7.52,9,6,PREMIUM,1,active,0
5090.59,1006,6,2,4,0.3333,upi,bank_decline,2,20.21,17,3,STANDARD,3,none,0
962.01,1037,7,4,3,0.5714,card,insufficient_funds,2,36.95,4,0,STANDARD,2,none,0
6773.67,90,6,2,4,0.3333,upi,temporary_failure,3,36.78,16,4,STANDARD,0,none,1
2995.27,1650,13,9,4,0.6923,upi,bank_timeout,3,80.92,11,6,PREMIUM,0,active,0
5468.03,742,7,6,1,0.8571,upi,insufficient_funds,3,22.0,7,5,STANDARD,0,none,0
15213.7,1570,5,5,0,1.0,wallet,bank_timeout,1,45.62,3,5,STANDARD,1,none,1
1207.88,50,14,13,1,0.9286,upi,temporary_failure,1,45.16,10,4,STANDARD,1,none,1
488.89,415,8,4,4,0.5,netbanking,bank_decline,1,102.87,15,3,PREMIUM,2,active,0
2665.97,855,8,8,0,1.0,netbanking,bank_timeout,3,30.7,22,4,STANDARD,2,none,1
2152.22,49,8,6,2,0.75,netbanking,temporary_failure,2,34.48,9,0,STANDARD,0,none,0
3159.76,1429,11,9,2,0.8182,upi,invalid_account,1,58.18,3,0,STANDARD,1,none,0
12359.36,1416,13,12,1,0.9231,netbanking,bank_timeout,3,7.31,10,2,STANDARD,2,none,1
2258.73,1378,8,4,4,0.5,card,bank_timeout,1,105.27,11,4,PREMIUM,0,active,1
4878.35,1723,13,11,2,0.8462,upi,insufficient_funds,1,20.2,22,1,STANDARD,1,none,1
3248.98,366,16,14,2,0.875,card,network_error,1,5.5,12,2,STANDARD,0,none,1
7979.06,330,5,4,1,0.8,upi,bank_timeout,3,177.9,2,5,STANDARD,0,none,1
7554.03,103,7,6,1,0.8571,card,insufficient_funds,3,110.28,3,1,STANDARD,2,none,0
11261.81,1795,11,9,2,0.8182,card,network_error,3,39.72,16,5,STANDARD,0,none,1
1555.95,1717,11,7,4,0.6364,card,bank_decline,3,66.02,1,3,PREMIUM,0,active,0
9469.05,382,6,5,1,0.8333,card,temporary_failure,1,5.3,13,6,PREMIUM,0,active,1
4399.25,654,7,5,2,0.7143,upi,bank_timeout,1,15.49,10,6,PREMIUM,2,active,1
2216.55,615,6,5,1,0.8333,card,network_error,2,20.92,23,5,STANDARD,0,none,0
3362.95,507,7,6,1,0.8571,card,fraud_suspected,1,14.85,15,5,PREMIUM,3,active,0
4812.22,501,6,3,3,0.5,netbanking,bank_decline,1,62.84,15,6,PREMIUM,0,active,0
4586.17,599,8,7,1,0.875,netbanking,bank_decline,2,66.89,7,4,STANDARD,2,none,0
5056.24,1618,8,7,1,0.875,wallet,bank_timeout,3,47.93,19,1,ENTERPRISE,2,active,1
9134.65,713,8,8,0,1.0,card,temporary_failure,2,46.69,20,6,STANDARD,1,none,1
14274.48,912,8,7,1,0.875,card,bank_decline,1,43.51,22,4,STANDARD,1,none,1
7033.45,749,12,9,3,0.75,netbanking,insufficient_funds,3,34.26,16,5,STANDARD,0,none,1
3206.04,626,9,7,2,0.7778,wallet,insufficient_funds,1,69.86,12,3,STANDARD,2,none,0
2415.88,1323,6,5,1,0.8333,card,fraud_suspected,1,7.42,3,4,STANDARD,0,none,0
3751.52,24,9,8,1,0.8889,upi,network_error,2,43.71,20,0,STANDARD,2,none,1
7927.33,853,6,3,3,0.5,upi,bank_decline,3,18.6,14,5,STANDARD,1,none,0
10307.3,496,8,7,1,0.875,card,temporary_failure,3,39.95,16,5,STANDARD,0,none,1
2686.88,1572,8,7,1,0.875,upi,temporary_failure,3,49.78,12,3,PREMIUM,0,active,1
1514.83,304,12,10,2,0.8333,card,invalid_account,1,49.87,6,5,STANDARD,1,none,1
3281.39,276,7,5,2,0.7143,netbanking,insufficient_funds,2,66.48,1,2,PREMIUM,0,active,1
4739.1,1403,12,10,2,0.8333,netbanking,insufficient_funds,1,39.75,1,0,STANDARD,0,none,1
2073.86,869,4,2,2,0.5,card,insufficient_funds,1,61.28,21,4,STANDARD,1,none,0
1976.51,940,9,8,1,0.8889,upi,fraud_suspected,2,20.1,19,6,PREMIUM,0,active,0
1283.96,1699,12,12,0,1.0,upi,insufficient_funds,2,33.92,19,5,PREMIUM,1,active,1
2145.18,1166,15,8,7,0.5333,upi,network_error,1,53.12,2,1,STANDARD,0,none,1
5469.74,656,4,3,1,0.75,upi,bank_timeout,3,42.66,3,6,STANDARD,2,none,1
2957.62,750,7,5,2,0.7143,upi,temporary_failure,2,87.85,4,2,STANDARD,3,none,0
5592.41,1364,10,10,0,1.0,upi,network_error,2,1.92,10,6,PREMIUM,2,active,1
3327.32,1717,14,11,3,0.7857,upi,network_error,3,8.03,6,2,PREMIUM,2,active,1
1193.15,657,10,7,3,0.7,upi,insufficient_funds,2,4.44,23,3,STANDARD,1,none,0
2583.46,760,6,5,1,0.8333,wallet,insufficient_funds,2,57.18,10,4,STANDARD,1,none,0
6687.04,1613,8,7,1,0.875,upi,bank_decline,2,73.85,16,0,STANDARD,0,none,1
4627.05,1710,10,7,3,0.7,card,insufficient_funds,3,25.42,22,1,STANDARD,1,none,0
638.8,1473,16,11,5,0.6875,upi,invalid_account,1,57.52,18,6,STANDARD,1,none,0
8234.74,1637,16,13,3,0.8125,upi,temporary_failure,1,18.75,12,2,STANDARD,0,none,1
1830.79,977,9,7,2,0.7778,upi,bank_timeout,3,37.2,12,6,STANDARD,0,none,0
1955.6,1777,9,8,1,0.8889,netbanking,temporary_failure,1,40.14,13,1,STANDARD,2,none,1
14374.16,1667,6,5,1,0.8333,upi,temporary_failure,3,18.22,0,4,STANDARD,0,none,1
741.88,711,11,8,3,0.7273,card,insufficient_funds,3,24.98,3,3,PREMIUM,0,active,0
2193.3,395,9,8,1,0.8889,upi,bank_decline,2,30.16,12,3,STANDARD,1,none,1
17154.87,132,6,4,2,0.6667,card,network_error,3,28.33,5,3,STANDARD,0,none,1
10565.9,686,10,7,3,0.7,card,temporary_failure,3,24.42,14,5,STANDARD,2,none,0
47340.91,1100,12,10,2,0.8333,upi,network_error,3,32.64,14,6,PREMIUM,0,active,1
3205.48,1054,7,6,1,0.8571,card,temporary_failure,3,74.67,9,3,ENTERPRISE,0,active,1
5064.09,686,5,5,0,1.0,card,bank_timeout,1,90.15,17,3,PREMIUM,0,active,1
9312.64,1750,9,8,1,0.8889,upi,temporary_failure,1,12.76,8,1,PREMIUM,1,active,1
1256.7,724,11,5,6,0.4545,netbanking,temporary_failure,3,42.16,2,2,STANDARD,1,none,0
3841.5,1236,13,9,4,0.6923,upi,network_error,1,67.95,0,1,STANDARD,1,none,0
2233.04,1227,10,6,4,0.6,upi,insufficient_funds,1,125.98,0,0,STANDARD,2,none,1
1560.4,357,6,6,0,1.0,netbanking,temporary_failure,3,15.51,2,4,STANDARD,1,none,1
1925.58,475,11,9,2,0.8182,upi,temporary_failure,3,36.07,22,3,STANDARD,1,none,0
5766.11,1100,14,10,4,0.7143,wallet,temporary_failure,2,47.48,22,4,PREMIUM,2,active,1
2441.47,443,10,10,0,1.0,card,network_error,1,47.6,4,4,STANDARD,1,none,1
4650.09,108,8,8,0,1.0,card,temporary_failure,3,42.34,16,3,PREMIUM,3,active,1
4113.86,1540,6,5,1,0.8333,upi,fraud_suspected,1,36.15,6,6,PREMIUM,1,active,0
5320.78,136,8,5,3,0.625,wallet,network_error,3,10.71,0,4,STANDARD,0,none,1
12501.75,516,9,7,2,0.7778,card,network_error,2,28.62,10,6,STANDARD,1,none,1
1771.04,1406,10,9,1,0.9,upi,insufficient_funds,3,87.28,14,5,STANDARD,1,none,1
5069.3,238,10,7,3,0.7,card,insufficient_funds,1,74.02,6,1,PREMIUM,4,active,0
7979.05,677,6,5,1,0.8333,upi,bank_decline,2,12.08,16,5,STANDARD,1,none,0
2449.21,632,8,8,0,1.0,card,bank_timeout,1,1.5,12,1,PREMIUM,1,active,1
13456.53,57,6,3,3,0.5,upi,temporary_failure,2,84.81,13,5,STANDARD,0,none,0
1904.48,1477,8,7,1,0.875,upi,insufficient_funds,2,12.77,3,3,STANDARD,2,none,1
11266.06,1261,10,9,1,0.9,upi,invalid_account,1,46.78,22,4,PREMIUM,1,active,0
7567.37,320,14,11,3,0.7857,upi,temporary_failure,1,63.0,21,5,PREMIUM,0,active,1
2847.84,440,9,7,2,0.7778,upi,temporary_failure,1,27.89,6,1,STANDARD,2,none,1
18403.56,414,9,9,0,1.0,netbanking,fraud_suspected,3,49.48,8,1,ENTERPRISE,0,active,0
1496.32,1052,13,13,0,1.0,upi,insufficient_funds,2,47.75,18,0,PREMIUM,2,active,0
5234.15,483,10,8,2,0.8,upi,insufficient_funds,2,22.23,17,2,STANDARD,1,none,1
1262.75,686,11,8,3,0.7273,upi,temporary_failure,1,27.52,8,4,STANDARD,0,none,1
3944.32,1084,11,9,2,0.8182,netbanking,network_error,2,57.63,22,3,STANDARD,2,none,0
2696.1,1120,14,10,4,0.7143,card,insufficient_funds,1,12.26,6,3,PREMIUM,0,active,0
2164.32,614,9,8,1,0.8889,upi,temporary_failure,1,57.41,1,3,STANDARD,0,none,1
5637.02,133,9,6,3,0.6667,upi,temporary_failure,1,25.8,16,5,STANDARD,1,none,1
4596.54,728,8,5,3,0.625,upi,bank_decline,1,40.78,0,5,STANDARD,2,none,1
5807.37,445,8,6,2,0.75,upi,temporary_failure,2,9.19,8,0,STANDARD,1,none,1
3195.35,250,3,2,1,0.6667,upi,invalid_account,3,18.2,1,2,STANDARD,2,none,0
1655.22,734,18,15,3,0.8333,upi,insufficient_funds,2,67.39,2,1,STANDARD,0,none,1
7323.79,709,6,5,1,0.8333,upi,temporary_failure,2,113.99,1,2,STANDARD,0,none,1
9832.88,805,8,7,1,0.875,upi,insufficient_funds,3,85.39,20,1,STANDARD,2,none,0
3360.48,320,8,6,2,0.75,card,bank_timeout,1,27.76,22,6,STANDARD,0,none,0
9851.66,965,8,7,1,0.875,card,bank_decline,3,21.12,13,6,STANDARD,0,none,1
20514.14,1637,5,4,1,0.8,upi,invalid_account,2,44.16,11,1,PREMIUM,1,active,0
12934.26,113,11,8,3,0.7273,netbanking,temporary_failure,2,38.14,11,2,STANDARD,2,none,0
5313.94,859,10,9,1,0.9,upi,bank_timeout,2,45.26,15,3,STANDARD,0,none,1
2463.24,1113,9,7,2,0.7778,netbanking,temporary_failure,1,10.9,2,2,STANDARD,1,none,1
1529.04,1149,3,3,0,1.0,netbanking,insufficient_funds,1,3.93,12,6,PREMIUM,0,active,1
7334.21,1432,8,6,2,0.75,upi,bank_decline,3,18.37,17,1,STANDARD,0,none,0
2489.23,1715,11,7,4,0.6364,card,fraud_suspected,1,50.38,16,4,STANDARD,2,none,0
7437.22,946,6,5,1,0.8333,netbanking,bank_decline,2,22.4,13,5,STANDARD,0,none,1
1792.23,672,7,4,3,0.5714,upi,bank_timeout,2,47.19,15,2,STANDARD,2,none,0
11877.86,593,11,9,2,0.8182,upi,bank_decline,2,43.59,0,6,PREMIUM,1,active,1
2587.59,1014,11,9,2,0.8182,upi,bank_decline,3,20.15,20,5,PREMIUM,0,active,1
1619.27,436,12,11,1,0.9167,netbanking,insufficient_funds,3,107.94,10,1,STANDARD,1,none,1
4287.35,116,4,2,2,0.5,upi,bank_timeout,3,5.78,19,1,PREMIUM,0,active,1
1959.14,312,10,9,1,0.9,netbanking,insufficient_funds,1,11.7,9,2,STANDARD,3,none,1
1938.5,60,11,8,3,0.7273,upi,temporary_failure,3,17.08,6,6,PREMIUM,1,active,1
7678.23,1052,8,7,1,0.875,netbanking,network_error,2,7.24,19,4,PREMIUM,1,active,1
2606.14,1067,11,9,2,0.8182,upi,temporary_failure,1,28.0,22,2,ENTERPRISE,2,active,1
7817.93,406,9,8,1,0.8889,card,fraud_suspected,1,19.54,8,2,STANDARD,0,none,1
5851.99,1515,14,12,2,0.8571,card,network_error,2,30.69,23,5,STANDARD,3,none,1
3718.71,1663,10,7,3,0.7,upi,network_error,1,12.7,6,2,STANDARD,2,none,1
3524.15,1073,3,1,2,0.3333,upi,bank_decline,1,32.19,5,0,PREMIUM,1,active,1
2485.18,1092,6,5,1,0.8333,upi,temporary_failure,1,38.42,13,5,STANDARD,0,none,1
2370.59,471,9,6,3,0.6667,netbanking,temporary_failure,3,55.44,17,0,ENTERPRISE,1,active,1
4954.85,914,5,4,1,0.8,netbanking,temporary_failure,1,35.01,13,5,STANDARD,1,none,0
6979.67,1263,10,10,0,1.0,upi,insufficient_funds,2,29.32,5,1,PREMIUM,0,active,1
6701.04,1312,5,4,1,0.8,upi,insufficient_funds,3,66.61,6,6,STANDARD,5,none,1
12734.96,1473,14,10,4,0.7143,upi,fraud_suspected,2,68.56,4,4,STANDARD,0,none,0
4189.52,167,6,5,1,0.8333,upi,temporary_failure,1,77.45,15,2,PREMIUM,0,active,1
15711.31,587,15,12,3,0.8,upi,invalid_account,3,32.89,6,4,STANDARD,3,none,0
4063.26,1671,9,7,2,0.7778,card,network_error,3,81.12,12,6,STANDARD,0,none,1
5014.09,1238,4,3,1,0.75,upi,bank_timeout,2,8.41,19,0,STANDARD,1,none,1
31167.91,1059,8,7,1,0.875,upi,network_error,1,34.49,20,2,STANDARD,1,none,1
9222.72,1282,8,7,1,0.875,upi,invalid_account,2,104.62,21,3,STANDARD,1,none,0
4781.0,868,11,8,3,0.7273,upi,insufficient_funds,2,4.93,5,3,STANDARD,1,none,1
7519.93,834,8,5,3,0.625,netbanking,temporary_failure,3,22.32,22,5,STANDARD,2,none,0
5107.22,1053,6,3,3,0.5,netbanking,temporary_failure,1,18.76,20,6,PREMIUM,0,active,1
21460.68,927,5,3,2,0.6,netbanking,invalid_account,2,79.88,7,6,STANDARD,3,none,0
3104.42,213,10,8,2,0.8,card,insufficient_funds,3,52.76,7,5,PREMIUM,1,active,1
1426.45,525,6,5,1,0.8333,wallet,insufficient_funds,3,47.08,4,4,STANDARD,2,none,0
3719.86,1444,4,1,3,0.25,upi,insufficient_funds,2,32.36,19,4,STANDARD,0,none,0
2756.55,1678,13,9,4,0.6923,card,bank_decline,3,53.5,11,0,PREMIUM,2,active,0
2820.27,1549,7,7,0,1.0,card,network_error,1,11.82,23,2,STANDARD,0,none,1
1384.07,1214,10,8,2,0.8,upi,network_error,2,24.54,23,4,ENTERPRISE,3,active,1
9717.48,400,6,5,1,0.8333,netbanking,network_error,2,31.89,10,3,STANDARD,0,none,1
7008.12,1088,7,4,3,0.5714,card,bank_timeout,3,81.25,8,6,STANDARD,1,none,0
19160.82,112,7,6,1,0.8571,card,fraud_suspected,1,45.93,13,4,STANDARD,1,none,0
6037.47,955,4,3,1,0.75,card,fraud_suspected,1,67.26,21,6,STANDARD,0,none,1
9428.34,23,8,6,2,0.75,card,insufficient_funds,3,104.64,16,5,PREMIUM,1,active,0
3802.16,1039,10,6,4,0.6,wallet,bank_decline,1,6.0,22,1,PREMIUM,1,active,1
2622.49,1325,10,7,3,0.7,card,insufficient_funds,1,49.38,5,4,STANDARD,1,none,1
1984.5,29,11,7,4,0.6364,upi,temporary_failure,1,17.84,5,0,PREMIUM,1,active,1
10299.89,228,15,11,4,0.7333,upi,temporary_failure,3,72.13,19,6,PREMIUM,0,active,0
7535.51,111,9,7,2,0.7778,upi,bank_timeout,2,10.46,5,6,STANDARD,0,none,0
6746.66,1146,10,6,4,0.6,upi,bank_timeout,1,33.62,23,2,STANDARD,1,none,0
2482.66,866,7,5,2,0.7143,netbanking,temporary_failure,3,7.76,10,3,STANDARD,0,none,1
16040.11,1491,14,6,8,0.4286,upi,network_error,1,44.99,20,3,PREMIUM,0,active,0
3201.87,177,10,8,2,0.8,upi,insufficient_funds,2,12.41,3,2,STANDARD,2,none,0
3889.68,224,7,4,3,0.5714,upi,network_error,3,34.52,12,0,STANDARD,3,none,1
2960.89,443,13,9,4,0.6923,upi,temporary_failure,1,86.02,9,5,STANDARD,1,none,1
5012.98,1009,6,4,2,0.6667,upi,network_error,1,32.1,10,1,STANDARD,2,none,0
10253.24,1403,9,7,2,0.7778,netbanking,temporary_failure,3,8.94,16,2,STANDARD,1,none,1
4490.47,42,8,5,3,0.625,wallet,insufficient_funds,1,18.11,18,3,STANDARD,2,none,0
3669.51,977,9,7,2,0.7778,upi,insufficient_funds,1,20.2,5,0,STANDARD,2,none,1
1725.41,1389,5,5,0,1.0,upi,temporary_failure,2,110.02,13,4,STANDARD,4,none,1
15329.27,1199,11,7,4,0.6364,card,bank_decline,1,60.4,4,0,STANDARD,0,none,1
1235.95,127,5,3,2,0.6,card,bank_decline,3,62.38,12,1,STANDARD,0,none,1
1385.44,1237,10,6,4,0.6,upi,network_error,3,30.06,13,3,PREMIUM,1,active,0
6059.21,924,8,7,1,0.875,wallet,network_error,2,9.6,2,0,STANDARD,1,none,1
3508.12,1785,10,6,4,0.6,upi,invalid_account,3,29.59,16,6,STANDARD,1,none,0
5845.89,1438,13,12,1,0.9231,card,bank_decline,3,11.86,1,2,PREMIUM,0,active,1
3676.05,441,11,9,2,0.8182,upi,insufficient_funds,1,4.93,7,3,STANDARD,0,none,1
1179.65,1685,5,5,0,1.0,netbanking,temporary_failure,1,22.03,2,4,STANDARD,1,none,0
1113.72,1198,13,11,2,0.8462,card,bank_timeout,3,80.75,18,2,STANDARD,0,none,1
950.1,243,10,7,3,0.7,netbanking,temporary_failure,1,25.38,15,4,PREMIUM,3,active,1
25228.31,243,9,7,2,0.7778,upi,bank_timeout,3,34.54,13,1,STANDARD,2,none,1
1595.12,851,9,7,2,0.7778,wallet,temporary_failure,2,17.23,16,2,STANDARD,1,none,1
2686.59,1777,6,6,0,1.0,netbanking,bank_decline,3,37.05,1,4,STANDARD,0,none,1
9397.73,798,17,12,5,0.7059,netbanking,bank_timeout,3,23.31,13,3,STANDARD,1,none,1
8590.59,1595,6,5,1,0.8333,upi,bank_decline,2,14.5,5,3,PREMIUM,1,active,1
2057.76,557,4,3,1,0.75,upi,temporary_failure,2,34.29,11,4,STANDARD,2,none,1
2432.03,271,6,3,3,0.5,upi,insufficient_funds,3,15.34,21,4,STANDARD,0,none,0
3559.06,282,9,8,1,0.8889,upi,insufficient_funds,2,12.03,1,5,STANDARD,1,none,1
2228.61,690,5,4,1,0.8,upi,bank_decline,1,7.44,8,1,ENTERPRISE,0,active,1
6682.64,818,7,5,2,0.7143,wallet,temporary_failure,1,159.25,13,3,STANDARD,5,none,1
42096.67,1194,7,5,2,0.7143,card,temporary_failure,1,32.1,8,6,STANDARD,1,none,1
2676.65,1551,8,7,1,0.875,card,insufficient_funds,2,15.78,1,2,STANDARD,2,none,1
2329.75,628,10,9,1,0.9,wallet,insufficient_funds,3,52.54,2,5,STANDARD,0,none,1
7029.77,447,7,5,2,0.7143,card,insufficient_funds,1,183.87,17,2,STANDARD,0,none,1
494.19,1199,8,6,2,0.75,netbanking,network_error,3,25.61,10,5,PREMIUM,0,active,1
4565.6,85,3,3,0,1.0,card,insufficient_funds,1,40.76,2,2,ENTERPRISE,1,active,1
1797.7,205,6,5,1,0.8333,upi,temporary_failure,3,59.24,17,6,PREMIUM,2,active,1
14228.26,171,3,0,3,0.0,netbanking,bank_timeout,1,80.19,5,6,PREMIUM,4,active,1
1865.38,1550,13,11,2,0.8462,upi,insufficient_funds,2,23.61,9,5,PREMIUM,0,active,1
3650.46,1365,3,3,0,1.0,upi,temporary_failure,1,45.49,8,4,STANDARD,2,none,1
3417.29,325,2,2,0,1.0,upi,network_error,2,20.84,15,6,STANDARD,1,none,1
5188.9,1445,6,3,3,0.5,card,temporary_failure,3,47.77,2,2,STANDARD,1,none,0
7122.6,427,11,9,2,0.8182,upi,insufficient_funds,3,24.95,22,4,STANDARD,3,none,0
5691.5,787,7,5,2,0.7143,upi,bank_decline,3,189.78,20,6,STANDARD,0,none,0
1578.66,711,7,7,0,1.0,card,insufficient_funds,1,27.76,19,3,PREMIUM,1,active,1
4700.14,822,8,5,3,0.625,upi,insufficient_funds,1,78.46,4,3,PREMIUM,1,active,0
9124.97,957,14,9,5,0.6429,upi,bank_timeout,3,5.9,11,4,ENTERPRISE,4,active,1
2205.06,214,9,7,2,0.7778,card,temporary_failure,2,72.16,7,2,STANDARD,0,none,1
2749.89,554,12,8,4,0.6667,netbanking,bank_decline,2,46.06,11,2,STANDARD,3,none,1
6768.86,1180,9,7,2,0.7778,upi,bank_timeout,1,36.22,7,4,STANDARD,0,none,0
1487.88,1641,7,7,0,1.0,upi,network_error,3,40.98,2,5,PREMIUM,3,active,1
6145.07,1027,11,9,2,0.8182,upi,insufficient_funds,1,25.56,6,5,STANDARD,2,none,1
6111.88,376,11,8,3,0.7273,netbanking,bank_timeout,3,21.06,19,2,STANDARD,2,none,1
1422.79,451,7,7,0,1.0,upi,temporary_failure,2,30.02,2,2,PREMIUM,2,active,1
5748.28,550,9,7,2,0.7778,upi,insufficient_funds,1,101.05,5,5,STANDARD,0,none,1
3406.25,1798,10,7,3,0.7,card,network_error,3,9.83,21,6,STANDARD,1,none,0
2476.88,172,8,8,0,1.0,card,temporary_failure,3,4.92,23,6,PREMIUM,0,active,0
7259.88,921,11,11,0,1.0,card,fraud_suspected,3,7.32,8,6,STANDARD,3,none,1
1903.1,1247,10,9,1,0.9,upi,invalid_account,3,100.67,13,0,STANDARD,1,none,0
4493.22,826,6,6,0,1.0,upi,invalid_account,2,56.48,3,2,STANDARD,2,none,0
4883.22,778,10,7,3,0.7,upi,bank_timeout,2,47.15,8,1,STANDARD,1,none,0
5791.25,1523,11,7,4,0.6364,upi,insufficient_funds,2,28.51,0,2,PREMIUM,1,active,1
11560.51,1035,12,8,4,0.6667,netbanking,network_error,3,39.38,20,2,STANDARD,0,none,0
5911.95,848,10,8,2,0.8,wallet,bank_decline,2,35.9,2,1,PREMIUM,0,active,1
4464.11,1014,7,6,1,0.8571,upi,network_error,1,13.37,11,0,STANDARD,2,none,1
2412.88,731,8,5,3,0.625,upi,bank_timeout,2,60.55,4,1,STANDARD,2,none,0
7141.65,702,8,6,2,0.75,netbanking,bank_decline,3,11.4,13,1,PREMIUM,1,active,0
6031.05,12,7,4,3,0.5714,card,temporary_failure,1,47.27,8,5,PREMIUM,0,active,0
1820.24,1193,11,9,2,0.8182,upi,temporary_failure,1,35.2,12,1,STANDARD,5,none,1
3177.19,647,7,6,1,0.8571,upi,bank_timeout,1,34.43,1,3,STANDARD,0,none,1
1882.38,181,6,5,1,0.8333,upi,insufficient_funds,3,37.73,5,6,STANDARD,4,none,1
5463.48,1775,11,8,3,0.7273,upi,bank_timeout,2,29.08,5,0,STANDARD,4,none,1
3732.45,872,9,7,2,0.7778,upi,network_error,1,10.71,13,4,STANDARD,0,none,1
5734.57,932,9,7,2,0.7778,card,temporary_failure,2,24.94,5,1,PREMIUM,0,active,1
3110.27,121,9,7,2,0.7778,netbanking,bank_timeout,1,60.16,10,1,PREMIUM,1,active,1
4703.83,1240,10,9,1,0.9,upi,temporary_failure,3,39.3,0,2,STANDARD,3,none,1
5116.5,791,7,6,1,0.8571,upi,insufficient_funds,2,50.1,23,6,STANDARD,0,none,1
6220.76,1099,10,4,6,0.4,upi,bank_decline,3,69.94,7,2,PREMIUM,1,active,0
4094.43,1120,9,7,2,0.7778,wallet,temporary_failure,1,57.06,22,0,STANDARD,2,none,1
1586.16,1587,9,8,1,0.8889,netbanking,bank_decline,2,96.43,15,1,STANDARD,4,none,0
8530.95,1383,10,6,4,0.6,upi,network_error,2,27.02,21,6,PREMIUM,0,active,1
8766.32,1636,10,9,1,0.9,card,bank_decline,2,14.61,1,4,STANDARD,0,none,0
12451.26,1244,13,10,3,0.7692,card,temporary_failure,2,41.16,2,1,STANDARD,1,none,1
1787.57,1179,10,9,1,0.9,wallet,temporary_failure,3,55.72,12,6,STANDARD,1,none,1
2435.53,1037,13,9,4,0.6923,upi,network_error,1,30.56,1,6,STANDARD,0,none,0
1706.56,99,11,8,3,0.7273,netbanking,invalid_account,1,12.86,19,4,PREMIUM,1,active,0
686.17,308,9,7,2,0.7778,netbanking,insufficient_funds,3,18.96,21,5,STANDARD,2,none,1
7715.16,1571,9,7,2,0.7778,card,bank_decline,1,19.9,13,4,STANDARD,1,none,1
1171.42,127,14,12,2,0.8571,upi,insufficient_funds,1,42.79,21,4,STANDARD,0,none,1
6565.11,1756,10,9,1,0.9,wallet,invalid_account,1,77.01,21,4,STANDARD,0,none,1
1229.53,1749,10,8,2,0.8,netbanking,network_error,1,34.47,20,6,STANDARD,0,none,1
968.56,828,10,9,1,0.9,upi,temporary_failure,2,7.46,13,5,STANDARD,0,none,1
2715.43,1348,12,11,1,0.9167,card,network_error,3,71.29,7,3,PREMIUM,2,active,0
5454.04,261,9,7,2,0.7778,upi,bank_timeout,2,19.27,7,5,PREMIUM,0,active,0
898.28,272,9,6,3,0.6667,upi,network_error,1,55.8,5,1,STANDARD,2,none,0
2448.94,834,5,4,1,0.8,netbanking,insufficient_funds,2,39.81,20,5,STANDARD,0,none,0
1114.85,1753,14,12,2,0.8571,upi,insufficient_funds,3,45.26,7,4,PREMIUM,0,active,1
6786.48,1072,11,9,2,0.8182,card,network_error,3,30.07,9,0,ENTERPRISE,2,active,1
3796.63,1570,9,9,0,1.0,card,invalid_account,3,7.84,3,1,STANDARD,0,none,0
3890.43,478,12,10,2,0.8333,netbanking,bank_timeout,1,98.7,10,0,STANDARD,0,none,0
7895.51,929,8,4,4,0.5,card,insufficient_funds,2,2.76,10,3,STANDARD,1,none,0
3177.82,1420,11,9,2,0.8182,card,insufficient_funds,3,13.18,0,4,STANDARD,1,none,1
5482.0,577,10,10,0,1.0,card,invalid_account,1,34.27,22,1,STANDARD,3,none,0
14339.34,317,8,8,0,1.0,upi,bank_decline,1,67.12,1,4,STANDARD,2,none,1
3944.81,199,12,10,2,0.8333,upi,network_error,3,85.92,23,4,STANDARD,0,none,1
885.68,1632,10,7,3,0.7,card,insufficient_funds,3,6.48,19,0,PREMIUM,0,active,0
5566.47,901,11,8,3,0.7273,card,temporary_failure,1,29.97,19,4,STANDARD,1,none,1
1913.27,1118,8,8,0,1.0,upi,fraud_suspected,3,51.51,14,3,STANDARD,1,none,0
2710.68,1451,10,8,2,0.8,upi,bank_decline,2,18.96,12,0,PREMIUM,0,active,1
2195.71,841,9,5,4,0.5556,upi,temporary_failure,2,45.9,17,4,STANDARD,0,none,0
4487.03,1615,8,8,0,1.0,upi,bank_decline,1,78.53,4,4,STANDARD,0,none,0
3363.34,74,5,5,0,1.0,upi,insufficient_funds,1,98.69,0,4,STANDARD,0,none,1
3289.09,907,5,5,0,1.0,netbanking,temporary_failure,2,62.07,6,4,STANDARD,1,none,1
6471.22,1533,9,7,2,0.7778,netbanking,temporary_failure,2,26.3,13,0,STANDARD,2,none,1
3151.55,334,5,5,0,1.0,upi,bank_timeout,2,32.86,22,5,PREMIUM,1,active,1
4407.88,1150,12,8,4,0.6667,upi,insufficient_funds,2,15.15,7,0,STANDARD,0,none,0
10320.98,1093,14,12,2,0.8571,upi,invalid_account,3,54.69,10,2,STANDARD,1,none,0
11671.85,550,8,5,3,0.625,wallet,fraud_suspected,2,29.3,15,2,PREMIUM,1,active,0
18552.89,1289,7,6,1,0.8571,upi,network_error,3,18.69,23,6,STANDARD,4,none,1
12473.02,1026,11,10,1,0.9091,netbanking,temporary_failure,3,30.69,14,3,STANDARD,0,none,1
1123.92,728,6,5,1,0.8333,card,fraud_suspected,2,13.62,7,2,PREMIUM,0,active,1
2071.93,1300,8,7,1,0.875,card,insufficient_funds,2,14.65,11,6,STANDARD,1,none,1
6447.41,601,6,5,1,0.8333,upi,network_error,1,1.59,18,1,PREMIUM,0,active,1
5671.02,644,3,3,0,1.0,upi,invalid_account,1,33.62,12,0,PREMIUM,0,active,1
3267.74,1166,12,10,2,0.8333,upi,invalid_account,1,40.65,9,2,PREMIUM,1,active,0
7519.58,860,10,9,1,0.9,netbanking,bank_timeout,1,42.4,7,6,PREMIUM,1,active,1
1665.19,1373,9,8,1,0.8889,card,temporary_failure,3,4.59,4,6,STANDARD,1,none,1
6919.34,1375,17,14,3,0.8235,netbanking,temporary_failure,2,23.7,3,0,STANDARD,1,none,1
8824.53,326,13,11,2,0.8462,netbanking,invalid_account,2,41.39,8,4,PREMIUM,0,active,0
1005.24,239,13,11,2,0.8462,card,temporary_failure,3,36.55,2,6,STANDARD,0,none,1
4179.64,8,7,5,2,0.7143,card,bank_decline,3,88.47,16,4,STANDARD,2,none,0
4689.53,1546,14,9,5,0.6429,card,network_error,3,31.56,22,5,STANDARD,0,none,0
1686.69,1094,13,11,2,0.8462,card,temporary_failure,2,27.43,23,1,STANDARD,2,none,1
1304.8,440,18,12,6,0.6667,card,invalid_account,3,22.96,7,4,PREMIUM,1,active,0
4700.94,206,7,7,0,1.0,card,bank_decline,1,34.27,23,5,PREMIUM,2,active,1
5850.91,722,14,14,0,1.0,wallet,temporary_failure,3,69.79,9,4,STANDARD,1,none,1
3350.06,136,11,8,3,0.7273,wallet,bank_decline,1,22.23,1,3,STANDARD,0,none,0
2744.7,1362,9,8,1,0.8889,card,invalid_account,2,37.91,13,6,ENTERPRISE,1,active,0
5523.91,123,10,7,3,0.7,upi,temporary_failure,1,54.21,22,0,STANDARD,1,none,1
1138.12,354,11,8,3,0.7273,upi,network_error,1,7.6,1,5,PREMIUM,1,active,1
11310.1,230,14,10,4,0.7143,upi,fraud_suspected,3,15.95,17,4,PREMIUM,2,active,1
23681.42,541,10,6,4,0.6,netbanking,bank_timeout,3,18.09,3,5,ENTERPRISE,0,active,0
4179.41,1782,6,6,0,1.0,upi,network_error,3,11.64,14,5,STANDARD,2,none,0
11568.8,998,9,9,0,1.0,upi,temporary_failure,3,19.92,3,3,PREMIUM,0,active,1
7993.85,1611,7,5,2,0.7143,card,temporary_failure,1,6.72,3,6,STANDARD,0,none,0
30906.14,1416,8,8,0,1.0,upi,network_error,2,60.03,2,3,STANDARD,4,none,1
536.57,765,13,5,8,0.3846,card,insufficient_funds,3,15.45,17,6,STANDARD,0,none,0
6538.41,768,12,10,2,0.8333,netbanking,insufficient_funds,1,20.94,15,5,PREMIUM,1,active,1
485.75,1550,6,3,3,0.5,netbanking,network_error,2,17.82,0,3,STANDARD,2,none,1
1754.41,1570,4,4,0,1.0,card,temporary_failure,1,32.93,13,0,STANDARD,0,none,1
3627.54,1680,6,5,1,0.8333,netbanking,temporary_failure,2,12.55,23,3,STANDARD,3,none,1
2811.66,440,8,7,1,0.875,netbanking,insufficient_funds,3,70.19,11,5,PREMIUM,1,active,0
10172.99,1348,15,13,2,0.8667,upi,temporary_failure,2,36.91,15,0,STANDARD,2,none,0
16418.68,1587,5,3,2,0.6,card,temporary_failure,3,57.58,18,3,STANDARD,1,none,0
5524.69,1377,6,6,0,1.0,card,bank_decline,3,78.53,18,4,PREMIUM,1,active,1
31965.0,1386,6,5,1,0.8333,upi,temporary_failure,1,25.04,15,0,STANDARD,2,none,1
1436.89,171,7,5,2,0.7143,upi,insufficient_funds,3,15.51,10,1,PREMIUM,0,active,1
1783.23,381,8,5,3,0.625,card,bank_decline,1,56.8,3,6,STANDARD,5,none,0
1528.94,1692,8,5,3,0.625,wallet,insufficient_funds,2,41.85,9,2,STANDARD,1,none,0
9045.54,1493,10,8,2,0.8,upi,insufficient_funds,1,78.15,14,3,PREMIUM,1,active,0
10843.85,342,11,7,4,0.6364,netbanking,temporary_failure,1,18.7,3,6,PREMIUM,0,active,1
1092.84,61,12,8,4,0.6667,upi,temporary_failure,3,42.07,20,6,PREMIUM,0,active,0
1913.84,808,12,8,4,0.6667,card,insufficient_funds,1,24.98,23,3,PREMIUM,3,active,1
3179.01,756,4,4,0,1.0,upi,bank_decline,1,51.49,2,3,PREMIUM,1,active,1
2360.78,1138,10,7,3,0.7,netbanking,bank_decline,2,46.02,2,4,STANDARD,1,none,1
2290.68,970,13,4,9,0.3077,card,temporary_failure,1,34.01,15,5,ENTERPRISE,1,active,1
3027.56,1052,6,5,1,0.8333,netbanking,temporary_failure,3,13.8,12,2,PREMIUM,1,active,0
1746.38,1302,5,4,1,0.8,wallet,temporary_failure,1,16.08,0,5,STANDARD,1,none,1
8907.69,737,8,5,3,0.625,upi,fraud_suspected,3,19.8,13,6,PREMIUM,0,active,0
14759.73,1092,11,10,1,0.9091,upi,temporary_failure,3,74.46,14,2,PREMIUM,0,active,1
1186.12,1556,14,11,3,0.7857,upi,temporary_failure,3,23.44,15,6,PREMIUM,0,active,1
4953.17,1477,7,5,2,0.7143,netbanking,insufficient_funds,2,37.95,1,4,STANDARD,0,none,1
6502.43,1175,4,3,1,0.75,upi,fraud_suspected,3,66.93,10,3,PREMIUM,0,active,0
1801.72,376,9,6,3,0.6667,netbanking,network_error,1,13.68,9,6,STANDARD,0,none,1
970.73,1046,8,8,0,1.0,wallet,network_error,3,90.09,15,2,STANDARD,1,none,1
3300.34,726,8,4,4,0.5,card,fraud_suspected,2,37.12,4,6,STANDARD,2,none,0
2374.31,1682,9,7,2,0.7778,card,insufficient_funds,3,25.83,20,5,STANDARD,1,none,1
2733.67,712,7,4,3,0.5714,upi,temporary_failure,1,11.94,1,2,STANDARD,2,none,1
6235.88,800,6,6,0,1.0,card,insufficient_funds,1,92.47,20,0,STANDARD,1,none,0
10110.73,1574,10,10,0,1.0,upi,temporary_failure,3,41.41,18,4,STANDARD,2,none,1
34332.14,555,4,4,0,1.0,netbanking,bank_decline,2,24.38,18,3,STANDARD,2,none,1
5322.1,525,8,8,0,1.0,netbanking,insufficient_funds,3,37.39,8,1,PREMIUM,2,active,0
3598.64,1565,8,5,3,0.625,wallet,insufficient_funds,2,16.23,23,0,PREMIUM,1,active,0
1288.8,416,14,11,3,0.7857,wallet,bank_decline,3,54.56,2,5,STANDARD,1,none,0
5850.77,1427,10,7,3,0.7,card,temporary_failure,3,43.32,23,3,STANDARD,0,none,1
4522.64,792,11,10,1,0.9091,upi,insufficient_funds,2,44.3,5,6,STANDARD,2,none,1
3434.79,751,8,5,3,0.625,upi,network_error,1,67.85,9,5,STANDARD,0,none,1
4327.02,76,5,3,2,0.6,upi,temporary_failure,3,19.09,20,3,STANDARD,0,none,1
861.5,1501,12,9,3,0.75,netbanking,temporary_failure,1,23.77,15,3,STANDARD,0,none,1
726.04,407,7,3,4,0.4286,card,fraud_suspected,1,20.28,19,2,PREMIUM,1,active,1
9726.69,1389,10,9,1,0.9,upi,temporary_failure,2,59.39,22,1,STANDARD,1,none,0
743.65,432,6,3,3,0.5,upi,bank_decline,2,67.53,19,5,PREMIUM,0,active,0
1229.37,1516,12,11,1,0.9167,netbanking,insufficient_funds,3,30.54,0,5,STANDARD,1,none,0
1536.45,790,3,2,1,0.6667,netbanking,bank_decline,3,9.49,1,4,STANDARD,2,none,0
5354.44,922,6,6,0,1.0,card,bank_timeout,2,8.98,20,3,STANDARD,1,none,1
27355.31,1145,10,8,2,0.8,upi,bank_timeout,2,17.8,20,0,ENTERPRISE,0,active,1
3690.18,653,2,1,1,0.5,upi,network_error,1,23.5,6,1,STANDARD,1,none,1
2166.29,1321,3,3,0,1.0,wallet,temporary_failure,1,13.28,10,6,PREMIUM,1,active,1
11751.6,1129,13,10,3,0.7692,netbanking,temporary_failure,2,29.77,22,5,STANDARD,0,none,1
1570.51,1708,8,7,1,0.875,upi,bank_timeout,2,18.52,2,4,STANDARD,3,none,1
7193.8,1085,8,7,1,0.875,upi,insufficient_funds,1,65.65,5,1,PREMIUM,0,active,1
5389.78,743,9,7,2,0.7778,wallet,temporary_failure,3,40.12,21,1,STANDARD,2,none,1
2193.96,942,4,4,0,1.0,upi,insufficient_funds,1,90.27,9,0,PREMIUM,2,active,1
3721.47,1617,7,7,0,1.0,card,temporary_failure,1,28.11,13,2,PREMIUM,3,active,1
5234.06,862,11,8,3,0.7273,netbanking,network_error,3,82.82,9,6,STANDARD,1,none,1
2580.3,1451,13,10,3,0.7692,card,network_error,3,31.23,2,1,PREMIUM,1,active,1
3520.4,323,13,10,3,0.7692,card,insufficient_funds,3,19.39,3,2,STANDARD,3,none,0
5223.74,775,11,10,1,0.9091,upi,bank_decline,3,30.87,11,1,PREMIUM,3,active,1
6959.41,1009,5,4,1,0.8,netbanking,network_error,1,16.96,16,4,STANDARD,0,none,1
1015.54,1245,12,7,5,0.5833,card,temporary_failure,1,26.33,1,2,STANDARD,1,none,1
3846.26,1397,8,5,3,0.625,card,temporary_failure,1,17.41,13,6,STANDARD,0,none,1
2254.07,166,9,3,6,0.3333,upi,temporary_failure,3,22.5,22,6,STANDARD,1,none,0
12172.21,1413,7,6,1,0.8571,card,bank_decline,1,51.12,16,1,STANDARD,1,none,0
3856.22,1662,7,7,0,1.0,netbanking,bank_decline,2,29.48,14,4,STANDARD,0,none,0
3459.55,168,9,8,1,0.8889,card,bank_decline,2,20.0,11,1,PREMIUM,0,active,0
13011.37,1282,17,11,6,0.6471,netbanking,insufficient_funds,1,10.44,21,6,STANDARD,0,none,0
1503.61,794,9,8,1,0.8889,card,insufficient_funds,3,26.49,7,5,STANDARD,1,none,1
4333.1,1713,9,8,1,0.8889,upi,bank_timeout,1,52.71,20,3,STANDARD,4,none,1
2618.65,1401,18,10,8,0.5556,card,bank_decline,1,77.65,17,3,STANDARD,4,none,0
19901.46,84,13,11,2,0.8462,upi,fraud_suspected,1,19.13,4,0,STANDARD,0,none,0
1888.48,656,8,6,2,0.75,card,network_error,3,55.94,6,5,PREMIUM,1,active,0
4154.38,665,12,10,2,0.8333,upi,temporary_failure,2,86.31,10,2,STANDARD,2,none,1
3684.32,267,7,6,1,0.8571,upi,insufficient_funds,1,80.55,12,6,STANDARD,0,none,1
3776.53,1093,10,8,2,0.8,card,temporary_failure,1,59.85,10,2,PREMIUM,2,active,1
11963.13,819,4,4,0,1.0,netbanking,fraud_suspected,3,77.25,22,3,PREMIUM,1,active,0
6733.45,430,13,11,2,0.8462,card,bank_decline,3,43.74,3,0,STANDARD,2,none,1
4199.26,456,13,9,4,0.6923,netbanking,insufficient_funds,3,97.81,13,6,STANDARD,2,none,0
7196.3,1497,11,10,1,0.9091,wallet,insufficient_funds,1,90.48,18,5,STANDARD,0,none,1
4175.91,836,6,6,0,1.0,wallet,network_error,3,50.92,2,3,STANDARD,0,none,1
1260.71,456,8,4,4,0.5,card,bank_decline,1,38.96,9,2,PREMIUM,1,active,1
5007.94,1657,6,4,2,0.6667,card,network_error,1,26.48,14,4,PREMIUM,1,active,1
40657.5,308,2,1,1,0.5,card,bank_decline,3,63.6,9,6,PREMIUM,1,active,0
7544.73,1195,9,7,2,0.7778,netbanking,temporary_failure,3,4.64,14,3,STANDARD,1,none,0
1796.93,314,11,9,2,0.8182,upi,insufficient_funds,3,6.44,6,4,PREMIUM,0,active,0
893.51,1037,8,8,0,1.0,card,insufficient_funds,2,10.74,17,2,PREMIUM,1,active,0
1931.12,1282,15,12,3,0.8,card,temporary_failure,1,26.29,16,1,PREMIUM,0,active,1
1899.48,855,8,7,1,0.875,upi,network_error,3,49.44,0,2,STANDARD,2,none,0
4483.04,551,4,4,0,1.0,wallet,insufficient_funds,1,18.64,10,3,PREMIUM,1,active,1
14546.19,823,12,8,4,0.6667,upi,temporary_failure,1,24.18,13,1,STANDARD,1,none,1
2055.26,1546,17,9,8,0.5294,card,network_error,3,147.31,18,3,STANDARD,1,none,0
2867.83,1284,7,5,2,0.7143,card,network_error,2,36.04,9,1,STANDARD,0,none,1
7743.97,1024,13,12,1,0.9231,card,temporary_failure,2,165.7,11,2,PREMIUM,1,active,1
3333.52,1477,7,4,3,0.5714,card,network_error,1,24.81,3,1,STANDARD,1,none,0
7778.59,267,5,4,1,0.8,upi,temporary_failure,2,23.54,5,2,STANDARD,2,none,1
2915.58,1366,14,10,4,0.7143,upi,bank_decline,1,108.15,3,2,STANDARD,0,none,0
3191.73,543,6,5,1,0.8333,card,network_error,2,23.66,14,4,STANDARD,1,none,0
3976.31,122,9,6,3,0.6667,upi,invalid_account,1,23.31,15,0,STANDARD,3,none,0
4096.65,1739,14,13,1,0.9286,upi,bank_decline,3,5.15,11,1,PREMIUM,2,active,1
1153.07,537,14,13,1,0.9286,upi,fraud_suspected,2,40.26,22,6,STANDARD,1,none,0
3825.02,414,12,11,1,0.9167,upi,invalid_account,1,32.59,22,4,STANDARD,1,none,1
5762.85,1235,8,6,2,0.75,upi,bank_decline,1,21.79,6,4,PREMIUM,3,active,1
2535.41,168,11,9,2,0.8182,upi,bank_decline,2,71.16,19,6,PREMIUM,1,active,0
5851.94,191,6,5,1,0.8333,upi,insufficient_funds,1,53.45,1,6,PREMIUM,0,active,0
7357.17,56,12,8,4,0.6667,upi,temporary_failure,2,16.74,20,1,STANDARD,1,none,0
4911.15,1511,8,6,2,0.75,card,fraud_suspected,2,43.2,7,3,STANDARD,5,none,0
2736.31,194,6,4,2,0.6667,upi,temporary_failure,2,33.42,3,4,STANDARD,0,none,0
1416.6,671,10,9,1,0.9,netbanking,insufficient_funds,3,55.73,21,4,ENTERPRISE,0,active,1
6571.53,569,9,7,2,0.7778,upi,temporary_failure,3,98.88,7,3,STANDARD,1,none,0
7489.14,959,9,7,2,0.7778,card,temporary_failure,1,17.21,22,1,STANDARD,0,none,1
19245.31,576,6,5,1,0.8333,netbanking,insufficient_funds,1,21.39,5,4,STANDARD,0,none,1
1099.56,1007,7,4,3,0.5714,upi,insufficient_funds,3,35.83,16,0,STANDARD,0,none,0
12690.55,87,9,9,0,1.0,netbanking,insufficient_funds,1,21.75,10,1,STANDARD,0,none,0
10415.9,1765,10,9,1,0.9,upi,bank_decline,3,55.02,10,6,STANDARD,1,none,1
4852.3,818,9,7,2,0.7778,card,temporary_failure,2,30.82,0,4,ENTERPRISE,2,active,1
10055.8,1305,8,8,0,1.0,upi,bank_decline,3,22.91,6,1,STANDARD,1,none,1
4380.23,1454,9,7,2,0.7778,netbanking,temporary_failure,3,41.66,7,4,STANDARD,1,none,1
4655.96,1662,10,5,5,0.5,card,invalid_account,1,22.17,8,2,STANDARD,0,none,0
1664.42,250,14,12,2,0.8571,card,insufficient_funds,3,61.5,2,1,STANDARD,1,none,0
2921.87,62,6,5,1,0.8333,card,insufficient_funds,2,20.87,10,6,PREMIUM,0,active,1
6099.4,918,8,6,2,0.75,card,bank_timeout,2,45.77,9,1,ENTERPRISE,1,active,0
3626.43,427,8,8,0,1.0,netbanking,temporary_failure,3,7.08,12,2,STANDARD,1,none,1
2086.72,1789,9,8,1,0.8889,upi,bank_timeout,1,60.15,3,2,STANDARD,2,none,1
3138.13,1635,10,9,1,0.9,card,temporary_failure,1,92.8,8,1,STANDARD,1,none,1
3909.78,229,13,11,2,0.8462,wallet,insufficient_funds,2,1.54,3,6,STANDARD,1,none,1
10681.45,654,7,5,2,0.7143,netbanking,bank_decline,1,19.02,16,4,STANDARD,1,none,1
9585.94,964,12,7,5,0.5833,card,fraud_suspected,1,35.79,4,3,STANDARD,0,none,0
3267.3,727,5,5,0,1.0,upi,bank_decline,2,42.58,13,1,STANDARD,1,none,1
2749.48,1151,5,4,1,0.8,upi,fraud_suspected,2,59.36,22,2,STANDARD,4,none,0
7363.96,540,12,10,2,0.8333,upi,network_error,1,26.27,16,5,STANDARD,1,none,1
2166.98,718,12,9,3,0.75,upi,insufficient_funds,2,86.1,2,0,STANDARD,0,none,1
6752.91,1513,5,4,1,0.8,card,network_error,2,42.47,6,3,STANDARD,2,none,1
11384.58,486,4,4,0,1.0,card,temporary_failure,1,159.96,5,2,STANDARD,1,none,1
14203.33,1233,12,11,1,0.9167,card,insufficient_funds,1,27.14,12,4,PREMIUM,1,active,1
1960.51,1370,8,6,2,0.75,card,insufficient_funds,1,82.09,12,5,STANDARD,0,none,1
4607.25,187,10,9,1,0.9,upi,fraud_suspected,3,25.5,8,1,STANDARD,3,none,0
4035.78,1031,8,6,2,0.75,card,insufficient_funds,2,16.94,13,6,STANDARD,1,none,0
1076.56,1009,10,9,1,0.9,wallet,bank_timeout,3,27.82,20,2,STANDARD,1,none,0
5973.91,1050,9,8,1,0.8889,card,insufficient_funds,2,14.39,10,5,PREMIUM,0,active,0
3774.24,1477,7,3,4,0.4286,card,temporary_failure,2,55.27,15,0,PREMIUM,3,active,0
3274.6,1115,5,3,2,0.6,card,invalid_account,2,52.03,6,6,PREMIUM,2,active,0
3968.38,137,9,6,3,0.6667,card,network_error,3,41.54,14,4,PREMIUM,4,active,1
3039.55,1268,6,4,2,0.6667,netbanking,temporary_failure,1,26.4,21,3,STANDARD,2,none,1
2460.55,347,8,8,0,1.0,netbanking,bank_timeout,2,9.65,1,5,ENTERPRISE,2,active,1
7528.63,1071,12,11,1,0.9167,upi,insufficient_funds,3,82.51,2,3,STANDARD,2,none,1
3732.94,33,6,6,0,1.0,upi,insufficient_funds,1,49.75,19,2,PREMIUM,0,active,1
9989.06,361,11,9,2,0.8182,netbanking,insufficient_funds,3,31.34,19,1,STANDARD,2,none,1
6734.57,1306,13,10,3,0.7692,card,network_error,1,47.79,13,4,STANDARD,0,none,0
7033.9,1333,6,5,1,0.8333,card,insufficient_funds,1,57.93,3,2,PREMIUM,0,active,0
1215.4,1242,9,6,3,0.6667,card,network_error,3,84.67,17,1,STANDARD,2,none,0
3868.61,1663,6,6,0,1.0,wallet,bank_decline,1,49.33,0,6,STANDARD,0,none,1
7660.13,1656,9,6,3,0.6667,netbanking,insufficient_funds,3,11.9,2,1,STANDARD,0,none,0
11208.87,262,13,9,4,0.6923,card,temporary_failure,1,10.44,2,4,STANDARD,2,none,1
3993.26,50,11,9,2,0.8182,upi,temporary_failure,2,25.91,11,1,STANDARD,2,none,1
1565.59,969,7,5,2,0.7143,card,bank_decline,3,49.58,4,2,STANDARD,1,none,0
11956.73,1436,8,5,3,0.625,wallet,fraud_suspected,1,72.12,0,5,STANDARD,0,none,0
2092.45,1153,13,10,3,0.7692,upi,bank_decline,2,24.36,8,5,STANDARD,0,none,1
967.38,1271,7,4,3,0.5714,card,insufficient_funds,2,35.83,7,0,STANDARD,2,none,0
4023.68,1605,10,7,3,0.7,netbanking,temporary_failure,3,14.07,21,0,STANDARD,0,none,1
3676.69,484,15,13,2,0.8667,upi,temporary_failure,2,17.36,17,2,STANDARD,1,none,1
10526.37,1035,5,5,0,1.0,upi,insufficient_funds,1,87.6,10,6,STANDARD,1,none,0
9339.46,130,6,6,0,1.0,upi,insufficient_funds,2,69.34,14,5,STANDARD,1,none,1
2572.45,546,10,6,4,0.6,upi,invalid_account,2,19.64,14,3,STANDARD,1,none,0
1677.9,1429,11,8,3,0.7273,upi,network_error,2,59.09,17,6,STANDARD,0,none,1
2985.09,911,11,11,0,1.0,card,network_error,1,15.28,0,0,STANDARD,0,none,1
4546.38,320,6,4,2,0.6667,upi,bank_timeout,3,11.17,3,3,PREMIUM,4,active,0
6660.39,1315,8,6,2,0.75,upi,insufficient_funds,1,47.84,13,1,PREMIUM,0,active,1
2840.93,521,5,3,2,0.6,wallet,bank_timeout,1,36.15,20,3,STANDARD,0,none,0
6818.58,521,12,11,1,0.9167,netbanking,bank_decline,3,27.53,6,5,STANDARD,2,none,0
2382.21,725,6,3,3,0.5,upi,bank_timeout,1,14.02,1,0,STANDARD,1,none,1
15145.25,1604,10,8,2,0.8,upi,fraud_suspected,3,40.93,11,2,STANDARD,1,none,0
5081.89,1620,9,5,4,0.5556,netbanking,network_error,1,21.94,0,0,PREMIUM,1,active,1
1409.25,1230,6,5,1,0.8333,netbanking,insufficient_funds,2,34.14,0,2,STANDARD,0,none,1
2295.27,1696,8,7,1,0.875,upi,bank_timeout,1,46.58,8,5,STANDARD,1,none,1
2085.94,321,8,7,1,0.875,netbanking,temporary_failure,2,56.09,13,4,STANDARD,0,none,0
3003.79,1335,9,6,3,0.6667,card,fraud_suspected,2,72.67,0,1,STANDARD,2,none,0
1540.1,1573,12,8,4,0.6667,upi,bank_decline,2,10.41,13,6,STANDARD,0,none,0
2930.77,1554,9,7,2,0.7778,card,bank_timeout,1,36.36,1,1,PREMIUM,1,active,1
2709.29,1303,12,7,5,0.5833,netbanking,temporary_failure,1,61.97,18,2,PREMIUM,2,active,0
4965.57,1193,13,7,6,0.5385,card,invalid_account,3,85.02,20,0,PREMIUM,2,active,0
2737.64,697,17,11,6,0.6471,card,network_error,2,7.32,12,5,STANDARD,2,none,0
8041.58,345,10,6,4,0.6,card,network_error,3,30.45,2,3,STANDARD,0,none,0
2901.2,815,17,15,2,0.8824,upi,temporary_failure,2,31.2,23,0,PREMIUM,2,active,0
1499.82,679,12,8,4,0.6667,card,invalid_account,3,27.3,0,2,STANDARD,3,none,0
578.48,554,8,6,2,0.75,upi,bank_timeout,3,38.33,1,0,PREMIUM,2,active,0
4685.93,1489,18,14,4,0.7778,upi,insufficient_funds,1,34.02,18,5,STANDARD,0,none,0
2624.8,657,7,2,5,0.2857,upi,bank_timeout,2,34.89,1,2,STANDARD,0,none,0
1151.87,974,11,9,2,0.8182,card,fraud_suspected,1,19.73,9,4,STANDARD,2,none,0
3979.65,1666,6,5,1,0.8333,card,temporary_failure,3,31.41,14,0,STANDARD,1,none,0
2106.64,145,10,8,2,0.8,card,invalid_account,1,7.37,7,3,STANDARD,0,none,0
9620.38,389,6,6,0,1.0,upi,insufficient_funds,1,23.88,6,1,STANDARD,0,none,0
2052.87,444,8,7,1,0.875,card,bank_decline,3,19.66,1,6,STANDARD,0,none,0
14441.15,613,6,6,0,1.0,upi,bank_timeout,2,19.93,8,6,STANDARD,3,none,1
3603.36,855,9,6,3,0.6667,netbanking,temporary_failure,3,57.57,18,2,STANDARD,1,none,0
4790.66,1423,18,14,4,0.7778,upi,insufficient_funds,1,66.93,4,6,STANDARD,0,none,0
6466.89,1123,6,5,1,0.8333,upi,bank_decline,2,4.22,2,4,STANDARD,0,none,1
6035.61,1464,8,7,1,0.875,upi,bank_timeout,2,14.84,19,3,PREMIUM,1,active,1
4442.82,1672,4,2,2,0.5,upi,bank_decline,2,22.87,8,4,STANDARD,0,none,1
1351.37,525,8,8,0,1.0,card,bank_decline,3,32.57,22,6,STANDARD,0,none,0
35562.28,125,12,10,2,0.8333,upi,bank_decline,3,10.44,7,2,PREMIUM,4,active,0
1521.19,189,13,8,5,0.6154,upi,bank_timeout,1,73.64,9,4,STANDARD,1,none,0
1446.6,394,8,7,1,0.875,netbanking,bank_timeout,1,35.45,10,5,PREMIUM,2,active,1
5253.71,1772,10,6,4,0.6,card,bank_timeout,2,37.33,2,6,STANDARD,0,none,1
8587.29,612,7,6,1,0.8571,upi,network_error,3,37.57,11,5,ENTERPRISE,2,active,1
1571.74,1094,4,3,1,0.75,upi,temporary_failure,2,53.19,23,6,STANDARD,3,none,1
12323.96,1525,11,9,2,0.8182,card,network_error,1,19.81,23,1,STANDARD,2,none,1
1497.97,1170,8,5,3,0.625,upi,insufficient_funds,3,16.9,17,4,STANDARD,0,none,0
7949.34,684,9,8,1,0.8889,upi,insufficient_funds,1,18.75,6,1,STANDARD,1,none,1
5100.31,849,11,9,2,0.8182,upi,fraud_suspected,1,81.27,11,1,STANDARD,2,none,1
25183.92,460,11,7,4,0.6364,upi,insufficient_funds,3,43.26,20,1,STANDARD,1,none,0
6035.59,1180,8,6,2,0.75,card,bank_timeout,1,7.56,23,6,PREMIUM,0,active,1
5725.14,64,6,5,1,0.8333,upi,temporary_failure,2,14.93,8,2,PREMIUM,0,active,0
5076.99,1349,12,9,3,0.75,netbanking,bank_decline,2,12.76,7,6,ENTERPRISE,2,active,1
10135.27,1436,7,5,2,0.7143,upi,network_error,2,16.49,4,2,STANDARD,2,none,0
2166.87,753,7,6,1,0.8571,wallet,fraud_suspected,1,1.53,21,3,PREMIUM,1,active,0
3308.17,1120,8,6,2,0.75,upi,temporary_failure,3,104.33,6,0,STANDARD,0,none,1
5529.39,1058,9,7,2,0.7778,netbanking,insufficient_funds,1,58.15,14,1,PREMIUM,0,active,1
13300.63,1248,6,5,1,0.8333,upi,bank_decline,2,156.61,18,6,ENTERPRISE,0,active,0
5750.24,422,13,9,4,0.6923,netbanking,temporary_failure,2,31.49,11,6,STANDARD,1,none,1
1412.13,1615,10,8,2,0.8,card,temporary_failure,2,28.39,9,0,STANDARD,2,none,1
7927.57,549,15,11,4,0.7333,card,network_error,1,26.33,18,0,PREMIUM,1,active,1
6057.28,478,5,4,1,0.8,upi,fraud_suspected,1,8.79,23,5,STANDARD,1,none,0
5170.84,141,13,9,4,0.6923,upi,bank_timeout,3,58.9,22,5,STANDARD,1,none,0
5652.27,1283,6,4,2,0.6667,card,network_error,1,97.17,19,5,STANDARD,0,none,0
2927.53,174,13,10,3,0.7692,upi,bank_timeout,3,13.16,15,2,ENTERPRISE,0,active,0
6197.42,846,13,10,3,0.7692,upi,fraud_suspected,3,30.78,20,2,PREMIUM,1,active,0
1337.81,1431,7,6,1,0.8571,upi,temporary_failure,2,32.07,18,0,STANDARD,1,none,1
10249.75,1159,11,10,1,0.9091,netbanking,temporary_failure,1,6.24,22,0,ENTERPRISE,1,active,1
23229.62,1460,6,5,1,0.8333,upi,insufficient_funds,1,75.09,11,6,STANDARD,1,none,0
15751.33,196,5,5,0,1.0,netbanking,insufficient_funds,3,39.63,17,0,PREMIUM,0,active,1
2999.91,1702,7,6,1,0.8571,upi,temporary_failure,2,79.4,1,6,STANDARD,4,none,1
7505.26,825,11,7,4,0.6364,card,temporary_failure,1,16.51,4,4,PREMIUM,1,active,0
9158.22,1499,12,11,1,0.9167,upi,insufficient_funds,3,70.91,13,5,STANDARD,1,none,0
7194.96,1077,9,7,2,0.7778,upi,invalid_account,1,75.81,15,6,PREMIUM,1,active,0
2532.01,834,11,7,4,0.6364,upi,network_error,2,42.03,6,4,STANDARD,0,none,1
2981.82,261,5,4,1,0.8,card,bank_timeout,2,12.9,2,2,STANDARD,2,none,1
2014.97,178,4,2,2,0.5,netbanking,temporary_failure,3,13.62,3,0,PREMIUM,1,active,0
2363.94,1037,3,2,1,0.6667,card,invalid_account,2,70.15,15,3,PREMIUM,0,active,0
20961.43,1577,11,11,0,1.0,upi,temporary_failure,2,74.46,18,2,PREMIUM,2,active,1
4312.36,311,7,5,2,0.7143,netbanking,bank_timeout,1,13.37,22,5,PREMIUM,4,active,1
1972.34,345,4,3,1,0.75,upi,temporary_failure,1,47.06,6,1,PREMIUM,0,active,1
6956.35,877,11,8,3,0.7273,card,bank_timeout,2,55.29,13,5,STANDARD,1,none,1
18179.36,1070,8,7,1,0.875,card,invalid_account,1,67.81,10,3,STANDARD,1,none,1
6239.1,96,8,7,1,0.875,wallet,insufficient_funds,3,75.64,11,1,STANDARD,0,none,1
4486.07,1644,13,8,5,0.6154,netbanking,network_error,2,7.64,19,3,PREMIUM,0,active,0
511.19,609,7,6,1,0.8571,card,invalid_account,3,30.17,7,5,ENTERPRISE,0,active,1
2249.71,307,5,4,1,0.8,upi,insufficient_funds,2,11.81,12,0,STANDARD,3,none,1
5680.18,897,12,8,4,0.6667,upi,insufficient_funds,3,88.47,21,1,STANDARD,0,none,0
16941.22,998,5,2,3,0.4,upi,network_error,2,15.91,22,1,STANDARD,1,none,0
3913.03,1018,12,11,1,0.9167,upi,temporary_failure,3,5.15,11,3,PREMIUM,1,active,0
8677.12,705,9,7,2,0.7778,upi,bank_decline,1,47.09,19,6,STANDARD,1,none,1
5912.62,1357,8,6,2,0.75,netbanking,invalid_account,2,74.35,21,0,STANDARD,1,none,0
3649.64,151,8,5,3,0.625,upi,temporary_failure,3,32.56,0,4,PREMIUM,1,active,0
2157.07,1264,14,11,3,0.7857,upi,temporary_failure,1,9.98,11,4,STANDARD,0,none,1
4514.04,439,3,3,0,1.0,card,insufficient_funds,3,18.88,22,3,PREMIUM,0,active,1
24162.87,286,11,7,4,0.6364,card,invalid_account,2,41.52,10,5,PREMIUM,0,active,0
683.92,444,8,6,2,0.75,upi,network_error,2,42.29,7,2,STANDARD,1,none,1
3351.81,793,10,7,3,0.7,upi,insufficient_funds,1,28.33,18,0,PREMIUM,1,active,1
3258.27,1544,7,5,2,0.7143,card,temporary_failure,2,42.29,16,5,PREMIUM,1,active,1
2952.69,368,7,5,2,0.7143,card,bank_decline,2,34.0,2,0,STANDARD,0,none,0
8591.77,304,3,2,1,0.6667,card,insufficient_funds,2,24.95,5,3,STANDARD,1,none,0
6848.41,17,12,10,2,0.8333,upi,insufficient_funds,1,59.74,22,4,STANDARD,0,none,1
3882.98,1728,13,10,3,0.7692,upi,insufficient_funds,1,23.59,4,0,PREMIUM,0,active,1
3969.62,795,12,10,2,0.8333,wallet,insufficient_funds,2,23.98,22,5,STANDARD,0,none,1
6163.13,1250,7,4,3,0.5714,wallet,network_error,1,72.33,5,0,STANDARD,1,none,0
9194.78,429,10,7,3,0.7,upi,invalid_account,1,115.12,6,3,STANDARD,1,none,0
13719.07,1041,8,4,4,0.5,card,insufficient_funds,1,16.37,10,0,STANDARD,0,none,0
4270.07,817,7,4,3,0.5714,card,insufficient_funds,1,24.95,13,0,STANDARD,1,none,0
1185.66,86,7,4,3,0.5714,card,fraud_suspected,1,41.71,19,3,STANDARD,4,none,0
8681.84,563,10,8,2,0.8,upi,insufficient_funds,3,25.03,12,1,PREMIUM,4,active,1
3868.36,1502,10,9,1,0.9,upi,invalid_account,1,28.66,21,3,STANDARD,2,none,0
7918.94,959,14,12,2,0.8571,netbanking,temporary_failure,1,21.96,20,4,STANDARD,3,none,1
33202.13,11,10,10,0,1.0,card,temporary_failure,3,71.17,2,2,STANDARD,1,none,0
4091.2,1050,8,6,2,0.75,upi,temporary_failure,1,90.3,7,0,PREMIUM,1,active,1
3747.29,1732,6,6,0,1.0,upi,bank_decline,2,33.9,2,0,STANDARD,2,none,1
1729.97,646,7,7,0,1.0,upi,insufficient_funds,3,51.65,18,5,STANDARD,1,none,1
16300.67,377,9,5,4,0.5556,wallet,fraud_suspected,3,20.03,22,4,STANDARD,1,none,0
582.69,592,5,5,0,1.0,card,temporary_failure,3,10.82,5,5,STANDARD,0,none,1
4467.4,259,4,2,2,0.5,card,insufficient_funds,2,224.97,16,3,STANDARD,1,none,0
8576.1,320,11,10,1,0.9091,card,temporary_failure,1,24.27,2,6,STANDARD,0,none,1
3694.47,1004,7,5,2,0.7143,upi,invalid_account,3,58.46,13,3,PREMIUM,2,active,0
1487.49,799,4,4,0,1.0,upi,bank_decline,3,42.74,13,1,STANDARD,0,none,1
1403.72,215,6,5,1,0.8333,netbanking,bank_decline,2,110.13,11,6,PREMIUM,0,active,0
3334.12,987,12,9,3,0.75,card,network_error,1,16.46,19,2,STANDARD,4,none,0
6898.45,88,4,4,0,1.0,wallet,bank_timeout,1,27.47,20,5,PREMIUM,0,active,1
4977.28,1248,9,8,1,0.8889,card,invalid_account,2,15.27,14,4,STANDARD,1,none,0
2184.92,1728,7,6,1,0.8571,card,insufficient_funds,1,12.11,19,5,STANDARD,3,none,1
10252.68,866,9,6,3,0.6667,upi,temporary_failure,2,32.98,0,6,ENTERPRISE,1,active,1
9610.13,1195,10,6,4,0.6,card,bank_decline,1,7.02,16,1,STANDARD,1,none,1
2167.84,708,13,11,2,0.8462,upi,bank_timeout,2,38.04,1,5,PREMIUM,0,active,1
1748.02,1042,11,9,2,0.8182,upi,temporary_failure,2,15.25,21,3,STANDARD,1,none,1
9059.87,355,8,6,2,0.75,upi,bank_timeout,1,71.48,12,2,STANDARD,5,none,1
3319.99,131,6,5,1,0.8333,card,temporary_failure,3,104.06,22,4,STANDARD,0,none,0
5094.11,1080,14,7,7,0.5,upi,temporary_failure,2,4.44,0,6,STANDARD,1,none,0
8802.63,919,8,6,2,0.75,upi,bank_timeout,3,31.19,23,1,STANDARD,1,none,1
1104.05,142,10,6,4,0.6,card,bank_decline,2,11.33,17,2,PREMIUM,0,active,0
4636.92,1525,9,8,1,0.8889,upi,temporary_failure,1,15.87,18,2,PREMIUM,0,active,1
4569.37,149,5,5,0,1.0,netbanking,bank_timeout,2,10.12,9,6,ENTERPRISE,0,active,1
2161.88,879,12,9,3,0.75,card,insufficient_funds,1,23.27,2,3,STANDARD,2,none,0
1716.07,1112,7,6,1,0.8571,upi,invalid_account,2,24.6,19,5,PREMIUM,1,active,0
2526.25,1638,9,8,1,0.8889,card,insufficient_funds,3,25.39,9,0,STANDARD,4,none,0
913.41,667,6,6,0,1.0,netbanking,insufficient_funds,2,12.39,5,3,STANDARD,0,none,1
1286.18,1463,9,6,3,0.6667,card,bank_timeout,2,4.68,13,2,STANDARD,1,none,1
9834.44,305,9,8,1,0.8889,card,insufficient_funds,1,38.31,12,0,STANDARD,1,none,1
1964.83,1441,8,7,1,0.875,wallet,insufficient_funds,1,111.67,12,5,STANDARD,1,none,1
1344.86,1580,9,7,2,0.7778,card,fraud_suspected,1,51.13,6,6,STANDARD,0,none,0
3664.55,888,7,7,0,1.0,upi,bank_timeout,3,64.4,1,1,STANDARD,2,none,1
2281.11,479,13,6,7,0.4615,upi,temporary_failure,3,24.65,11,6,STANDARD,0,none,0
2363.76,1018,10,8,2,0.8,card,bank_timeout,2,36.84,15,6,PREMIUM,0,active,1
10223.97,209,13,12,1,0.9231,card,insufficient_funds,1,46.22,10,5,STANDARD,0,none,0
22569.89,234,6,5,1,0.8333,upi,network_error,3,7.36,19,1,PREMIUM,1,active,1
6919.32,1576,9,6,3,0.6667,card,bank_decline,2,20.91,1,5,STANDARD,1,none,0
1194.3,506,6,3,3,0.5,upi,invalid_account,2,31.18,16,0,STANDARD,1,none,0
2957.56,731,9,9,0,1.0,card,insufficient_funds,2,28.27,19,4,PREMIUM,1,active,1
7731.76,666,9,7,2,0.7778,upi,invalid_account,1,13.43,3,5,STANDARD,0,none,0
3113.75,1463,10,8,2,0.8,upi,temporary_failure,3,56.78,18,6,STANDARD,1,none,1
2887.09,1742,6,3,3,0.5,card,bank_timeout,3,39.41,0,0,STANDARD,0,none,1
4099.02,600,7,5,2,0.7143,upi,temporary_failure,1,45.38,16,6,STANDARD,1,none,1
13013.97,937,9,7,2,0.7778,netbanking,insufficient_funds,2,46.88,4,6,PREMIUM,0,active,0
1119.32,21,8,7,1,0.875,upi,bank_decline,2,22.04,23,4,PREMIUM,2,active,1
4231.74,1472,16,13,3,0.8125,netbanking,temporary_failure,1,117.06,11,2,STANDARD,0,none,0
768.2,783,8,6,2,0.75,card,temporary_failure,3,70.27,15,5,STANDARD,2,none,0
9559.7,345,5,4,1,0.8,upi,fraud_suspected,1,29.48,1,5,STANDARD,1,none,0
4466.32,12,6,4,2,0.6667,card,bank_decline,2,19.87,11,0,PREMIUM,3,active,0
2456.18,416,9,5,4,0.5556,card,temporary_failure,2,12.54,5,5,PREMIUM,1,active,1
6990.64,1448,6,5,1,0.8333,netbanking,bank_timeout,1,37.59,9,3,STANDARD,1,none,1
2401.62,617,9,6,3,0.6667,card,temporary_failure,3,73.87,0,4,PREMIUM,0,active,1
1399.88,583,9,7,2,0.7778,upi,network_error,3,15.86,16,6,STANDARD,2,none,1
17227.27,976,12,9,3,0.75,card,temporary_failure,1,32.97,11,0,PREMIUM,3,active,1
3331.66,938,10,8,2,0.8,netbanking,bank_timeout,2,38.93,14,0,STANDARD,1,none,0
4290.28,82,14,12,2,0.8571,upi,temporary_failure,1,22.41,10,3,STANDARD,2,none,1
9425.58,855,10,8,2,0.8,upi,fraud_suspected,2,46.48,21,5,STANDARD,2,none,0
13879.15,108,10,8,2,0.8,card,temporary_failure,3,14.58,20,0,STANDARD,0,none,1
4056.42,382,11,10,1,0.9091,card,bank_decline,2,6.3,11,1,STANDARD,2,none,1
21315.25,1775,8,7,1,0.875,wallet,network_error,1,71.15,2,0,PREMIUM,0,active,1
7145.12,1700,9,7,2,0.7778,wallet,invalid_account,3,25.97,1,4,STANDARD,0,none,0
16334.95,1213,7,5,2,0.7143,upi,temporary_failure,2,37.55,14,4,ENTERPRISE,3,active,0
2377.94,1423,6,4,2,0.6667,netbanking,bank_decline,3,38.49,20,0,STANDARD,1,none,0
2484.9,125,6,4,2,0.6667,upi,network_error,3,43.17,22,2,STANDARD,2,none,1
4717.86,1472,15,13,2,0.8667,card,invalid_account,1,54.04,0,4,STANDARD,1,none,0
2008.68,1098,5,4,1,0.8,upi,insufficient_funds,3,8.34,14,0,PREMIUM,3,active,1
12961.11,184,8,7,1,0.875,upi,temporary_failure,3,12.25,19,1,STANDARD,0,none,0
2491.47,402,8,7,1,0.875,netbanking,temporary_failure,2,9.09,9,2,STANDARD,2,none,0
2327.16,213,10,7,3,0.7,wallet,bank_decline,1,37.41,16,2,STANDARD,0,none,0
988.08,307,14,10,4,0.7143,wallet,insufficient_funds,2,13.35,11,5,STANDARD,3,none,0
2193.02,287,11,9,2,0.8182,netbanking,invalid_account,2,23.39,23,5,PREMIUM,3,active,0
572.25,205,7,6,1,0.8571,upi,bank_timeout,1,23.92,22,6,STANDARD,3,none,1
2644.99,1273,13,12,1,0.9231,upi,fraud_suspected,1,117.46,10,2,STANDARD,1,none,0
682.1,1038,10,9,1,0.9,upi,network_error,2,5.52,12,2,STANDARD,2,none,1
1722.12,1133,8,6,2,0.75,card,network_error,1,31.85,23,5,PREMIUM,1,active,1
2102.56,1287,9,6,3,0.6667,wallet,insufficient_funds,2,11.19,2,5,STANDARD,0,none,0
3232.56,854,15,13,2,0.8667,netbanking,network_error,3,95.06,5,2,STANDARD,0,none,1
5553.2,1305,14,11,3,0.7857,card,network_error,1,40.67,12,4,STANDARD,0,none,0
3927.51,1453,12,11,1,0.9167,netbanking,network_error,1,12.03,7,2,ENTERPRISE,2,active,1
5537.27,26,15,10,5,0.6667,wallet,fraud_suspected,1,57.84,5,0,PREMIUM,1,active,0
7633.04,1264,10,5,5,0.5,netbanking,bank_decline,2,23.87,16,5,STANDARD,1,none,1
5704.87,1581,14,12,2,0.8571,wallet,temporary_failure,1,125.72,18,4,STANDARD,1,none,0
3674.14,987,4,4,0,1.0,wallet,temporary_failure,1,66.7,7,0,STANDARD,1,none,1
11660.76,1014,9,6,3,0.6667,upi,bank_decline,1,86.24,0,0,STANDARD,3,none,1
4168.78,1422,11,7,4,0.6364,upi,insufficient_funds,1,40.65,11,4,PREMIUM,1,active,1
1471.99,814,14,14,0,1.0,upi,temporary_failure,3,11.78,14,6,STANDARD,1,none,1
4698.7,1689,12,10,2,0.8333,wallet,bank_timeout,3,4.1,18,2,STANDARD,1,none,0
5393.25,1318,14,12,2,0.8571,upi,fraud_suspected,3,45.09,18,3,STANDARD,2,none,0
2454.9,454,12,9,3,0.75,upi,bank_decline,1,12.43,23,6,PREMIUM,1,active,1
10765.83,883,6,4,2,0.6667,card,insufficient_funds,3,27.85,4,5,STANDARD,1,none,1
4312.97,1213,12,12,0,1.0,upi,bank_decline,2,64.95,13,3,PREMIUM,0,active,1
1842.53,1735,10,7,3,0.7,netbanking,fraud_suspected,3,11.06,17,5,STANDARD,1,none,0
1288.22,910,7,4,3,0.5714,upi,insufficient_funds,1,24.91,12,1,STANDARD,3,none,1
1259.92,967,9,7,2,0.7778,netbanking,bank_decline,2,65.57,17,2,PREMIUM,1,active,0
22394.4,235,6,6,0,1.0,card,bank_timeout,2,31.18,15,6,PREMIUM,0,active,1
4070.19,519,13,11,2,0.8462,card,bank_decline,3,10.26,5,1,STANDARD,1,none,0
5806.73,1191,5,3,2,0.6,card,insufficient_funds,3,33.09,22,0,STANDARD,0,none,0
2302.85,1160,11,9,2,0.8182,card,bank_timeout,2,27.54,14,2,PREMIUM,1,active,1
7319.72,888,15,13,2,0.8667,upi,fraud_suspected,3,59.08,9,5,ENTERPRISE,1,active,0
3444.15,146,12,11,1,0.9167,netbanking,network_error,1,12.28,4,0,STANDARD,0,none,1
3291.61,389,12,12,0,1.0,card,invalid_account,1,72.12,0,3,PREMIUM,0,active,0
3386.08,550,12,11,1,0.9167,upi,temporary_failure,2,42.4,9,2,PREMIUM,1,active,1
1373.33,1533,12,6,6,0.5,card,bank_decline,2,30.14,9,6,STANDARD,1,none,0
6783.64,631,12,10,2,0.8333,netbanking,insufficient_funds,1,25.44,17,4,PREMIUM,0,active,1
15902.28,589,13,11,2,0.8462,wallet,insufficient_funds,1,62.43,11,5,STANDARD,0,none,1
5009.8,230,6,5,1,0.8333,upi,network_error,3,15.82,4,6,STANDARD,0,none,0
3461.45,870,10,5,5,0.5,card,bank_timeout,1,37.07,15,4,STANDARD,1,none,1
1930.87,1382,6,6,0,1.0,card,bank_timeout,2,25.24,18,4,STANDARD,1,none,1
3090.53,479,8,7,1,0.875,upi,bank_decline,2,84.84,2,6,STANDARD,1,none,1
2053.58,685,5,4,1,0.8,upi,bank_decline,1,59.1,9,3,STANDARD,0,none,1
982.14,1454,6,6,0,1.0,wallet,insufficient_funds,3,30.54,12,2,STANDARD,2,none,1
2996.8,942,3,3,0,1.0,card,bank_decline,2,25.08,4,1,STANDARD,0,none,1
3399.95,854,7,4,3,0.5714,upi,bank_decline,2,6.6,4,2,STANDARD,1,none,0
4735.76,342,8,6,2,0.75,card,fraud_suspected,3,35.6,0,3,STANDARD,1,none,0
10069.27,442,18,15,3,0.8333,upi,temporary_failure,1,12.76,8,2,PREMIUM,0,active,1
5146.12,1265,8,7,1,0.875,netbanking,network_error,3,50.22,10,6,STANDARD,1,none,1
2051.2,227,10,9,1,0.9,wallet,insufficient_funds,3,13.51,20,1,PREMIUM,1,active,1
5924.94,1741,10,8,2,0.8,card,invalid_account,1,57.98,14,1,ENTERPRISE,0,active,0
1950.92,265,7,5,2,0.7143,card,insufficient_funds,2,23.54,19,6,STANDARD,2,none,1
3168.0,506,10,10,0,1.0,upi,insufficient_funds,3,16.05,9,4,STANDARD,0,none,0
3944.44,807,9,6,3,0.6667,card,network_error,3,48.26,0,1,PREMIUM,0,active,0
5475.44,1264,5,3,2,0.6,netbanking,bank_decline,1,26.17,13,4,PREMIUM,2,active,0
3307.05,1703,8,7,1,0.875,card,insufficient_funds,1,37.75,11,3,STANDARD,0,none,1
927.19,1053,4,3,1,0.75,upi,bank_decline,2,41.32,0,4,STANDARD,3,none,0
2887.05,38,8,6,2,0.75,card,bank_timeout,3,16.64,8,0,PREMIUM,1,active,1
1910.24,773,11,7,4,0.6364,upi,temporary_failure,3,53.75,2,2,PREMIUM,0,active,0
2075.07,505,14,12,2,0.8571,upi,temporary_failure,2,6.93,4,3,PREMIUM,1,active,1
2007.89,857,11,8,3,0.7273,wallet,bank_decline,1,9.95,1,6,STANDARD,1,none,0
3256.78,23,6,5,1,0.8333,card,temporary_failure,1,65.67,4,6,STANDARD,1,none,1
5346.79,1289,11,8,3,0.7273,netbanking,insufficient_funds,3,18.96,16,5,STANDARD,2,none,0
6700.21,849,14,10,4,0.7143,card,bank_timeout,3,45.85,6,0,STANDARD,0,none,0
2353.24,1467,3,1,2,0.3333,upi,network_error,3,2.96,7,4,STANDARD,1,none,0
1022.6,907,11,7,4,0.6364,card,bank_decline,3,84.13,17,6,PREMIUM,1,active,0
1920.77,1180,8,7,1,0.875,card,temporary_failure,1,32.12,1,1,STANDARD,0,none,1
10347.55,1774,8,8,0,1.0,card,insufficient_funds,3,81.01,4,5,PREMIUM,2,active,1
6451.29,796,6,6,0,1.0,upi,bank_timeout,3,22.77,13,1,STANDARD,0,none,1
8441.34,1475,16,11,5,0.6875,upi,temporary_failure,1,25.61,4,0,STANDARD,4,none,1
4048.21,1593,9,8,1,0.8889,card,bank_decline,2,49.75,0,5,PREMIUM,2,active,0
2823.14,1495,6,6,0,1.0,card,bank_timeout,2,44.93,9,6,STANDARD,1,none,1
1315.11,1449,7,4,3,0.5714,upi,network_error,1,83.37,0,2,ENTERPRISE,3,active,1
7827.4,253,8,8,0,1.0,upi,bank_decline,3,6.17,16,5,PREMIUM,0,active,1
4741.93,105,10,8,2,0.8,netbanking,temporary_failure,1,43.68,17,3,STANDARD,0,none,1
2561.87,1057,14,11,3,0.7857,upi,invalid_account,3,13.83,12,5,PREMIUM,0,active,0
855.53,258,13,10,3,0.7692,card,network_error,2,4.49,0,6,STANDARD,2,none,1
10400.53,1206,7,5,2,0.7143,upi,bank_timeout,3,31.49,17,5,STANDARD,0,none,0
9737.89,1365,9,7,2,0.7778,netbanking,network_error,3,61.34,19,6,STANDARD,1,none,1
2677.36,855,15,12,3,0.8,netbanking,insufficient_funds,1,122.38,5,0,STANDARD,0,none,1
3476.17,781,8,4,4,0.5,upi,invalid_account,2,60.87,22,2,PREMIUM,1,active,0
2613.71,53,10,6,4,0.6,upi,network_error,1,77.92,5,3,PREMIUM,1,active,1
3210.05,1105,14,10,4,0.7143,card,network_error,1,34.32,0,6,PREMIUM,2,active,1
595.12,1030,9,7,2,0.7778,upi,insufficient_funds,2,20.54,19,2,PREMIUM,2,active,0
5139.03,1401,6,5,1,0.8333,upi,network_error,3,32.62,15,2,PREMIUM,0,active,1
2505.32,1694,13,12,1,0.9231,netbanking,temporary_failure,2,101.83,21,2,STANDARD,1,none,1
2905.63,1606,11,11,0,1.0,netbanking,bank_decline,2,35.13,22,5,PREMIUM,3,active,0
2115.01,428,10,5,5,0.5,wallet,bank_decline,2,57.82,10,4,STANDARD,2,none,0
3027.3,576,9,6,3,0.6667,netbanking,bank_decline,1,42.97,21,0,STANDARD,1,none,1
5481.72,177,11,11,0,1.0,upi,insufficient_funds,1,46.54,9,1,STANDARD,3,none,1
5421.7,631,12,12,0,1.0,wallet,invalid_account,1,9.69,22,3,STANDARD,0,none,0
3735.78,828,10,9,1,0.9,card,insufficient_funds,3,38.03,20,2,STANDARD,1,none,0
4001.67,10,9,7,2,0.7778,card,insufficient_funds,2,51.23,4,3,STANDARD,0,none,0
3375.47,513,4,3,1,0.75,upi,bank_decline,1,62.67,14,3,STANDARD,1,none,0
10090.49,1130,9,6,3,0.6667,card,invalid_account,2,8.58,4,0,PREMIUM,2,active,0
3796.01,757,13,10,3,0.7692,card,bank_decline,3,133.2,8,5,STANDARD,2,none,1
4108.92,609,12,9,3,0.75,upi,insufficient_funds,1,77.21,10,4,PREMIUM,0,active,1
16674.54,1443,8,8,0,1.0,card,temporary_failure,3,5.43,4,3,STANDARD,1,none,1
3775.66,1259,5,3,2,0.6,card,bank_timeout,3,29.97,19,4,STANDARD,0,none,1
1969.01,1345,10,7,3,0.7,card,bank_timeout,3,23.2,8,4,STANDARD,0,none,0
8503.48,116,6,5,1,0.8333,netbanking,insufficient_funds,2,20.56,5,3,STANDARD,0,none,0
825.95,1477,11,9,2,0.8182,netbanking,bank_decline,3,28.68,23,5,STANDARD,1,none,0
2202.8,926,12,9,3,0.75,upi,insufficient_funds,1,22.55,22,3,STANDARD,0,none,1
3228.24,306,12,10,2,0.8333,netbanking,temporary_failure,1,46.8,14,5,STANDARD,0,none,1
495.03,226,11,7,4,0.6364,netbanking,temporary_failure,2,62.86,5,5,STANDARD,0,none,1
5175.94,458,6,5,1,0.8333,netbanking,temporary_failure,1,98.29,13,4,STANDARD,1,none,1
5529.4,880,8,6,2,0.75,card,invalid_account,2,48.28,2,1,PREMIUM,1,active,0
1343.4,582,6,5,1,0.8333,card,temporary_failure,1,15.66,9,6,ENTERPRISE,0,active,1
3319.99,642,15,12,3,0.8,upi,bank_timeout,1,13.95,11,5,STANDARD,1,none,1
32765.31,1455,7,7,0,1.0,upi,temporary_failure,1,37.83,8,6,STANDARD,0,none,1
3896.14,136,8,6,2,0.75,card,bank_timeout,2,56.31,12,0,STANDARD,0,none,0
15028.53,927,7,4,3,0.5714,upi,temporary_failure,1,13.95,21,6,STANDARD,0,none,1
2999.64,845,2,2,0,1.0,upi,insufficient_funds,2,27.0,4,1,ENTERPRISE,1,active,1
9131.07,1235,10,8,2,0.8,card,insufficient_funds,2,42.84,16,5,STANDARD,1,none,0
2977.3,144,13,10,3,0.7692,upi,bank_decline,1,32.88,11,5,STANDARD,0,none,0
3256.28,1662,6,4,2,0.6667,upi,temporary_failure,1,48.62,12,0,PREMIUM,1,active,1
1763.11,366,8,4,4,0.5,wallet,fraud_suspected,3,37.67,5,6,STANDARD,3,none,0
14227.76,867,9,7,2,0.7778,wallet,network_error,1,62.05,14,1,STANDARD,3,none,1
2793.4,1041,9,8,1,0.8889,upi,temporary_failure,2,27.33,19,3,ENTERPRISE,1,active,1
2908.81,693,5,4,1,0.8,card,insufficient_funds,2,115.32,15,3,STANDARD,0,none,1
5064.9,795,14,10,4,0.7143,netbanking,bank_decline,3,69.07,19,1,STANDARD,1,none,0
880.96,1641,7,3,4,0.4286,upi,bank_timeout,3,18.11,0,5,PREMIUM,0,active,1
3802.88,1495,11,9,2,0.8182,upi,bank_decline,1,38.43,19,2,STANDARD,2,none,1
4164.63,1007,5,5,0,1.0,card,temporary_failure,1,24.97,21,6,PREMIUM,1,active,0
2006.35,182,10,8,2,0.8,upi,temporary_failure,1,22.83,13,6,STANDARD,0,none,1
9399.18,1390,7,6,1,0.8571,upi,bank_timeout,1,14.51,11,4,STANDARD,0,none,1
5573.73,216,10,8,2,0.8,netbanking,bank_timeout,1,16.44,9,3,STANDARD,2,none,1
2292.18,1317,9,7,2,0.7778,netbanking,insufficient_funds,2,4.57,6,3,STANDARD,0,none,1
1220.62,1021,8,5,3,0.625,upi,bank_timeout,3,41.84,13,6,PREMIUM,0,active,1
6771.61,941,10,8,2,0.8,upi,fraud_suspected,3,75.91,22,6,STANDARD,1,none,0
1542.4,973,10,9,1,0.9,netbanking,network_error,3,51.45,23,5,STANDARD,3,none,0
2462.32,1227,6,5,1,0.8333,card,temporary_failure,2,25.07,22,4,PREMIUM,2,active,1
7951.54,362,17,13,4,0.7647,wallet,bank_decline,2,48.73,0,1,STANDARD,2,none,0
4447.26,978,13,10,3,0.7692,card,insufficient_funds,2,57.64,7,1,PREMIUM,3,active,0
3197.81,84,12,9,3,0.75,netbanking,network_error,2,31.35,9,0,STANDARD,0,none,1
894.22,1003,10,7,3,0.7,upi,bank_decline,3,62.27,23,3,STANDARD,0,none,0
939.7,1099,10,8,2,0.8,upi,temporary_failure,2,45.18,2,4,STANDARD,0,none,1
1334.83,313,11,10,1,0.9091,upi,bank_decline,2,32.7,3,1,STANDARD,0,none,1
2161.27,1376,8,7,1,0.875,netbanking,temporary_failure,1,36.08,9,3,STANDARD,4,none,0
2752.83,1374,4,3,1,0.75,card,network_error,2,37.02,12,4,STANDARD,1,none,1
2528.16,1250,14,8,6,0.5714,upi,insufficient_funds,1,76.53,1,5,STANDARD,1,none,0
9982.7,36,14,13,1,0.9286,card,temporary_failure,3,28.76,14,4,STANDARD,2,none,1
4525.8,1780,11,8,3,0.7273,netbanking,insufficient_funds,3,38.59,17,4,STANDARD,0,none,0
1674.67,937,7,5,2,0.7143,card,temporary_failure,1,13.09,8,1,STANDARD,2,none,1
3571.33,1604,9,8,1,0.8889,upi,temporary_failure,1,24.27,10,3,PREMIUM,2,active,1
2862.39,1259,10,7,3,0.7,upi,temporary_failure,1,17.78,23,4,STANDARD,3,none,1
3577.0,1379,13,10,3,0.7692,upi,temporary_failure,3,38.87,8,6,ENTERPRISE,1,active,0
2586.91,1528,9,8,1,0.8889,card,insufficient_funds,1,29.81,8,3,STANDARD,1,none,0
1541.76,718,6,5,1,0.8333,netbanking,temporary_failure,2,10.44,14,6,STANDARD,2,none,1
7969.63,231,8,8,0,1.0,card,temporary_failure,2,48.79,17,5,STANDARD,0,none,1
28395.53,1535,8,6,2,0.75,card,fraud_suspected,3,37.13,11,0,ENTERPRISE,0,active,0
8899.61,618,9,7,2,0.7778,card,fraud_suspected,2,17.45,17,0,STANDARD,3,none,0
4376.17,696,11,7,4,0.6364,upi,network_error,2,30.6,3,2,STANDARD,1,none,1
5610.33,1167,8,8,0,1.0,upi,temporary_failure,2,33.85,14,6,STANDARD,0,none,1
2635.64,1180,5,5,0,1.0,upi,bank_decline,1,24.74,10,3,STANDARD,0,none,0
8334.98,1398,9,7,2,0.7778,card,insufficient_funds,1,8.25,4,0,STANDARD,2,none,1
1573.31,1630,5,3,2,0.6,upi,temporary_failure,2,26.96,1,3,PREMIUM,1,active,1
2811.84,1074,9,8,1,0.8889,wallet,bank_decline,1,26.56,1,2,STANDARD,0,none,0
3836.56,1285,7,4,3,0.5714,card,bank_decline,2,39.93,22,0,STANDARD,2,none,1
8221.87,1089,7,6,1,0.8571,netbanking,temporary_failure,1,40.23,18,0,STANDARD,1,none,1
2964.19,770,13,8,5,0.6154,card,network_error,1,39.09,13,2,ENTERPRISE,0,active,1
3374.05,1160,9,9,0,1.0,netbanking,bank_timeout,1,8.6,9,5,STANDARD,1,none,1
1330.7,284,3,0,3,0.0,upi,temporary_failure,3,29.56,3,1,STANDARD,2,none,0
421.11,695,10,8,2,0.8,upi,insufficient_funds,2,44.87,11,2,PREMIUM,1,active,0
3753.94,652,6,6,0,1.0,upi,temporary_failure,1,88.64,21,2,STANDARD,0,none,1
6959.56,895,13,12,1,0.9231,wallet,temporary_failure,1,33.11,6,2,PREMIUM,1,active,1
8300.51,576,7,6,1,0.8571,upi,temporary_failure,1,37.06,8,6,STANDARD,1,none,1
4045.67,801,5,4,1,0.8,upi,insufficient_funds,3,105.37,2,6,STANDARD,0,none,0
4050.31,1043,9,5,4,0.5556,card,bank_decline,3,16.08,10,3,STANDARD,0,none,0
736.28,1660,8,3,5,0.375,netbanking,temporary_failure,3,11.46,0,5,STANDARD,1,none,1
3322.53,1353,10,7,3,0.7,card,temporary_failure,3,20.4,7,5,STANDARD,0,none,0
4982.11,1042,13,9,4,0.6923,upi,insufficient_funds,2,23.73,16,0,ENTERPRISE,0,active,0
7009.79,1302,9,8,1,0.8889,upi,bank_timeout,3,43.69,3,0,STANDARD,0,none,1
6878.43,1685,5,4,1,0.8,upi,network_error,2,25.83,23,4,STANDARD,1,none,1
8815.58,656,12,10,2,0.8333,netbanking,bank_timeout,1,5.22,9,6,STANDARD,0,none,1
2716.96,1340,10,6,4,0.6,upi,insufficient_funds,2,25.33,3,2,ENTERPRISE,1,active,0
1128.33,1261,9,6,3,0.6667,upi,bank_decline,1,46.34,12,5,STANDARD,2,none,0
5775.95,601,5,5,0,1.0,upi,bank_decline,1,69.14,8,5,STANDARD,1,none,1
2874.73,1672,8,4,4,0.5,netbanking,insufficient_funds,3,31.73,7,3,STANDARD,0,none,1
2747.3,636,10,9,1,0.9,card,temporary_failure,2,7.4,7,5,ENTERPRISE,0,active,1
6594.5,1113,7,6,1,0.8571,upi,temporary_failure,3,48.22,18,0,STANDARD,0,none,1
6373.69,1563,3,2,1,0.6667,card,insufficient_funds,1,26.71,17,1,PREMIUM,1,active,0
3825.39,1732,14,13,1,0.9286,netbanking,insufficient_funds,3,19.9,12,4,ENTERPRISE,3,active,1
2345.83,719,9,7,2,0.7778,netbanking,network_error,2,68.79,14,2,STANDARD,2,none,1
10477.64,396,10,6,4,0.6,upi,insufficient_funds,2,15.84,19,0,PREMIUM,1,active,0
4607.05,1317,12,7,5,0.5833,upi,bank_timeout,1,52.49,6,1,STANDARD,1,none,0
1243.09,1581,11,8,3,0.7273,card,network_error,2,38.97,18,4,STANDARD,1,none,1
2997.93,433,9,7,2,0.7778,upi,bank_decline,2,36.94,5,4,STANDARD,1,none,1
1607.43,1627,9,7,2,0.7778,card,insufficient_funds,2,65.99,7,5,STANDARD,3,none,1
3206.66,136,6,4,2,0.6667,netbanking,insufficient_funds,1,29.56,12,1,STANDARD,1,none,1
3182.36,1771,10,9,1,0.9,netbanking,fraud_suspected,2,124.88,20,5,STANDARD,1,none,0
905.96,353,11,10,1,0.9091,card,insufficient_funds,1,40.03,3,4,ENTERPRISE,1,active,0
604.07,1555,8,8,0,1.0,netbanking,fraud_suspected,3,102.1,11,6,STANDARD,1,none,1
4011.46,201,11,8,3,0.7273,netbanking,insufficient_funds,2,3.27,10,0,STANDARD,2,none,1
621.63,536,7,4,3,0.5714,upi,insufficient_funds,2,79.99,13,4,STANDARD,2,none,0
4018.56,1619,8,7,1,0.875,netbanking,bank_timeout,1,18.64,11,1,PREMIUM,0,active,0
20757.82,1092,6,4,2,0.6667,upi,temporary_failure,1,27.08,2,2,STANDARD,0,none,1
12146.7,147,6,4,2,0.6667,upi,fraud_suspected,1,47.21,8,1,STANDARD,2,none,1
3476.38,1370,9,7,2,0.7778,card,insufficient_funds,1,27.36,22,6,STANDARD,4,none,1
6588.41,1308,10,9,1,0.9,card,network_error,3,22.73,6,0,PREMIUM,0,active,1
5474.59,1459,11,8,3,0.7273,netbanking,temporary_failure,3,12.26,15,2,PREMIUM,0,active,1
7880.44,1268,7,6,1,0.8571,upi,temporary_failure,3,31.48,14,1,STANDARD,0,none,1
2018.12,370,9,8,1,0.8889,netbanking,fraud_suspected,2,8.01,21,5,STANDARD,0,none,0
13926.44,650,10,7,3,0.7,upi,bank_timeout,3,42.96,10,1,STANDARD,2,none,0
10800.64,1707,10,9,1,0.9,upi,bank_decline,3,19.32,21,2,STANDARD,2,none,1
3240.03,1752,14,10,4,0.7143,card,temporary_failure,1,62.93,13,3,STANDARD,0,none,1
1524.92,812,13,10,3,0.7692,upi,temporary_failure,1,64.96,2,5,STANDARD,1,none,1
1217.38,850,10,7,3,0.7,upi,bank_decline,3,60.18,2,0,STANDARD,2,none,0
11374.24,1758,10,5,5,0.5,netbanking,insufficient_funds,2,5.49,0,4,STANDARD,1,none,1
15209.21,61,10,6,4,0.6,upi,invalid_account,2,33.22,21,0,PREMIUM,1,active,0
5667.83,350,5,2,3,0.4,netbanking,bank_decline,3,20.34,16,2,PREMIUM,2,active,0
4050.49,1541,5,2,3,0.4,upi,insufficient_funds,3,31.17,0,6,STANDARD,1,none,0
13873.17,1338,8,6,2,0.75,netbanking,insufficient_funds,1,63.53,5,0,PREMIUM,0,active,0
2603.0,1094,8,6,2,0.75,upi,bank_decline,3,70.84,13,2,ENTERPRISE,2,active,0
3730.84,1020,8,6,2,0.75,upi,fraud_suspected,2,72.47,11,0,PREMIUM,0,active,0
3656.43,1556,8,6,2,0.75,upi,network_error,1,37.76,14,3,STANDARD,2,none,0
2960.8,544,13,11,2,0.8462,card,bank_decline,1,32.41,15,3,PREMIUM,0,active,1
5437.13,1482,7,4,3,0.5714,upi,network_error,3,30.24,21,0,STANDARD,0,none,1
4074.19,468,6,3,3,0.5,wallet,insufficient_funds,1,23.53,0,6,STANDARD,0,none,0
2394.68,1215,10,8,2,0.8,upi,insufficient_funds,1,11.24,14,4,PREMIUM,0,active,1
1596.02,8,15,13,2,0.8667,upi,temporary_failure,3,28.16,21,0,PREMIUM,0,active,0
11346.23,833,6,6,0,1.0,netbanking,insufficient_funds,2,35.1,0,0,STANDARD,2,none,1
8804.95,998,8,6,2,0.75,upi,insufficient_funds,2,53.28,8,2,STANDARD,0,none,1
22761.71,1026,10,7,3,0.7,netbanking,network_error,3,41.93,3,2,STANDARD,1,none,0
4666.53,341,7,6,1,0.8571,netbanking,bank_decline,3,51.47,5,6,STANDARD,3,none,0
7048.88,443,11,8,3,0.7273,upi,insufficient_funds,2,28.77,17,2,ENTERPRISE,0,active,1
3164.2,1480,4,2,2,0.5,netbanking,insufficient_funds,1,35.47,15,5,PREMIUM,1,active,0
6946.57,372,11,8,3,0.7273,card,bank_timeout,2,48.31,15,0,STANDARD,0,none,1
11924.11,272,10,7,3,0.7,upi,temporary_failure,2,21.39,12,4,STANDARD,3,none,1
1695.68,1274,12,11,1,0.9167,upi,insufficient_funds,3,34.81,14,5,STANDARD,2,none,0
3414.84,637,7,7,0,1.0,upi,fraud_suspected,3,20.83,4,4,STANDARD,1,none,0
5589.54,1221,8,7,1,0.875,netbanking,bank_decline,2,29.07,15,3,STANDARD,2,none,0
1856.81,787,8,4,4,0.5,card,network_error,1,69.47,2,3,STANDARD,0,none,1
1389.61,1162,9,6,3,0.6667,card,bank_timeout,1,52.72,14,2,STANDARD,1,none,1
2244.56,1322,6,4,2,0.6667,card,insufficient_funds,1,13.84,10,4,PREMIUM,3,active,0
3374.67,808,8,7,1,0.875,netbanking,invalid_account,2,0.64,17,5,STANDARD,1,none,0
1665.78,211,6,4,2,0.6667,upi,bank_decline,1,5.25,13,0,STANDARD,0,none,0
4650.7,1374,11,8,3,0.7273,upi,network_error,1,55.76,0,3,STANDARD,1,none,1
17333.66,439,6,4,2,0.6667,upi,network_error,1,33.84,5,0,STANDARD,2,none,0
8430.8,1131,10,9,1,0.9,netbanking,bank_decline,2,77.92,5,2,PREMIUM,0,active,1
8181.89,1412,11,7,4,0.6364,upi,insufficient_funds,3,81.28,19,3,STANDARD,0,none,0
957.64,965,10,6,4,0.6,wallet,bank_decline,2,17.46,8,1,STANDARD,2,none,0
2970.69,1590,10,10,0,1.0,wallet,temporary_failure,3,34.01,15,0,STANDARD,0,none,1
12361.27,747,10,8,2,0.8,upi,insufficient_funds,2,87.98,14,0,STANDARD,0,none,0
2577.34,80,10,9,1,0.9,netbanking,invalid_account,3,62.31,10,4,PREMIUM,2,active,1
2943.06,1140,13,11,2,0.8462,card,insufficient_funds,1,35.35,14,2,PREMIUM,1,active,1
8465.61,724,8,6,2,0.75,netbanking,bank_decline,1,12.48,15,5,STANDARD,2,none,1
5396.42,1715,13,9,4,0.6923,upi,temporary_failure,2,39.16,12,6,PREMIUM,0,active,1
1901.12,1733,10,8,2,0.8,card,bank_decline,1,20.29,15,6,STANDARD,2,none,1
1151.08,1109,10,6,4,0.6,card,temporary_failure,1,68.98,4,0,ENTERPRISE,1,active,1
2773.14,903,9,6,3,0.6667,card,insufficient_funds,2,56.0,22,3,STANDARD,0,none,0
6684.31,1130,12,9,3,0.75,upi,temporary_failure,2,25.2,6,5,STANDARD,0,none,1
20197.87,1359,4,4,0,1.0,upi,fraud_suspected,1,23.19,23,3,STANDARD,3,none,0
1465.29,1413,11,8,3,0.7273,card,insufficient_funds,3,51.06,5,2,ENTERPRISE,0,active,0
1220.4,398,8,5,3,0.625,card,fraud_suspected,1,25.31,9,3,STANDARD,0,none,0
13848.98,480,9,8,1,0.8889,upi,bank_decline,3,40.58,19,0,STANDARD,0,none,1
2387.49,1701,2,2,0,1.0,wallet,insufficient_funds,2,115.76,9,0,PREMIUM,1,active,1
9534.5,1604,12,8,4,0.6667,upi,invalid_account,3,8.64,17,1,ENTERPRISE,1,active,0
2298.98,1795,11,10,1,0.9091,upi,network_error,3,38.97,23,4,STANDARD,1,none,0
21126.93,1631,9,7,2,0.7778,netbanking,fraud_suspected,2,50.24,7,2,STANDARD,0,none,1
2614.39,87,6,5,1,0.8333,card,temporary_failure,2,19.49,12,3,STANDARD,1,none,1
6185.57,1412,8,6,2,0.75,card,insufficient_funds,2,7.35,0,3,STANDARD,3,none,0
1953.14,945,11,8,3,0.7273,card,invalid_account,2,9.78,1,0,STANDARD,0,none,1
6785.76,701,6,6,0,1.0,upi,insufficient_funds,3,27.63,21,3,STANDARD,0,none,1
1678.4,1650,12,10,2,0.8333,wallet,bank_decline,3,17.79,13,3,PREMIUM,0,active,1
994.15,1051,8,4,4,0.5,netbanking,insufficient_funds,2,33.81,18,5,STANDARD,0,none,0
3651.27,457,15,13,2,0.8667,netbanking,insufficient_funds,3,80.39,5,4,STANDARD,1,none,0
3020.0,406,11,7,4,0.6364,upi,bank_decline,3,65.27,7,3,ENTERPRISE,2,active,0
5430.21,738,22,14,8,0.6364,card,bank_timeout,3,47.31,15,4,STANDARD,0,none,0
2067.51,92,8,8,0,1.0,card,insufficient_funds,1,30.81,6,1,STANDARD,0,none,1
21484.06,504,4,3,1,0.75,upi,temporary_failure,1,7.06,11,2,STANDARD,1,none,1
5010.07,671,7,6,1,0.8571,card,network_error,1,14.65,19,2,STANDARD,0,none,0
1058.48,1640,5,4,1,0.8,upi,fraud_suspected,2,19.67,16,6,STANDARD,0,none,0
2269.72,1560,6,4,2,0.6667,upi,bank_timeout,2,30.15,22,3,PREMIUM,1,active,1
4139.56,1642,7,5,2,0.7143,card,insufficient_funds,1,79.96,2,2,STANDARD,0,none,0
2945.74,247,10,8,2,0.8,card,temporary_failure,1,25.07,4,5,STANDARD,1,none,1
5595.07,563,15,11,4,0.7333,netbanking,temporary_failure,1,144.5,18,1,STANDARD,2,none,1
3069.19,987,8,7,1,0.875,netbanking,bank_timeout,3,15.2,21,0,ENTERPRISE,1,active,1
1014.51,1037,11,7,4,0.6364,card,temporary_failure,1,53.92,4,3,STANDARD,0,none,1
1057.38,1653,10,7,3,0.7,netbanking,bank_timeout,1,18.26,1,3,STANDARD,2,none,1
6270.49,65,11,7,4,0.6364,card,bank_timeout,3,62.66,12,0,STANDARD,2,none,0
1591.0,635,6,4,2,0.6667,upi,insufficient_funds,3,79.57,12,3,STANDARD,0,none,0
4468.09,1230,9,9,0,1.0,upi,bank_decline,1,23.52,12,0,PREMIUM,2,active,1
1943.05,945,4,3,1,0.75,upi,bank_timeout,1,16.6,11,2,PREMIUM,1,active,1
2229.25,1519,11,7,4,0.6364,upi,insufficient_funds,3,44.76,17,2,STANDARD,1,none,1
1207.16,1481,15,10,5,0.6667,upi,temporary_failure,3,51.92,8,6,STANDARD,2,none,0
6940.29,231,7,6,1,0.8571,card,network_error,2,61.34,11,0,PREMIUM,3,active,1
2580.13,1015,9,8,1,0.8889,card,bank_decline,1,70.21,11,1,STANDARD,3,none,1
19782.06,1362,9,8,1,0.8889,netbanking,bank_decline,3,12.66,5,0,STANDARD,1,none,0
665.75,956,6,3,3,0.5,upi,network_error,3,25.29,3,4,STANDARD,0,none,1
1312.5,1125,11,11,0,1.0,upi,fraud_suspected,3,48.28,20,3,STANDARD,1,none,0
5580.42,35,11,9,2,0.8182,wallet,invalid_account,2,21.49,10,6,STANDARD,1,none,0
1633.95,275,12,7,5,0.5833,upi,bank_decline,1,67.71,11,0,STANDARD,1,none,1
6994.93,422,11,6,5,0.5455,netbanking,network_error,1,24.54,8,3,STANDARD,2,none,1
2768.96,612,9,4,5,0.4444,card,network_error,2,18.83,11,1,STANDARD,0,none,1
2469.79,150,10,7,3,0.7,upi,insufficient_funds,2,34.19,3,3,STANDARD,1,none,1
3741.03,620,14,10,4,0.7143,upi,network_error,3,30.61,3,3,STANDARD,0,none,0
2096.2,232,5,4,1,0.8,netbanking,insufficient_funds,2,22.06,5,6,STANDARD,1,none,0
6711.81,643,12,8,4,0.6667,card,bank_timeout,2,100.35,20,4,PREMIUM,2,active,0
557.1,1295,10,7,3,0.7,netbanking,bank_timeout,2,1.19,19,2,STANDARD,4,none,0
673.51,678,12,9,3,0.75,card,bank_decline,2,46.34,2,5,STANDARD,0,none,0
5389.96,1318,13,13,0,1.0,upi,insufficient_funds,2,26.0,23,2,STANDARD,0,none,1
12114.0,617,9,7,2,0.7778,upi,temporary_failure,1,84.52,1,0,STANDARD,1,none,0
2715.44,729,7,7,0,1.0,card,network_error,3,18.17,22,6,PREMIUM,0,active,1
8728.47,335,7,6,1,0.8571,card,insufficient_funds,1,32.75,18,0,STANDARD,0,none,0
11910.2,702,9,6,3,0.6667,netbanking,temporary_failure,3,112.95,10,6,PREMIUM,2,active,1
10490.62,1311,10,9,1,0.9,card,fraud_suspected,3,30.67,21,2,STANDARD,0,none,0
622.68,1184,8,5,3,0.625,card,bank_timeout,2,31.3,8,5,STANDARD,2,none,1
5585.0,1227,10,9,1,0.9,netbanking,invalid_account,1,24.45,21,2,STANDARD,2,none,1
1332.79,1738,8,6,2,0.75,wallet,bank_decline,2,25.3,21,0,PREMIUM,2,active,1
3738.92,901,10,10,0,1.0,upi,insufficient_funds,1,68.2,2,5,STANDARD,1,none,1
2849.29,1208,13,10,3,0.7692,wallet,bank_decline,3,101.47,10,0,STANDARD,3,none,1
3250.8,111,13,10,3,0.7692,upi,temporary_failure,2,29.81,5,2,STANDARD,3,none,1
9151.12,1554,11,8,3,0.7273,netbanking,bank_decline,2,2.64,9,0,PREMIUM,2,active,0
1214.58,800,6,3,3,0.5,card,bank_timeout,3,52.59,7,1,STANDARD,0,none,0
15504.63,30,10,10,0,1.0,upi,bank_decline,3,2.97,12,2,STANDARD,3,none,1
4577.89,221,10,7,3,0.7,netbanking,invalid_account,1,8.58,16,3,STANDARD,0,none,0
2003.58,302,8,7,1,0.875,upi,network_error,2,26.76,11,4,STANDARD,0,none,1
1753.8,1641,9,6,3,0.6667,upi,bank_timeout,2,12.0,11,2,STANDARD,0,none,1
10847.77,759,11,10,1,0.9091,netbanking,insufficient_funds,3,41.35,22,1,PREMIUM,0,active,1
714.61,1118,16,14,2,0.875,card,network_error,1,28.84,0,0,PREMIUM,0,active,1
5944.59,1703,5,4,1,0.8,upi,insufficient_funds,2,14.02,0,5,STANDARD,0,none,0
5468.62,422,8,7,1,0.875,card,network_error,1,70.38,14,5,PREMIUM,0,active,1
13310.63,689,11,7,4,0.6364,upi,bank_timeout,1,18.35,17,4,PREMIUM,2,active,1
2375.56,421,7,7,0,1.0,upi,fraud_suspected,3,4.84,23,1,STANDARD,1,none,0
18209.06,596,10,7,3,0.7,upi,insufficient_funds,2,57.19,20,5,STANDARD,2,none,0
16542.78,753,5,2,3,0.4,upi,insufficient_funds,3,39.78,23,0,STANDARD,2,none,0
5385.47,737,11,8,3,0.7273,upi,insufficient_funds,3,51.0,8,5,PREMIUM,3,active,0
5575.3,636,14,9,5,0.6429,card,insufficient_funds,3,29.66,16,4,PREMIUM,1,active,0
7944.25,633,8,7,1,0.875,card,insufficient_funds,3,80.07,0,5,PREMIUM,1,active,0
2990.68,1192,5,4,1,0.8,card,network_error,1,18.55,13,1,STANDARD,1,none,1
14560.12,45,10,7,3,0.7,upi,network_error,2,13.56,9,5,STANDARD,1,none,1
10478.57,131,7,6,1,0.8571,netbanking,invalid_account,3,31.58,18,0,STANDARD,1,none,0
2295.05,1123,6,5,1,0.8333,netbanking,network_error,1,10.87,5,1,PREMIUM,0,active,1
6771.75,1490,12,10,2,0.8333,upi,network_error,2,35.98,20,1,PREMIUM,0,active,1
953.48,1007,9,7,2,0.7778,netbanking,temporary_failure,3,51.86,15,4,PREMIUM,0,active,0
1071.15,831,5,5,0,1.0,upi,bank_decline,3,75.33,21,6,STANDARD,0,none,0
1820.18,527,7,4,3,0.5714,upi,insufficient_funds,3,35.25,12,2,STANDARD,3,none,1
1230.69,526,12,11,1,0.9167,card,temporary_failure,2,56.84,7,2,PREMIUM,0,active,1
8407.0,14,5,4,1,0.8,upi,insufficient_funds,2,45.04,17,4,PREMIUM,0,active,0
6468.68,707,6,2,4,0.3333,card,insufficient_funds,3,25.93,11,4,STANDARD,0,none,0
4716.68,1653,11,7,4,0.6364,card,bank_timeout,2,10.65,12,3,STANDARD,0,none,1
2835.14,1414,16,11,5,0.6875,upi,bank_timeout,1,50.5,10,3,STANDARD,1,none,1
8787.93,832,8,6,2,0.75,card,invalid_account,1,7.09,6,2,STANDARD,2,none,0
15034.58,622,5,5,0,1.0,card,temporary_failure,2,73.94,17,2,STANDARD,1,none,0
3921.75,1248,12,11,1,0.9167,upi,temporary_failure,1,34.23,3,5,STANDARD,0,none,1
6121.83,356,13,10,3,0.7692,card,temporary_failure,3,15.4,17,3,PREMIUM,1,active,1
3367.98,1406,8,7,1,0.875,upi,fraud_suspected,1,71.56,22,5,STANDARD,0,none,0
2103.43,837,8,5,3,0.625,card,network_error,2,128.0,9,1,PREMIUM,1,active,1
2047.71,1079,9,8,1,0.8889,card,temporary_failure,1,42.2,6,2,PREMIUM,0,active,1
1850.88,1632,6,5,1,0.8333,upi,invalid_account,2,16.87,2,1,STANDARD,1,none,1
6197.42,88,14,7,7,0.5,upi,fraud_suspected,1,5.67,21,5,PREMIUM,1,active,0
9110.69,116,10,8,2,0.8,card,bank_decline,1,53.91,7,1,PREMIUM,1,active,1
1241.85,1684,12,11,1,0.9167,wallet,insufficient_funds,2,60.37,2,2,PREMIUM,1,active,0
1039.6,1564,9,9,0,1.0,card,network_error,3,4.76,10,4,ENTERPRISE,0,active,0
3036.08,799,12,9,3,0.75,netbanking,network_error,3,39.06,1,2,STANDARD,0,none,0
5516.71,490,13,10,3,0.7692,netbanking,bank_timeout,1,36.47,23,1,PREMIUM,0,active,1
5919.22,1725,5,4,1,0.8,card,insufficient_funds,3,29.68,2,3,PREMIUM,1,active,0
6916.03,1619,6,4,2,0.6667,upi,bank_timeout,1,46.9,1,1,STANDARD,1,none,1
1523.95,1679,12,10,2,0.8333,card,bank_decline,2,31.08,22,0,STANDARD,2,none,1
1235.21,32,10,8,2,0.8,upi,insufficient_funds,1,10.8,15,5,STANDARD,2,none,1
4843.95,286,16,16,0,1.0,upi,insufficient_funds,3,6.54,17,6,PREMIUM,0,active,1
1283.8,562,5,5,0,1.0,card,network_error,3,4.06,8,4,STANDARD,1,none,0
3976.77,858,9,9,0,1.0,card,bank_timeout,2,49.58,18,0,STANDARD,0,none,1
7290.36,1712,8,6,2,0.75,netbanking,bank_decline,1,26.07,8,2,STANDARD,0,none,1
725.66,607,8,6,2,0.75,card,insufficient_funds,3,11.76,14,2,PREMIUM,0,active,1
4321.62,371,10,7,3,0.7,card,bank_timeout,1,45.49,2,6,STANDARD,1,none,1
1139.38,843,8,5,3,0.625,card,temporary_failure,1,19.31,1,2,PREMIUM,1,active,0
6685.14,590,9,8,1,0.8889,wallet,invalid_account,1,25.05,4,5,STANDARD,2,none,1
8895.08,1411,8,5,3,0.625,card,insufficient_funds,1,86.33,9,3,PREMIUM,0,active,1
2500.33,534,7,6,1,0.8571,card,insufficient_funds,1,61.04,0,1,PREMIUM,0,active,1
3259.46,882,12,8,4,0.6667,card,bank_timeout,1,41.57,3,1,STANDARD,0,none,1
2050.07,316,6,2,4,0.3333,card,bank_decline,1,105.54,10,5,PREMIUM,1,active,0
2782.14,1291,10,9,1,0.9,netbanking,bank_timeout,3,81.66,2,4,STANDARD,0,none,1
8966.94,411,5,5,0,1.0,upi,network_error,3,76.89,7,6,PREMIUM,0,active,1
4968.68,23,11,9,2,0.8182,upi,insufficient_funds,2,53.33,21,2,PREMIUM,1,active,0
10795.47,1167,7,7,0,1.0,card,insufficient_funds,1,80.89,8,6,STANDARD,1,none,0
731.33,762,13,11,2,0.8462,netbanking,temporary_failure,1,33.74,22,0,STANDARD,1,none,1
6906.11,382,9,8,1,0.8889,upi,insufficient_funds,1,70.18,8,1,STANDARD,0,none,1
4559.69,1794,12,10,2,0.8333,netbanking,invalid_account,3,42.79,12,6,STANDARD,2,none,1
6467.46,896,11,7,4,0.6364,wallet,bank_timeout,2,10.77,23,2,STANDARD,1,none,0
2350.67,179,9,7,2,0.7778,wallet,insufficient_funds,3,19.45,13,4,STANDARD,4,none,0
845.54,597,9,7,2,0.7778,card,temporary_failure,1,61.2,7,4,STANDARD,0,none,1
879.91,1152,7,5,2,0.7143,card,bank_decline,2,10.57,20,6,STANDARD,1,none,0
3627.59,125,8,6,2,0.75,upi,temporary_failure,2,48.09,5,4,PREMIUM,1,active,1
6594.47,109,5,5,0,1.0,netbanking,insufficient_funds,2,5.07,12,5,STANDARD,0,none,1
2813.0,736,12,8,4,0.6667,upi,bank_decline,1,23.55,9,3,STANDARD,0,none,0
4735.06,381,4,3,1,0.75,upi,bank_timeout,2,26.35,19,5,STANDARD,1,none,1
6379.48,1637,7,6,1,0.8571,wallet,network_error,2,13.01,16,1,STANDARD,2,none,0
682.24,1216,10,8,2,0.8,card,bank_decline,1,17.8,14,3,PREMIUM,3,active,1
2352.0,1296,5,5,0,1.0,card,temporary_failure,1,35.72,1,5,STANDARD,1,none,1
6965.81,1476,6,4,2,0.6667,card,network_error,3,16.63,16,5,STANDARD,1,none,0
23275.15,1731,10,9,1,0.9,upi,temporary_failure,3,80.66,14,1,STANDARD,1,none,1
7132.58,1453,9,6,3,0.6667,upi,bank_timeout,2,60.28,15,5,PREMIUM,1,active,1
1555.04,649,5,3,2,0.6,upi,temporary_failure,3,91.11,23,1,STANDARD,1,none,0
10320.11,1160,9,6,3,0.6667,upi,network_error,1,5.24,23,5,STANDARD,1,none,1
3124.26,899,11,10,1,0.9091,card,insufficient_funds,2,9.05,22,3,STANDARD,2,none,0
2905.8,349,13,11,2,0.8462,netbanking,insufficient_funds,2,15.37,8,4,PREMIUM,2,active,1
1241.94,374,8,4,4,0.5,card,invalid_account,1,28.92,22,6,PREMIUM,0,active,1
17973.46,1249,9,8,1,0.8889,netbanking,invalid_account,1,41.64,16,6,STANDARD,2,none,0
1285.92,1027,10,7,3,0.7,upi,bank_decline,2,31.36,1,6,PREMIUM,0,active,0
2711.76,1142,9,8,1,0.8889,upi,network_error,2,54.68,20,3,STANDARD,0,none,1
2703.84,1767,7,7,0,1.0,netbanking,temporary_failure,3,7.41,12,0,PREMIUM,0,active,0
3132.11,1576,7,7,0,1.0,card,bank_timeout,2,9.78,8,4,STANDARD,4,none,1
9272.29,991,16,12,4,0.75,upi,bank_timeout,1,66.51,19,4,STANDARD,0,none,0
2864.05,539,6,4,2,0.6667,card,temporary_failure,1,27.97,3,5,PREMIUM,1,active,1
9501.1,1514,9,7,2,0.7778,upi,temporary_failure,2,32.95,18,4,STANDARD,2,none,0
4527.32,1526,7,7,0,1.0,netbanking,bank_timeout,3,23.87,6,6,PREMIUM,3,active,1
4577.76,816,8,6,2,0.75,card,invalid_account,2,107.76,5,6,STANDARD,1,none,0
7430.78,1700,9,6,3,0.6667,card,insufficient_funds,3,40.57,13,2,PREMIUM,2,active,0
3970.42,810,8,6,2,0.75,upi,network_error,3,4.36,0,3,PREMIUM,2,active,0
4458.17,1254,13,11,2,0.8462,upi,network_error,2,9.95,15,0,STANDARD,1,none,1
10161.0,997,6,6,0,1.0,upi,fraud_suspected,1,25.74,21,2,PREMIUM,0,active,0
1491.37,1659,15,11,4,0.7333,upi,fraud_suspected,1,14.05,12,1,STANDARD,2,none,1
5717.11,1569,5,4,1,0.8,upi,fraud_suspected,2,43.73,23,6,PREMIUM,1,active,1
26215.76,73,8,6,2,0.75,upi,fraud_suspected,2,51.03,19,2,PREMIUM,0,active,0
2587.12,868,11,10,1,0.9091,upi,insufficient_funds,3,60.3,11,0,PREMIUM,1,active,1
8614.14,622,8,7,1,0.875,netbanking,bank_timeout,1,10.63,4,1,STANDARD,3,none,1
1974.29,573,7,4,3,0.5714,upi,temporary_failure,1,21.24,5,1,STANDARD,0,none,1
4279.78,508,8,7,1,0.875,netbanking,invalid_account,3,39.58,16,5,STANDARD,2,none,0
1963.76,843,5,3,2,0.6,upi,insufficient_funds,2,65.3,4,5,STANDARD,1,none,0
11295.01,1668,10,9,1,0.9,upi,bank_decline,1,68.96,13,2,STANDARD,0,none,0
5812.76,1047,5,4,1,0.8,upi,bank_timeout,2,38.53,17,2,STANDARD,0,none,1
696.65,1050,6,4,2,0.6667,card,temporary_failure,3,62.01,2,0,PREMIUM,0,active,1
4600.08,871,17,13,4,0.7647,upi,bank_decline,1,42.44,5,4,STANDARD,0,none,0
4453.21,1763,10,5,5,0.5,upi,bank_decline,2,35.77,3,2,PREMIUM,1,active,1
5339.78,1329,5,5,0,1.0,netbanking,invalid_account,3,37.91,10,2,PREMIUM,1,active,0
16660.24,276,5,4,1,0.8,card,invalid_account,3,56.3,8,0,STANDARD,1,none,1
2126.35,1706,12,9,3,0.75,upi,temporary_failure,1,44.47,11,1,STANDARD,1,none,0
5269.88,749,5,4,1,0.8,wallet,invalid_account,1,12.22,6,2,STANDARD,1,none,0
424.36,954,14,11,3,0.7857,upi,invalid_account,2,33.58,6,4,STANDARD,1,none,0
11221.96,642,8,3,5,0.375,card,insufficient_funds,3,30.99,1,0,PREMIUM,1,active,0
1039.79,356,8,5,3,0.625,card,temporary_failure,2,29.0,2,5,STANDARD,0,none,1
1880.52,214,19,13,6,0.6842,netbanking,fraud_suspected,2,12.78,8,3,ENTERPRISE,0,active,0
3814.25,637,8,7,1,0.875,upi,bank_decline,3,26.84,16,5,STANDARD,0,none,1
5600.8,1657,6,5,1,0.8333,upi,temporary_failure,2,37.7,4,5,STANDARD,1,none,1
1697.38,1525,10,9,1,0.9,upi,bank_decline,3,18.97,17,3,STANDARD,2,none,1
15117.23,233,6,4,2,0.6667,upi,insufficient_funds,3,47.99,11,5,STANDARD,1,none,1
3162.37,1268,6,5,1,0.8333,upi,invalid_account,1,2.3,4,0,PREMIUM,1,active,0
10186.15,1029,8,6,2,0.75,upi,temporary_failure,1,54.52,10,3,STANDARD,1,none,1
1742.94,148,8,5,3,0.625,upi,insufficient_funds,3,76.85,1,6,ENTERPRISE,1,active,0
48888.49,819,7,6,1,0.8571,upi,invalid_account,3,29.87,23,3,STANDARD,1,none,0
3691.64,1705,10,8,2,0.8,upi,insufficient_funds,2,26.89,2,5,STANDARD,0,none,1
3676.4,357,5,3,2,0.6,upi,bank_timeout,3,12.8,15,5,PREMIUM,0,active,1
5289.62,1088,10,9,1,0.9,upi,network_error,2,38.43,11,0,STANDARD,1,none,1
3274.26,1550,7,7,0,1.0,card,bank_decline,2,74.83,1,5,STANDARD,0,none,0
8045.77,656,14,9,5,0.6429,upi,bank_timeout,1,66.51,22,5,STANDARD,1,none,1
4519.03,892,5,5,0,1.0,upi,insufficient_funds,3,74.25,22,3,STANDARD,1,none,1
2745.81,747,11,10,1,0.9091,card,bank_timeout,2,5.72,23,5,PREMIUM,0,active,1
3496.13,1008,10,8,2,0.8,upi,insufficient_funds,2,39.86,13,3,PREMIUM,0,active,1
2094.38,1791,8,7,1,0.875,card,temporary_failure,2,90.86,13,5,STANDARD,3,none,1
3043.45,1630,5,4,1,0.8,netbanking,invalid_account,3,20.15,0,3,STANDARD,1,none,0
506.97,535,12,11,1,0.9167,wallet,bank_decline,2,7.19,16,6,PREMIUM,0,active,1
1164.17,190,10,8,2,0.8,card,fraud_suspected,2,92.95,13,1,STANDARD,1,none,1
3886.47,1279,9,6,3,0.6667,upi,insufficient_funds,2,39.26,14,6,PREMIUM,4,active,0
3607.75,1475,6,5,1,0.8333,upi,bank_decline,1,19.81,14,4,STANDARD,3,none,1
11783.81,559,7,3,4,0.4286,upi,temporary_failure,2,43.91,21,4,STANDARD,1,none,0
7802.78,1774,10,8,2,0.8,upi,network_error,2,30.59,15,5,STANDARD,2,none,1
5207.5,53,11,9,2,0.8182,card,temporary_failure,2,4.84,0,4,STANDARD,1,none,1
2116.13,86,12,9,3,0.75,upi,network_error,1,103.76,6,1,ENTERPRISE,3,active,0
6240.7,1756,10,7,3,0.7,upi,temporary_failure,1,8.6,14,1,STANDARD,0,none,0
2526.91,36,6,5,1,0.8333,upi,bank_timeout,1,24.18,21,5,STANDARD,0,none,1
3343.94,1300,3,3,0,1.0,card,network_error,1,34.99,0,4,STANDARD,0,none,1
681.12,434,9,5,4,0.5556,card,insufficient_funds,1,120.65,11,3,PREMIUM,0,active,0
4184.48,1793,12,8,4,0.6667,card,invalid_account,1,38.18,12,4,ENTERPRISE,0,active,0
3443.25,113,16,15,1,0.9375,netbanking,temporary_failure,3,19.21,5,0,STANDARD,2,none,1
4996.98,1783,10,9,1,0.9,card,network_error,2,27.6,8,5,STANDARD,1,none,1
3566.12,803,6,5,1,0.8333,card,insufficient_funds,2,61.06,23,2,STANDARD,1,none,1
893.43,951,8,6,2,0.75,upi,temporary_failure,1,14.27,1,4,STANDARD,1,none,1
7468.14,1740,8,5,3,0.625,upi,network_error,3,48.4,12,6,STANDARD,0,none,0
4102.67,1024,12,9,3,0.75,card,network_error,2,52.38,2,5,STANDARD,0,none,0
10713.38,1346,17,11,6,0.6471,upi,fraud_suspected,1,57.17,19,1,STANDARD,0,none,0
616.16,605,6,3,3,0.5,card,bank_timeout,3,8.53,10,1,STANDARD,1,none,0
3107.97,363,13,11,2,0.8462,upi,invalid_account,3,83.6,23,1,STANDARD,0,none,0
10339.24,1219,15,13,2,0.8667,upi,network_error,1,50.46,10,4,PREMIUM,1,active,1
1193.95,761,9,5,4,0.5556,card,temporary_failure,2,57.58,20,0,PREMIUM,1,active,0
9341.52,1739,8,7,1,0.875,card,insufficient_funds,2,16.94,21,1,STANDARD,2,none,1
11007.99,736,9,8,1,0.8889,upi,bank_decline,2,45.06,2,3,STANDARD,1,none,1
5847.18,1454,10,10,0,1.0,upi,insufficient_funds,1,66.13,13,2,STANDARD,0,none,1
1937.91,1018,9,7,2,0.7778,upi,network_error,2,34.25,10,5,STANDARD,1,none,1
1772.29,283,10,8,2,0.8,upi,bank_decline,1,5.44,0,2,STANDARD,1,none,0
4238.25,803,10,9,1,0.9,netbanking,bank_decline,3,52.09,15,1,STANDARD,0,none,0
7388.28,1634,10,7,3,0.7,upi,bank_timeout,2,42.96,8,2,STANDARD,1,none,1
20319.04,473,10,4,6,0.4,upi,invalid_account,2,23.63,18,1,PREMIUM,0,active,0
6185.19,443,9,6,3,0.6667,upi,invalid_account,2,91.74,15,1,STANDARD,0,none,0
1960.19,1202,10,9,1,0.9,netbanking,insufficient_funds,2,27.17,17,6,STANDARD,0,none,0
11013.71,1211,14,12,2,0.8571,card,network_error,3,36.03,6,6,STANDARD,2,none,1
16829.87,468,10,9,1,0.9,upi,bank_decline,1,32.0,3,5,PREMIUM,1,active,1
5473.69,205,5,4,1,0.8,upi,invalid_account,2,4.53,3,3,STANDARD,0,none,0
6513.22,635,8,8,0,1.0,upi,network_error,1,51.94,22,4,PREMIUM,0,active,1
8230.17,1560,6,6,0,1.0,upi,temporary_failure,1,37.53,11,6,STANDARD,1,none,1
364.62,636,11,9,2,0.8182,upi,bank_timeout,3,7.44,3,1,PREMIUM,0,active,1
4536.7,158,13,11,2,0.8462,netbanking,insufficient_funds,3,93.1,4,2,STANDARD,1,none,1
3197.41,749,6,4,2,0.6667,upi,insufficient_funds,1,33.91,2,4,STANDARD,0,none,1
1678.17,839,3,3,0,1.0,upi,fraud_suspected,2,40.95,19,2,PREMIUM,0,active,1
5584.31,1309,9,9,0,1.0,upi,bank_decline,2,71.54,3,1,STANDARD,0,none,0
5268.18,550,10,9,1,0.9,card,fraud_suspected,1,6.76,0,6,STANDARD,0,none,1
5518.32,1000,9,7,2,0.7778,upi,temporary_failure,2,17.08,22,0,STANDARD,2,none,1
5617.51,141,8,8,0,1.0,card,network_error,2,18.66,23,6,STANDARD,1,none,0
6166.7,96,15,11,4,0.7333,upi,temporary_failure,2,33.71,16,5,STANDARD,0,none,0
5333.65,1035,10,8,2,0.8,wallet,bank_decline,3,94.36,18,1,STANDARD,2,none,0
3439.19,1124,8,4,4,0.5,upi,bank_decline,3,52.6,23,4,PREMIUM,3,active,0
1603.35,1234,10,8,2,0.8,netbanking,bank_timeout,2,29.9,7,0,PREMIUM,1,active,1
33151.61,329,15,13,2,0.8667,card,bank_timeout,3,29.95,10,4,STANDARD,2,none,1
9190.13,494,18,15,3,0.8333,upi,bank_timeout,2,19.54,19,5,PREMIUM,2,active,1
8403.66,339,4,4,0,1.0,card,temporary_failure,3,15.47,11,4,PREMIUM,0,active,1
5818.5,946,8,4,4,0.5,netbanking,bank_timeout,3,42.51,18,1,STANDARD,1,none,0
8688.14,1580,16,12,4,0.75,upi,bank_decline,3,23.18,19,2,STANDARD,2,none,0
4085.36,646,7,5,2,0.7143,card,bank_timeout,3,41.94,20,5,STANDARD,0,none,0
7100.95,186,17,12,5,0.7059,netbanking,network_error,1,63.05,8,4,STANDARD,1,none,1
704.92,1005,11,7,4,0.6364,upi,insufficient_funds,3,34.44,1,3,PREMIUM,1,active,1
10724.35,990,10,9,1,0.9,card,network_error,2,58.06,9,3,STANDARD,0,none,1
4095.97,1112,9,7,2,0.7778,upi,temporary_failure,2,40.68,4,3,PREMIUM,0,active,1
2628.15,1090,6,3,3,0.5,upi,insufficient_funds,3,52.26,2,1,STANDARD,0,none,0
5087.83,71,9,7,2,0.7778,netbanking,insufficient_funds,1,35.32,5,2,STANDARD,1,none,1
5651.4,18,14,9,5,0.6429,card,temporary_failure,2,28.41,4,6,STANDARD,1,none,0
8115.23,228,13,10,3,0.7692,netbanking,bank_timeout,2,131.96,5,5,STANDARD,0,none,1
7530.34,381,11,8,3,0.7273,wallet,bank_decline,1,19.17,5,5,STANDARD,2,none,1
14485.46,1046,11,7,4,0.6364,upi,bank_decline,3,39.47,23,5,STANDARD,0,none,0
2353.93,1348,11,9,2,0.8182,upi,network_error,1,55.35,8,0,PREMIUM,0,active,1
4774.52,55,6,3,3,0.5,upi,insufficient_funds,3,8.32,10,4,STANDARD,1,none,1
3932.74,462,10,8,2,0.8,card,bank_decline,2,57.5,12,6,STANDARD,2,none,0
973.91,451,6,4,2,0.6667,upi,insufficient_funds,3,3.56,17,2,STANDARD,1,none,0
6617.55,33,9,7,2,0.7778,upi,bank_decline,2,36.43,15,3,STANDARD,0,none,1
3837.07,459,13,11,2,0.8462,upi,temporary_failure,3,86.55,16,2,PREMIUM,1,active,0
7730.42,1522,10,7,3,0.7,card,bank_decline,3,36.88,12,5,PREMIUM,2,active,1
8359.28,1451,11,9,2,0.8182,upi,bank_decline,3,26.37,3,2,PREMIUM,0,active,0
2751.46,40,7,6,1,0.8571,upi,insufficient_funds,1,14.81,9,3,PREMIUM,1,active,1
19782.22,91,9,9,0,1.0,upi,network_error,1,43.48,20,2,PREMIUM,0,active,1
1524.21,411,10,7,3,0.7,upi,insufficient_funds,2,28.12,4,2,PREMIUM,3,active,1
1122.26,388,7,4,3,0.5714,card,temporary_failure,1,57.53,9,4,STANDARD,1,none,1
2054.82,497,5,4,1,0.8,card,insufficient_funds,3,44.69,4,0,PREMIUM,1,active,0
2627.94,735,7,4,3,0.5714,upi,bank_decline,2,17.02,1,2,STANDARD,3,none,0
2776.08,717,7,7,0,1.0,netbanking,insufficient_funds,2,56.01,13,1,STANDARD,2,none,1
7093.4,849,8,8,0,1.0,wallet,network_error,1,32.93,11,2,PREMIUM,1,active,1
2691.4,1266,4,3,1,0.75,netbanking,bank_timeout,1,22.42,5,6,STANDARD,3,none,1
5947.82,1761,9,8,1,0.8889,upi,insufficient_funds,2,62.26,9,5,STANDARD,1,none,1
1139.07,1242,6,4,2,0.6667,card,insufficient_funds,2,5.67,11,3,PREMIUM,1,active,1
5461.81,500,8,8,0,1.0,upi,insufficient_funds,3,106.78,13,5,STANDARD,1,none,1
2159.99,267,14,11,3,0.7857,card,bank_decline,1,85.26,9,2,PREMIUM,1,active,1
4853.9,680,7,6,1,0.8571,upi,temporary_failure,3,27.66,1,3,STANDARD,2,none,1
2824.87,1011,7,6,1,0.8571,upi,insufficient_funds,2,26.99,22,6,STANDARD,3,none,1
2821.1,710,10,8,2,0.8,upi,bank_timeout,1,13.14,23,6,STANDARD,0,none,0
4227.71,915,12,10,2,0.8333,card,temporary_failure,2,19.02,5,4,PREMIUM,0,active,1
6468.72,1773,8,7,1,0.875,upi,temporary_failure,2,13.66,4,2,PREMIUM,0,active,1
18482.79,858,8,6,2,0.75,card,bank_decline,3,48.53,9,2,STANDARD,1,none,0
5780.11,322,4,4,0,1.0,upi,invalid_account,3,32.89,21,0,STANDARD,1,none,0
7180.93,7,13,10,3,0.7692,upi,insufficient_funds,1,32.85,12,6,PREMIUM,2,active,0
7111.07,994,11,10,1,0.9091,netbanking,fraud_suspected,2,34.65,1,4,STANDARD,1,none,0
1578.19,414,8,7,1,0.875,upi,network_error,2,29.42,11,3,STANDARD,2,none,1
4614.96,1548,5,5,0,1.0,card,temporary_failure,2,18.81,15,4,PREMIUM,0,active,1
2385.06,43,4,2,2,0.5,card,bank_decline,3,70.98,16,3,STANDARD,0,none,0
24109.49,1424,6,5,1,0.8333,card,network_error,1,43.87,10,0,PREMIUM,1,active,1
6480.66,349,8,6,2,0.75,upi,insufficient_funds,2,32.94,5,3,STANDARD,0,none,0
1394.84,539,11,8,3,0.7273,upi,network_error,2,20.97,4,3,STANDARD,1,none,1
2291.51,232,7,6,1,0.8571,netbanking,network_error,3,11.79,8,4,STANDARD,0,none,1
1840.15,564,10,7,3,0.7,wallet,invalid_account,3,73.14,3,1,PREMIUM,3,active,0
4917.73,360,11,7,4,0.6364,netbanking,insufficient_funds,3,37.14,15,5,PREMIUM,0,active,0
3560.83,688,11,7,4,0.6364,upi,temporary_failure,1,22.88,12,4,STANDARD,0,none,1
3925.6,80,3,2,1,0.6667,upi,insufficient_funds,2,38.47,17,4,STANDARD,1,none,1
2499.37,1088,7,6,1,0.8571,card,fraud_suspected,2,36.1,21,4,STANDARD,0,none,0
3025.37,812,13,10,3,0.7692,upi,network_error,2,33.62,8,6,PREMIUM,3,active,1
8665.49,374,11,8,3,0.7273,netbanking,insufficient_funds,3,17.86,16,4,STANDARD,0,none,0
6048.93,428,7,5,2,0.7143,netbanking,bank_timeout,1,28.7,0,3,PREMIUM,0,active,0
1873.55,555,12,11,1,0.9167,upi,network_error,3,25.52,8,0,STANDARD,0,none,0
4105.9,1498,10,7,3,0.7,card,invalid_account,2,26.02,17,3,STANDARD,1,none,0
1227.35,1519,14,11,3,0.7857,upi,temporary_failure,2,54.48,11,1,STANDARD,1,none,1
5797.85,755,13,9,4,0.6923,card,invalid_account,2,9.46,16,1,PREMIUM,0,active,0
3481.5,1498,4,4,0,1.0,card,temporary_failure,3,28.87,16,3,PREMIUM,2,active,1
2378.45,521,10,8,2,0.8,upi,bank_decline,2,11.57,16,6,STANDARD,1,none,1
1055.47,1407,14,11,3,0.7857,card,temporary_failure,3,22.65,10,2,STANDARD,1,none,1
3249.81,1696,9,7,2,0.7778,upi,invalid_account,1,16.28,3,5,PREMIUM,0,active,0
6181.96,1095,7,5,2,0.7143,card,bank_decline,2,95.34,23,3,STANDARD,0,none,0
2775.65,181,7,6,1,0.8571,upi,temporary_failure,3,81.38,23,1,PREMIUM,0,active,1
7943.55,595,14,11,3,0.7857,upi,bank_decline,2,28.22,23,1,STANDARD,2,none,0
1357.02,218,9,9,0,1.0,upi,insufficient_funds,1,67.04,21,4,STANDARD,2,none,1
2668.91,234,8,4,4,0.5,upi,bank_timeout,1,45.55,23,2,STANDARD,0,none,1
3491.51,1230,15,12,3,0.8,upi,invalid_account,3,20.4,22,5,STANDARD,2,none,0
7121.23,1773,7,7,0,1.0,netbanking,invalid_account,3,10.05,16,5,PREMIUM,0,active,0
13270.68,1235,3,2,1,0.6667,netbanking,insufficient_funds,3,40.74,21,3,STANDARD,2,none,1
9038.63,1265,2,1,1,0.5,card,temporary_failure,3,21.8,22,4,PREMIUM,1,active,1
8395.49,27,8,4,4,0.5,card,bank_decline,1,38.36,21,2,STANDARD,0,none,0
10482.11,1643,4,3,1,0.75,card,insufficient_funds,1,194.0,22,5,STANDARD,1,none,0
918.12,471,8,6,2,0.75,netbanking,insufficient_funds,1,15.19,8,1,PREMIUM,2,active,1
646.92,1635,14,10,4,0.7143,card,bank_timeout,1,12.94,1,5,PREMIUM,2,active,1
2390.25,1559,6,5,1,0.8333,card,bank_timeout,2,49.64,22,1,ENTERPRISE,0,active,1
6047.35,858,7,7,0,1.0,card,bank_timeout,1,32.49,20,0,STANDARD,1,none,1
7715.68,1429,9,9,0,1.0,card,temporary_failure,1,101.74,8,3,STANDARD,2,none,1
5159.11,1749,8,7,1,0.875,card,temporary_failure,1,73.84,18,1,STANDARD,2,none,1
3460.35,1155,13,8,5,0.6154,wallet,temporary_failure,3,90.56,17,0,STANDARD,0,none,0
5293.96,394,7,7,0,1.0,upi,network_error,3,30.03,3,4,PREMIUM,1,active,1
2744.15,1513,11,9,2,0.8182,wallet,temporary_failure,2,12.68,10,0,PREMIUM,0,active,1
10508.31,1201,10,6,4,0.6,card,fraud_suspected,1,34.01,18,4,STANDARD,1,none,0
7293.99,778,7,6,1,0.8571,upi,bank_decline,2,29.2,7,6,STANDARD,1,none,1
14509.02,280,11,8,3,0.7273,upi,insufficient_funds,1,30.2,20,3,PREMIUM,3,active,0
16030.44,555,8,8,0,1.0,wallet,network_error,3,89.05,6,6,STANDARD,1,none,1
5009.56,1073,10,9,1,0.9,card,invalid_account,3,20.97,0,6,STANDARD,1,none,1
10680.82,1274,8,8,0,1.0,netbanking,network_error,2,45.55,7,2,PREMIUM,0,active,1
3237.94,841,12,8,4,0.6667,card,fraud_suspected,3,36.55,14,5,STANDARD,1,none,0
4950.22,1690,7,5,2,0.7143,upi,insufficient_funds,3,34.71,15,4,PREMIUM,0,active,0
8387.03,604,8,8,0,1.0,upi,network_error,1,60.28,10,0,PREMIUM,0,active,1
17030.32,1246,8,5,3,0.625,card,temporary_failure,3,15.6,10,6,STANDARD,1,none,1
7242.53,455,8,4,4,0.5,card,bank_decline,1,9.27,13,5,STANDARD,1,none,0
3936.33,851,13,10,3,0.7692,upi,temporary_failure,1,54.82,19,2,STANDARD,1,none,1
3891.91,864,6,5,1,0.8333,upi,network_error,1,31.11,14,2,STANDARD,3,none,1
13097.46,1508,7,5,2,0.7143,netbanking,fraud_suspected,2,143.14,1,6,STANDARD,1,none,0
3607.03,106,4,2,2,0.5,upi,temporary_failure,1,37.5,15,1,STANDARD,0,none,0
4895.28,182,13,12,1,0.9231,wallet,temporary_failure,3,3.73,5,6,PREMIUM,1,active,1
2949.24,1538,6,4,2,0.6667,card,bank_timeout,2,66.61,6,1,STANDARD,0,none,1
4793.77,685,10,7,3,0.7,upi,temporary_failure,1,57.31,19,5,PREMIUM,2,active,1
2345.91,1620,11,10,1,0.9091,card,insufficient_funds,1,49.17,3,6,PREMIUM,0,active,0
6017.36,1559,16,11,5,0.6875,card,bank_decline,1,61.73,21,4,PREMIUM,1,active,1
2228.86,233,9,6,3,0.6667,upi,bank_timeout,1,42.89,7,3,STANDARD,1,none,1
3834.23,892,11,8,3,0.7273,card,insufficient_funds,1,30.72,14,6,STANDARD,4,none,0
4502.54,622,13,12,1,0.9231,card,insufficient_funds,2,83.28,11,2,STANDARD,0,none,0
3640.04,869,7,4,3,0.5714,upi,bank_timeout,1,156.65,11,3,STANDARD,0,none,1
3047.23,505,4,3,1,0.75,netbanking,invalid_account,3,58.92,6,3,ENTERPRISE,0,active,1
3239.36,109,6,4,2,0.6667,upi,temporary_failure,3,8.74,5,2,STANDARD,0,none,1
4097.14,1585,8,8,0,1.0,card,bank_decline,2,17.54,13,6,STANDARD,1,none,0
1869.66,1080,7,7,0,1.0,card,bank_decline,2,28.81,23,5,STANDARD,1,none,1
1990.72,231,12,9,3,0.75,upi,bank_timeout,2,69.0,8,3,PREMIUM,2,active,0
7996.89,746,12,4,8,0.3333,upi,bank_decline,1,90.09,15,2,PREMIUM,2,active,0
4976.02,605,6,6,0,1.0,card,temporary_failure,1,42.87,14,0,STANDARD,2,none,1
3492.93,1217,7,6,1,0.8571,card,network_error,2,46.37,2,0,STANDARD,1,none,1
6224.93,946,14,12,2,0.8571,netbanking,invalid_account,3,13.78,3,2,PREMIUM,1,active,0
4907.03,923,10,8,2,0.8,wallet,bank_decline,1,29.14,16,1,STANDARD,0,none,0
6430.36,119,11,9,2,0.8182,upi,fraud_suspected,1,27.73,9,0,STANDARD,1,none,1
3597.13,1314,11,5,6,0.4545,card,insufficient_funds,3,14.27,6,1,STANDARD,0,none,0
4404.55,438,8,8,0,1.0,upi,temporary_failure,2,6.65,15,2,STANDARD,1,none,1
3728.41,778,9,5,4,0.5556,netbanking,fraud_suspected,3,35.39,1,6,STANDARD,0,none,0
4076.62,1214,7,4,3,0.5714,card,bank_timeout,2,97.54,10,6,STANDARD,1,none,0
4317.18,1593,6,5,1,0.8333,upi,fraud_suspected,1,9.58,6,3,ENTERPRISE,1,active,0
3283.99,1595,16,10,6,0.625,upi,insufficient_funds,1,36.6,7,2,PREMIUM,1,active,1
1915.68,1636,10,8,2,0.8,wallet,bank_decline,3,74.57,7,1,PREMIUM,1,active,0
3685.8,1685,9,7,2,0.7778,upi,network_error,2,10.65,12,6,PREMIUM,2,active,1
6362.63,1198,9,8,1,0.8889,upi,bank_timeout,2,12.58,21,3,STANDARD,1,none,1
5732.94,1758,11,5,6,0.4545,netbanking,temporary_failure,3,29.28,0,3,PREMIUM,2,active,0
5020.25,1275,10,9,1,0.9,card,bank_decline,1,63.22,14,6,STANDARD,1,none,1
6164.67,328,12,8,4,0.6667,upi,bank_timeout,2,31.48,2,0,STANDARD,1,none,0
1191.13,1116,3,2,1,0.6667,wallet,temporary_failure,3,25.19,9,4,ENTERPRISE,0,active,1
6264.93,1648,11,9,2,0.8182,card,temporary_failure,2,8.3,16,0,PREMIUM,3,active,1
4014.21,1544,12,10,2,0.8333,card,network_error,2,79.87,15,2,STANDARD,2,none,1
1973.18,1043,9,6,3,0.6667,netbanking,fraud_suspected,3,31.71,5,2,STANDARD,3,none,0
1709.52,1128,11,9,2,0.8182,netbanking,temporary_failure,2,51.71,19,6,ENTERPRISE,1,active,1
1368.26,1619,7,5,2,0.7143,card,bank_timeout,3,56.21,10,3,STANDARD,0,none,1
19243.99,875,9,5,4,0.5556,card,bank_decline,2,18.46,11,3,STANDARD,1,none,0
13600.33,676,6,5,1,0.8333,upi,network_error,3,39.83,10,3,STANDARD,2,none,1
4469.3,870,5,4,1,0.8,upi,bank_timeout,3,28.61,8,6,STANDARD,1,none,0
7863.89,385,9,7,2,0.7778,upi,network_error,1,11.59,20,4,STANDARD,0,none,1
3434.85,1332,5,5,0,1.0,netbanking,temporary_failure,3,69.21,19,6,STANDARD,1,none,1
1741.49,559,9,9,0,1.0,upi,temporary_failure,2,19.55,1,4,STANDARD,1,none,1
2729.46,824,12,11,1,0.9167,upi,bank_decline,1,125.49,19,1,PREMIUM,3,active,1
1967.94,901,11,10,1,0.9091,card,bank_decline,1,13.44,10,5,PREMIUM,1,active,1
2782.99,782,13,10,3,0.7692,upi,network_error,1,14.21,15,1,STANDARD,0,none,1
2601.35,194,10,8,2,0.8,upi,fraud_suspected,3,27.28,3,3,STANDARD,1,none,0
3296.34,1213,15,13,2,0.8667,wallet,temporary_failure,1,21.76,9,2,PREMIUM,1,active,1
6384.78,1460,9,9,0,1.0,card,insufficient_funds,2,71.06,21,5,STANDARD,1,none,1
1355.53,1361,13,13,0,1.0,upi,network_error,3,65.12,14,6,STANDARD,0,none,1
378.18,1745,8,5,3,0.625,netbanking,bank_timeout,2,51.49,23,1,PREMIUM,0,active,0
7762.23,1754,9,8,1,0.8889,upi,bank_timeout,2,69.43,4,4,ENTERPRISE,2,active,0
2396.53,366,13,10,3,0.7692,upi,temporary_failure,2,48.2,16,6,STANDARD,0,none,0
3842.83,839,8,7,1,0.875,card,bank_decline,2,36.34,15,1,STANDARD,1,none,1
877.09,1747,2,2,0,1.0,card,bank_decline,2,11.76,15,0,PREMIUM,0,active,1
2415.71,1717,11,9,2,0.8182,wallet,temporary_failure,2,5.09,1,1,STANDARD,0,none,0
10887.18,261,6,2,4,0.3333,upi,insufficient_funds,3,41.21,18,2,PREMIUM,0,active,0
3638.24,762,7,4,3,0.5714,upi,network_error,3,25.75,20,6,STANDARD,0,none,1
2314.72,1141,5,5,0,1.0,card,temporary_failure,1,10.11,10,5,PREMIUM,1,active,1
5744.13,1139,8,7,1,0.875,upi,network_error,2,28.97,14,5,STANDARD,0,none,1
12387.41,480,4,3,1,0.75,card,temporary_failure,1,31.43,18,5,PREMIUM,2,active,1
2054.88,1302,15,11,4,0.7333,upi,temporary_failure,3,5.14,10,4,STANDARD,0,none,1
8047.2,633,8,6,2,0.75,upi,bank_timeout,1,52.01,15,2,PREMIUM,0,active,1
1108.25,1006,7,6,1,0.8571,upi,bank_decline,2,17.37,22,0,STANDARD,2,none,0
18453.53,776,6,5,1,0.8333,upi,insufficient_funds,2,49.86,23,2,STANDARD,1,none,0
3766.71,782,5,1,4,0.2,upi,insufficient_funds,3,85.59,22,6,STANDARD,2,none,0
2935.02,1128,15,13,2,0.8667,card,bank_decline,1,61.17,4,6,STANDARD,0,none,0
2981.36,965,12,8,4,0.6667,netbanking,invalid_account,1,86.95,5,1,PREMIUM,2,active,0
3757.47,1013,4,4,0,1.0,upi,insufficient_funds,1,38.91,4,2,STANDARD,0,none,1
5753.01,39,7,7,0,1.0,card,bank_timeout,2,18.77,21,6,STANDARD,1,none,1
3375.46,1708,12,11,1,0.9167,card,network_error,3,23.65,7,0,STANDARD,1,none,1
15019.61,1292,9,8,1,0.8889,card,temporary_failure,3,62.37,8,1,STANDARD,1,none,1
9707.53,1527,9,7,2,0.7778,netbanking,insufficient_funds,3,33.09,21,3,STANDARD,0,none,0
2613.44,983,10,9,1,0.9,card,invalid_account,1,41.96,7,5,PREMIUM,0,active,1
1959.87,1785,11,9,2,0.8182,wallet,invalid_account,3,36.94,7,2,STANDARD,1,none,0
4196.92,1349,14,12,2,0.8571,netbanking,bank_timeout,2,31.03,5,2,STANDARD,2,none,1
5029.61,310,10,9,1,0.9,upi,temporary_failure,1,10.22,1,6,STANDARD,1,none,1
2734.11,1670,4,4,0,1.0,upi,invalid_account,1,16.87,1,1,STANDARD,1,none,0
3475.0,949,5,5,0,1.0,netbanking,insufficient_funds,1,82.85,13,6,STANDARD,2,none,1
6078.31,699,9,7,2,0.7778,netbanking,bank_timeout,1,57.9,21,5,ENTERPRISE,0,active,0
9550.22,1181,12,8,4,0.6667,card,temporary_failure,3,80.41,13,6,STANDARD,0,none,0
1984.9,186,10,8,2,0.8,upi,insufficient_funds,1,45.86,12,3,PREMIUM,0,active,1
702.41,1205,9,6,3,0.6667,card,network_error,3,33.37,14,3,STANDARD,2,none,1
2755.43,569,11,9,2,0.8182,upi,insufficient_funds,3,57.43,22,2,PREMIUM,1,active,0
855.33,1796,8,7,1,0.875,upi,bank_decline,1,40.39,1,2,STANDARD,1,none,1
1652.71,1135,12,10,2,0.8333,netbanking,network_error,3,31.71,2,5,ENTERPRISE,1,active,0
441.25,734,9,7,2,0.7778,wallet,network_error,2,45.44,8,4,STANDARD,1,none,1
12242.08,704,7,5,2,0.7143,upi,bank_timeout,3,4.1,12,0,PREMIUM,1,active,1
789.71,748,14,14,0,1.0,upi,insufficient_funds,1,33.04,2,0,STANDARD,1,none,1
21220.56,1619,8,3,5,0.375,upi,bank_decline,3,24.49,9,6,PREMIUM,0,active,0
840.73,1055,7,7,0,1.0,upi,temporary_failure,3,58.49,18,6,STANDARD,3,none,1
8036.12,500,5,5,0,1.0,card,bank_decline,2,30.07,4,5,PREMIUM,3,active,1
2659.76,675,5,3,2,0.6,upi,invalid_account,3,81.04,5,2,STANDARD,0,none,0
7609.89,791,4,2,2,0.5,wallet,insufficient_funds,3,126.21,8,0,STANDARD,1,none,1
7097.56,1238,16,12,4,0.75,upi,network_error,2,31.18,14,2,STANDARD,0,none,1
1521.46,1354,6,5,1,0.8333,card,bank_decline,2,15.83,11,3,PREMIUM,0,active,1
14906.46,277,6,5,1,0.8333,card,network_error,3,37.87,5,0,PREMIUM,0,active,1
1183.06,665,7,5,2,0.7143,upi,temporary_failure,2,20.16,22,0,PREMIUM,3,active,1
2864.48,1710,11,10,1,0.9091,card,network_error,1,42.06,1,1,STANDARD,1,none,1
17202.55,1784,12,8,4,0.6667,card,bank_decline,1,25.02,11,2,PREMIUM,0,active,1
5088.34,713,11,9,2,0.8182,netbanking,bank_timeout,3,41.7,6,6,PREMIUM,1,active,1
3153.26,481,4,1,3,0.25,upi,fraud_suspected,1,18.41,7,3,PREMIUM,1,active,1
3750.46,235,14,14,0,1.0,netbanking,bank_decline,1,43.69,0,4,STANDARD,1,none,1
4542.1,362,6,3,3,0.5,upi,temporary_failure,3,23.25,18,6,PREMIUM,1,active,0
9085.91,611,7,4,3,0.5714,upi,bank_decline,3,14.89,13,1,STANDARD,1,none,0
6047.88,758,11,8,3,0.7273,upi,fraud_suspected,2,8.73,1,4,STANDARD,0,none,0
2732.08,1634,6,6,0,1.0,upi,bank_decline,1,22.58,22,5,STANDARD,3,none,1
6115.05,634,7,5,2,0.7143,upi,bank_decline,2,36.6,7,3,STANDARD,1,none,1
686.17,1264,11,8,3,0.7273,netbanking,temporary_failure,1,14.25,9,5,ENTERPRISE,0,active,1
5848.24,54,6,6,0,1.0,card,temporary_failure,3,25.42,9,3,ENTERPRISE,0,active,1
2518.25,1264,10,9,1,0.9,wallet,bank_timeout,1,117.24,13,6,PREMIUM,2,active,0
2964.04,751,8,5,3,0.625,card,network_error,1,56.45,14,3,PREMIUM,1,active,1
5653.02,1287,8,7,1,0.875,card,network_error,3,12.49,2,6,STANDARD,1,none,1
7454.8,726,10,8,2,0.8,upi,temporary_failure,3,76.45,6,2,PREMIUM,1,active,1
1451.69,425,11,7,4,0.6364,upi,bank_timeout,1,37.46,8,4,STANDARD,1,none,0
4072.7,1180,12,10,2,0.8333,netbanking,network_error,3,25.25,23,0,STANDARD,2,none,1
1197.87,413,8,6,2,0.75,wallet,invalid_account,3,60.14,12,1,ENTERPRISE,1,active,0
5068.76,470,6,5,1,0.8333,card,invalid_account,2,50.12,2,5,STANDARD,2,none,0
1138.66,1493,9,9,0,1.0,upi,bank_decline,2,91.21,17,6,PREMIUM,0,active,0
1567.89,1694,8,6,2,0.75,netbanking,insufficient_funds,3,62.55,18,3,STANDARD,1,none,1
7403.59,1680,10,4,6,0.4,card,insufficient_funds,3,19.06,18,3,STANDARD,0,none,0
3145.14,1146,5,4,1,0.8,upi,temporary_failure,2,42.55,17,3,PREMIUM,1,active,0
4030.35,394,6,6,0,1.0,card,temporary_failure,3,45.89,7,4,STANDARD,0,none,1
1974.35,1391,10,8,2,0.8,card,bank_timeout,3,24.31,19,4,STANDARD,0,none,0
6605.45,750,9,8,1,0.8889,wallet,network_error,3,61.22,1,5,STANDARD,0,none,1
1228.29,1485,9,8,1,0.8889,upi,insufficient_funds,2,36.81,18,4,STANDARD,1,none,0
3100.89,1663,8,8,0,1.0,upi,temporary_failure,3,78.03,23,2,PREMIUM,1,active,1
2945.97,559,14,11,3,0.7857,upi,bank_decline,3,29.62,4,1,PREMIUM,0,active,0
4547.7,725,14,14,0,1.0,netbanking,fraud_suspected,3,23.21,5,2,STANDARD,0,none,1
3695.38,108,12,9,3,0.75,upi,temporary_failure,2,40.55,22,6,PREMIUM,2,active,1
3735.51,783,12,10,2,0.8333,upi,insufficient_funds,3,35.24,22,2,STANDARD,2,none,0
1494.82,158,9,7,2,0.7778,upi,bank_decline,1,61.48,21,6,STANDARD,0,none,0
903.03,528,4,3,1,0.75,upi,insufficient_funds,2,43.23,15,4,STANDARD,2,none,0
3475.16,1761,6,5,1,0.8333,netbanking,insufficient_funds,2,43.24,8,4,PREMIUM,4,active,1
3542.82,1258,10,9,1,0.9,wallet,temporary_failure,1,25.87,22,0,PREMIUM,1,active,1
1787.39,907,10,8,2,0.8,upi,insufficient_funds,3,22.34,22,2,STANDARD,2,none,0
672.37,1025,7,6,1,0.8571,card,bank_decline,1,37.44,17,2,STANDARD,2,none,1
13146.68,648,5,5,0,1.0,upi,bank_decline,2,29.4,6,6,PREMIUM,1,active,1
4789.97,576,12,11,1,0.9167,wallet,bank_timeout,2,16.9,16,1,STANDARD,2,none,1
6514.57,1147,9,6,3,0.6667,upi,network_error,3,19.71,13,6,PREMIUM,1,active,1
3545.33,761,7,5,2,0.7143,wallet,temporary_failure,3,58.67,11,6,STANDARD,1,none,1
778.73,840,11,10,1,0.9091,upi,temporary_failure,3,20.68,9,0,STANDARD,1,none,1
1323.82,1184,8,4,4,0.5,upi,bank_decline,2,11.87,9,3,STANDARD,0,none,0
5021.4,1781,5,5,0,1.0,upi,bank_decline,2,19.17,19,0,PREMIUM,2,active,1
9489.01,848,13,10,3,0.7692,card,invalid_account,3,25.73,2,6,PREMIUM,2,active,0
2901.2,500,11,9,2,0.8182,upi,bank_decline,2,54.8,13,5,PREMIUM,0,active,1
6998.73,1492,7,7,0,1.0,upi,invalid_account,2,163.7,3,1,STANDARD,3,none,1
485.62,1154,6,6,0,1.0,upi,temporary_failure,2,107.19,3,4,STANDARD,0,none,1
996.02,1337,8,8,0,1.0,wallet,temporary_failure,3,66.69,23,0,PREMIUM,1,active,1
4252.1,1462,6,4,2,0.6667,upi,insufficient_funds,2,36.55,9,3,STANDARD,0,none,1
4978.42,982,7,7,0,1.0,upi,fraud_suspected,1,120.29,6,0,STANDARD,2,none,0
2293.94,580,8,6,2,0.75,netbanking,invalid_account,1,30.07,23,0,ENTERPRISE,1,active,0
11630.7,423,7,6,1,0.8571,card,temporary_failure,1,42.57,9,3,STANDARD,3,none,1
1069.33,1397,7,7,0,1.0,wallet,invalid_account,2,6.11,6,4,STANDARD,2,none,1
3808.38,1675,6,6,0,1.0,netbanking,temporary_failure,3,22.59,14,4,STANDARD,0,none,1
3172.09,1506,7,6,1,0.8571,wallet,invalid_account,1,38.85,15,3,STANDARD,0,none,1
2508.74,1292,2,1,1,0.5,card,insufficient_funds,1,45.5,5,4,PREMIUM,0,active,0
6061.24,1387,12,6,6,0.5,netbanking,insufficient_funds,1,29.76,13,0,STANDARD,1,none,0
3081.5,1668,12,7,5,0.5833,card,network_error,2,74.67,14,2,PREMIUM,1,active,1
421.31,790,10,8,2,0.8,card,bank_decline,2,38.21,0,0,STANDARD,2,none,0
3675.06,1025,8,5,3,0.625,upi,temporary_failure,3,25.61,10,2,STANDARD,2,none,1
6213.02,538,7,4,3,0.5714,card,insufficient_funds,1,60.82,2,2,STANDARD,2,none,0
1120.86,894,11,9,2,0.8182,card,insufficient_funds,1,62.04,14,6,STANDARD,3,none,1
7014.0,982,7,4,3,0.5714,card,temporary_failure,2,5.63,4,3,STANDARD,1,none,1
3412.77,317,8,5,3,0.625,netbanking,insufficient_funds,3,57.22,3,2,PREMIUM,1,active,0
1150.32,1257,11,8,3,0.7273,wallet,insufficient_funds,3,40.34,12,0,PREMIUM,1,active,0
4390.67,908,9,6,3,0.6667,upi,bank_timeout,3,30.12,18,4,PREMIUM,0,active,1
1246.18,1627,1,1,0,1.0,card,bank_decline,1,17.51,10,0,STANDARD,1,none,1
4398.81,1337,6,3,3,0.5,upi,insufficient_funds,3,25.67,16,0,STANDARD,0,none,0
7135.35,438,9,6,3,0.6667,card,insufficient_funds,1,18.4,21,6,STANDARD,2,none,1
32798.88,263,13,11,2,0.8462,upi,bank_timeout,3,15.25,10,2,STANDARD,1,none,1
5424.25,306,5,5,0,1.0,card,fraud_suspected,2,26.27,1,4,STANDARD,0,none,0
1675.69,1337,16,11,5,0.6875,wallet,temporary_failure,3,70.94,3,0,PREMIUM,0,active,0
684.16,825,9,7,2,0.7778,upi,invalid_account,2,8.52,7,4,PREMIUM,1,active,0
5926.57,1315,12,10,2,0.8333,upi,bank_decline,2,21.35,21,3,STANDARD,0,none,0
2291.46,430,10,10,0,1.0,upi,network_error,3,92.49,18,2,STANDARD,0,none,1
337.09,802,11,11,0,1.0,card,temporary_failure,2,16.78,18,1,STANDARD,0,none,1
2189.85,1532,11,11,0,1.0,netbanking,invalid_account,2,72.66,22,6,STANDARD,0,none,0
1336.8,221,12,9,3,0.75,upi,temporary_failure,2,40.07,23,2,ENTERPRISE,1,active,1
20311.35,354,8,5,3,0.625,card,temporary_failure,3,19.48,15,3,PREMIUM,1,active,1
1523.75,356,6,5,1,0.8333,card,bank_decline,3,29.59,7,5,STANDARD,3,none,0
2864.5,747,7,6,1,0.8571,netbanking,insufficient_funds,3,21.54,10,5,STANDARD,1,none,1
3495.07,847,9,6,3,0.6667,card,insufficient_funds,1,17.01,21,6,STANDARD,1,none,0
4313.7,455,4,3,1,0.75,netbanking,network_error,2,27.34,5,0,PREMIUM,2,active,1
9314.59,1576,9,5,4,0.5556,netbanking,fraud_suspected,2,35.18,9,5,STANDARD,0,none,1
5012.22,1718,6,5,1,0.8333,upi,invalid_account,1,66.56,0,1,STANDARD,1,none,1
2346.81,1542,13,9,4,0.6923,upi,temporary_failure,1,20.77,18,2,STANDARD,2,none,1
2117.14,1705,12,11,1,0.9167,upi,fraud_suspected,2,5.43,6,6,PREMIUM,2,active,0
1970.01,1779,5,4,1,0.8,wallet,network_error,3,34.99,8,0,STANDARD,0,none,1
22042.41,769,9,8,1,0.8889,card,fraud_suspected,3,56.03,2,2,STANDARD,2,none,0
3562.4,274,11,9,2,0.8182,wallet,bank_timeout,3,20.36,9,5,STANDARD,2,none,0
4587.36,404,6,5,1,0.8333,upi,bank_timeout,2,46.44,7,6,PREMIUM,0,active,1
3748.01,1350,10,6,4,0.6,upi,temporary_failure,1,2.94,1,3,STANDARD,0,none,0
771.16,726,9,9,0,1.0,wallet,network_error,3,50.02,13,4,STANDARD,1,none,1
14482.23,1752,6,4,2,0.6667,card,network_error,1,9.8,8,2,STANDARD,0,none,0
1562.35,1169,5,4,1,0.8,card,insufficient_funds,1,58.1,20,1,STANDARD,0,none,1
3357.69,1271,7,5,2,0.7143,netbanking,insufficient_funds,1,41.13,0,0,PREMIUM,1,active,0
4645.75,430,11,8,3,0.7273,upi,bank_timeout,2,35.91,22,3,STANDARD,0,none,1
1230.18,1022,9,8,1,0.8889,upi,bank_timeout,2,19.04,12,3,STANDARD,0,none,1
2908.44,892,8,8,0,1.0,netbanking,insufficient_funds,3,107.23,12,2,STANDARD,3,none,1
4727.05,863,6,5,1,0.8333,card,bank_timeout,2,18.42,8,2,PREMIUM,1,active,1
18747.65,994,10,7,3,0.7,upi,temporary_failure,1,9.68,13,4,PREMIUM,0,active,1
1127.53,913,14,10,4,0.7143,upi,fraud_suspected,1,35.83,22,1,STANDARD,1,none,0
7107.81,795,10,8,2,0.8,card,insufficient_funds,2,64.24,8,0,PREMIUM,0,active,1
9449.07,463,9,8,1,0.8889,netbanking,temporary_failure,2,32.4,12,2,PREMIUM,0,active,1
1457.37,762,7,7,0,1.0,upi,network_error,1,55.35,13,4,STANDARD,1,none,1
4883.98,1647,7,6,1,0.8571,card,invalid_account,3,10.65,15,0,STANDARD,1,none,0
9936.73,240,15,12,3,0.8,upi,temporary_failure,1,9.22,16,0,STANDARD,0,none,1
11914.64,1759,14,12,2,0.8571,card,insufficient_funds,3,12.74,17,0,STANDARD,0,none,0
1484.39,1192,8,7,1,0.875,wallet,insufficient_funds,2,28.75,23,5,STANDARD,1,none,1
4326.02,871,12,9,3,0.75,upi,insufficient_funds,1,85.31,1,1,STANDARD,1,none,1
20707.96,1518,7,7,0,1.0,upi,temporary_failure,2,32.39,3,6,PREMIUM,0,active,0
1705.49,1773,5,4,1,0.8,upi,fraud_suspected,3,26.5,4,1,STANDARD,1,none,0
9322.97,1427,11,9,2,0.8182,netbanking,temporary_failure,3,10.11,12,3,STANDARD,0,none,1
11609.19,378,7,5,2,0.7143,card,bank_decline,3,11.74,23,0,PREMIUM,2,active,0
17377.26,575,12,8,4,0.6667,card,insufficient_funds,3,56.5,21,3,STANDARD,1,none,1
1412.88,1731,5,3,2,0.6,card,bank_timeout,2,34.71,0,3,STANDARD,1,none,1
3010.77,319,9,9,0,1.0,card,invalid_account,2,24.39,23,6,STANDARD,2,none,0
7455.57,1188,6,5,1,0.8333,wallet,temporary_failure,2,49.27,11,5,STANDARD,1,none,1
6025.96,1045,15,13,2,0.8667,card,bank_decline,3,2.7,7,3,STANDARD,0,none,0
735.66,763,7,4,3,0.5714,card,invalid_account,2,60.92,23,0,STANDARD,1,none,0
15768.55,1113,8,4,4,0.5,upi,network_error,3,10.76,10,1,PREMIUM,1,active,1
2089.84,1422,6,4,2,0.6667,wallet,bank_decline,1,52.16,18,0,STANDARD,0,none,0
1578.71,1006,5,3,2,0.6,card,network_error,2,29.86,4,6,PREMIUM,2,active,1
11251.43,1386,12,12,0,1.0,upi,network_error,3,35.79,3,1,STANDARD,0,none,1
2775.17,980,12,9,3,0.75,netbanking,bank_decline,1,62.86,12,5,PREMIUM,1,active,1
17357.89,484,12,9,3,0.75,card,bank_timeout,2,40.82,16,5,STANDARD,0,none,1
3304.27,384,5,3,2,0.6,card,insufficient_funds,2,71.2,21,5,PREMIUM,0,active,0
3830.3,483,11,10,1,0.9091,upi,insufficient_funds,2,38.6,13,1,STANDARD,2,none,0
2993.08,271,9,9,0,1.0,card,invalid_account,2,30.38,6,2,STANDARD,0,none,0
1357.03,373,4,3,1,0.75,card,bank_decline,1,30.04,7,3,ENTERPRISE,1,active,1
6883.53,1378,11,8,3,0.7273,upi,network_error,3,17.54,7,0,STANDARD,1,none,0
8320.98,100,11,10,1,0.9091,upi,temporary_failure,3,97.38,4,0,STANDARD,0,none,1
7084.19,952,9,7,2,0.7778,netbanking,temporary_failure,2,37.54,8,4,PREMIUM,2,active,1
6388.77,1755,8,8,0,1.0,upi,bank_timeout,1,52.91,9,1,STANDARD,2,none,1
10575.87,1146,10,10,0,1.0,upi,fraud_suspected,2,31.43,4,2,PREMIUM,0,active,0
2592.77,1370,15,14,1,0.9333,upi,insufficient_funds,3,79.15,20,3,STANDARD,2,none,0
9823.02,1246,5,4,1,0.8,upi,bank_timeout,1,37.92,22,4,PREMIUM,3,active,1
7079.93,677,4,3,1,0.75,card,insufficient_funds,1,11.15,23,3,STANDARD,3,none,1
3497.71,402,15,11,4,0.7333,netbanking,bank_timeout,3,8.5,2,6,STANDARD,2,none,1
2389.6,1499,9,7,2,0.7778,card,insufficient_funds,3,24.59,17,3,STANDARD,0,none,0
3040.23,708,9,8,1,0.8889,card,insufficient_funds,3,41.43,4,3,STANDARD,0,none,0
1379.24,511,8,7,1,0.875,netbanking,invalid_account,3,29.24,1,4,STANDARD,2,none,0
6890.52,339,8,7,1,0.875,card,bank_timeout,1,22.41,5,6,STANDARD,3,none,1
4825.71,797,12,11,1,0.9167,upi,network_error,1,45.83,10,3,STANDARD,0,none,1
3790.6,792,15,12,3,0.8,card,invalid_account,2,24.34,16,1,STANDARD,4,none,0
4913.26,1112,7,5,2,0.7143,netbanking,invalid_account,2,20.17,0,6,STANDARD,1,none,1
13824.92,803,14,8,6,0.5714,netbanking,bank_decline,2,19.69,16,2,STANDARD,0,none,0
4415.53,26,12,11,1,0.9167,upi,temporary_failure,3,9.85,6,6,STANDARD,0,none,1
9157.94,694,12,9,3,0.75,card,bank_decline,1,18.65,14,3,PREMIUM,2,active,0
8382.4,1375,3,3,0,1.0,upi,insufficient_funds,3,23.75,13,6,STANDARD,1,none,1
2335.0,1231,11,9,2,0.8182,upi,temporary_failure,1,33.91,13,5,PREMIUM,1,active,1
9666.12,1345,11,10,1,0.9091,upi,invalid_account,1,39.34,23,3,PREMIUM,4,active,1
5181.61,1667,3,3,0,1.0,card,temporary_failure,3,8.26,14,1,PREMIUM,0,active,0
5510.61,802,4,4,0,1.0,upi,network_error,3,43.38,11,2,STANDARD,2,none,1
3231.8,1045,7,2,5,0.2857,upi,invalid_account,2,30.19,18,5,STANDARD,0,none,1
1052.25,412,14,7,7,0.5,card,fraud_suspected,1,20.26,3,6,PREMIUM,1,active,0
643.13,676,8,7,1,0.875,netbanking,fraud_suspected,2,29.72,15,4,STANDARD,1,none,0
1290.5,1103,8,8,0,1.0,netbanking,network_error,3,26.88,22,5,PREMIUM,2,active,1
5247.15,897,8,6,2,0.75,card,insufficient_funds,3,71.43,18,4,STANDARD,1,none,0
2274.81,1549,7,5,2,0.7143,upi,network_error,2,54.9,17,5,STANDARD,2,none,1
1700.06,1267,6,4,2,0.6667,card,bank_decline,1,23.03,7,3,PREMIUM,0,active,1
3999.82,1759,10,7,3,0.7,upi,insufficient_funds,2,29.84,3,6,STANDARD,0,none,0
2216.58,834,8,3,5,0.375,upi,bank_decline,2,20.92,21,0,PREMIUM,0,active,1
9025.27,76,11,11,0,1.0,upi,insufficient_funds,1,72.32,2,6,ENTERPRISE,0,active,1
10071.38,227,13,13,0,1.0,card,temporary_failure,1,69.07,4,6,PREMIUM,0,active,1
9348.13,570,7,5,2,0.7143,upi,temporary_failure,2,63.77,9,0,PREMIUM,0,active,1
6160.82,56,9,7,2,0.7778,upi,bank_timeout,2,68.07,13,4,STANDARD,2,none,1
1710.8,633,7,6,1,0.8571,card,bank_decline,2,29.97,4,6,STANDARD,1,none,1
4419.19,1529,13,12,1,0.9231,wallet,temporary_failure,2,96.04,3,6,PREMIUM,1,active,1
4235.4,1516,9,7,2,0.7778,upi,insufficient_funds,1,45.71,2,4,PREMIUM,0,active,1
5594.59,1759,16,11,5,0.6875,upi,insufficient_funds,1,53.48,12,5,STANDARD,0,none,1
3572.81,1284,13,12,1,0.9231,netbanking,temporary_failure,2,66.06,3,3,STANDARD,1,none,1
5355.31,463,10,9,1,0.9,upi,network_error,2,6.62,19,2,STANDARD,0,none,0
3611.28,1642,11,9,2,0.8182,card,bank_decline,1,43.09,17,3,STANDARD,1,none,0
10038.57,1023,9,9,0,1.0,netbanking,fraud_suspected,1,34.07,13,3,STANDARD,2,none,0
1550.29,1537,7,5,2,0.7143,card,bank_decline,1,68.62,5,3,ENTERPRISE,0,active,0
4196.25,1575,8,7,1,0.875,card,bank_decline,3,90.56,7,6,PREMIUM,1,active,1
4276.69,984,10,6,4,0.6,upi,insufficient_funds,1,19.66,7,1,STANDARD,0,none,1
1996.6,631,9,6,3,0.6667,card,temporary_failure,3,52.45,0,3,PREMIUM,0,active,1
2168.89,1390,7,3,4,0.4286,netbanking,insufficient_funds,1,26.32,15,3,STANDARD,0,none,0
2073.02,975,11,10,1,0.9091,upi,bank_decline,2,26.51,21,5,STANDARD,1,none,1
6662.55,422,13,11,2,0.8462,netbanking,network_error,2,61.11,13,0,ENTERPRISE,1,active,1
1717.24,1046,6,4,2,0.6667,card,network_error,3,16.72,2,1,PREMIUM,1,active,1
1554.92,667,10,7,3,0.7,netbanking,insufficient_funds,1,77.95,8,2,STANDARD,1,none,0
1453.08,102,6,6,0,1.0,upi,bank_decline,2,27.11,6,2,STANDARD,2,none,1
3824.79,158,14,8,6,0.5714,upi,fraud_suspected,2,45.95,11,2,STANDARD,1,none,0
1332.76,1468,10,8,2,0.8,netbanking,network_error,2,67.96,16,1,STANDARD,0,none,0
2627.97,1267,9,7,2,0.7778,upi,temporary_failure,1,34.65,0,6,STANDARD,3,none,0
5264.22,1167,6,5,1,0.8333,upi,bank_timeout,2,37.07,12,4,STANDARD,1,none,0
7263.26,993,8,7,1,0.875,wallet,bank_decline,3,27.74,8,4,STANDARD,0,none,1
18562.15,379,7,5,2,0.7143,upi,insufficient_funds,3,13.83,17,1,STANDARD,1,none,1
3027.9,1694,8,7,1,0.875,card,temporary_failure,1,15.85,22,3,ENTERPRISE,3,active,1
6712.57,958,6,5,1,0.8333,card,temporary_failure,1,36.27,20,1,PREMIUM,2,active,1
4888.19,862,5,3,2,0.6,card,insufficient_funds,1,24.56,13,1,STANDARD,3,none,0
2728.94,1695,13,10,3,0.7692,card,bank_timeout,2,23.13,3,0,STANDARD,4,none,1
2125.57,1068,8,5,3,0.625,upi,temporary_failure,1,5.52,7,1,PREMIUM,3,active,0
4879.94,1625,10,9,1,0.9,netbanking,bank_timeout,1,31.31,5,2,PREMIUM,1,active,1
6246.76,1016,5,4,1,0.8,card,network_error,3,55.62,11,1,STANDARD,0,none,0
3009.41,521,7,5,2,0.7143,card,bank_decline,1,61.18,4,6,ENTERPRISE,2,active,0
3423.86,261,7,5,2,0.7143,card,temporary_failure,1,38.54,4,0,STANDARD,0,none,1
12238.6,1672,7,5,2,0.7143,card,temporary_failure,2,53.2,9,0,PREMIUM,0,active,1
15212.47,213,9,7,2,0.7778,upi,temporary_failure,2,64.59,23,5,STANDARD,0,none,1
2820.49,1159,13,10,3,0.7692,card,network_error,3,23.4,4,0,STANDARD,2,none,1
4888.06,1085,4,4,0,1.0,card,bank_decline,3,38.62,21,3,STANDARD,0,none,1
7657.72,1216,6,5,1,0.8333,card,invalid_account,3,52.15,1,2,STANDARD,0,none,0
3685.05,301,10,10,0,1.0,upi,bank_timeout,3,20.01,5,2,ENTERPRISE,2,active,1
2434.54,1293,12,7,5,0.5833,wallet,invalid_account,3,41.0,9,4,PREMIUM,1,active,0
4673.31,437,13,8,5,0.6154,upi,network_error,1,18.32,22,4,STANDARD,2,none,0
7286.89,1426,8,6,2,0.75,upi,invalid_account,1,9.47,1,6,ENTERPRISE,1,active,0
5051.48,150,8,7,1,0.875,netbanking,insufficient_funds,1,40.35,19,6,STANDARD,1,none,1
4005.71,1113,11,9,2,0.8182,upi,temporary_failure,3,38.17,2,2,STANDARD,0,none,1
1355.07,1287,12,11,1,0.9167,card,invalid_account,3,29.84,0,3,STANDARD,1,none,0
4851.59,267,11,11,0,1.0,card,temporary_failure,2,11.28,18,3,PREMIUM,0,active,1
2630.98,1082,10,9,1,0.9,upi,network_error,3,7.12,0,4,PREMIUM,0,active,1
5185.77,626,5,3,2,0.6,card,insufficient_funds,1,34.4,13,6,PREMIUM,1,active,1
2278.98,1654,9,4,5,0.4444,card,bank_decline,3,31.7,10,1,STANDARD,0,none,0
2712.31,935,13,12,1,0.9231,netbanking,temporary_failure,3,54.18,10,3,ENTERPRISE,0,active,1
17246.32,868,9,9,0,1.0,upi,network_error,1,10.7,2,1,PREMIUM,0,active,1
4767.03,162,10,8,2,0.8,upi,bank_decline,1,19.73,6,5,PREMIUM,1,active,0
478.64,351,5,3,2,0.6,netbanking,insufficient_funds,1,4.18,1,2,STANDARD,1,none,0
11170.47,1247,9,7,2,0.7778,card,insufficient_funds,3,39.67,3,6,STANDARD,0,none,1
1251.12,163,13,10,3,0.7692,card,insufficient_funds,3,25.27,19,0,STANDARD,1,none,1
1936.8,894,12,10,2,0.8333,netbanking,temporary_failure,3,31.04,16,4,STANDARD,0,none,1
3576.38,1458,9,7,2,0.7778,wallet,insufficient_funds,2,54.78,14,5,STANDARD,1,none,1
9205.02,822,7,5,2,0.7143,upi,temporary_failure,2,9.39,11,2,STANDARD,1,none,1
4794.35,996,7,6,1,0.8571,upi,invalid_account,1,22.42,19,4,STANDARD,2,none,0
984.15,1662,11,8,3,0.7273,upi,bank_decline,1,11.98,19,3,PREMIUM,1,active,0
5624.28,995,9,7,2,0.7778,wallet,temporary_failure,2,64.15,20,1,STANDARD,3,none,1
2638.44,64,9,8,1,0.8889,upi,insufficient_funds,2,25.39,8,4,STANDARD,2,none,1
3108.91,1262,6,5,1,0.8333,card,temporary_failure,3,72.27,8,6,STANDARD,0,none,0
2464.75,264,11,9,2,0.8182,upi,invalid_account,3,41.81,9,0,STANDARD,0,none,0
1741.83,516,9,7,2,0.7778,upi,insufficient_funds,3,60.76,9,0,STANDARD,0,none,1
1757.12,1399,9,7,2,0.7778,card,network_error,3,21.17,8,0,STANDARD,1,none,1
7144.58,1784,15,12,3,0.8,card,bank_timeout,1,79.19,12,3,STANDARD,0,none,0
1966.28,1561,16,15,1,0.9375,netbanking,temporary_failure,1,19.2,1,5,STANDARD,0,none,1
1363.56,262,5,4,1,0.8,card,bank_timeout,1,5.95,16,6,ENTERPRISE,1,active,1
2112.91,323,4,3,1,0.75,card,fraud_suspected,1,8.7,15,1,STANDARD,3,none,0
3475.17,991,6,6,0,1.0,netbanking,invalid_account,1,21.63,2,1,STANDARD,1,none,1
5687.29,910,7,6,1,0.8571,upi,insufficient_funds,1,27.75,8,5,STANDARD,0,none,1
4959.5,364,9,8,1,0.8889,netbanking,bank_decline,3,39.38,6,2,STANDARD,2,none,0
3302.82,337,13,11,2,0.8462,upi,insufficient_funds,2,48.53,4,6,PREMIUM,0,active,1
1897.13,849,7,6,1,0.8571,upi,temporary_failure,2,32.34,14,0,STANDARD,1,none,1
1607.77,109,9,6,3,0.6667,upi,temporary_failure,1,5.31,17,2,PREMIUM,2,active,0
8209.02,1736,11,10,1,0.9091,card,bank_decline,1,31.3,10,5,STANDARD,0,none,1
5999.84,487,9,7,2,0.7778,netbanking,bank_decline,2,69.0,6,0,STANDARD,3,none,0
5896.03,1326,6,4,2,0.6667,upi,network_error,3,49.65,19,2,STANDARD,0,none,0
4700.82,1099,8,8,0,1.0,card,insufficient_funds,3,70.21,1,0,ENTERPRISE,1,active,0
5163.74,225,9,5,4,0.5556,netbanking,network_error,3,90.79,22,2,STANDARD,2,none,1
4093.36,1787,9,8,1,0.8889,upi,temporary_failure,1,5.16,3,2,PREMIUM,1,active,1
2051.82,155,8,6,2,0.75,upi,insufficient_funds,2,13.34,5,0,STANDARD,1,none,0
16409.17,1237,9,8,1,0.8889,card,insufficient_funds,1,63.63,17,2,STANDARD,1,none,0
1165.27,181,12,9,3,0.75,upi,bank_decline,2,41.46,12,2,ENTERPRISE,0,active,1
1281.68,594,7,6,1,0.8571,card,temporary_failure,3,19.45,6,3,STANDARD,1,none,1
5693.4,906,8,6,2,0.75,netbanking,bank_decline,1,61.74,2,0,PREMIUM,1,active,0
4997.57,596,13,10,3,0.7692,netbanking,bank_decline,3,19.43,16,4,STANDARD,0,none,1
19774.98,1132,10,8,2,0.8,card,temporary_failure,2,19.73,22,2,STANDARD,2,none,1
4870.97,178,10,8,2,0.8,upi,network_error,2,91.81,2,0,STANDARD,0,none,1
4178.91,985,11,10,1,0.9091,card,bank_timeout,1,35.53,2,6,PREMIUM,0,active,1
8798.17,633,6,4,2,0.6667,upi,bank_timeout,1,49.34,0,3,STANDARD,2,none,1
28873.8,702,14,10,4,0.7143,upi,insufficient_funds,1,33.86,21,5,STANDARD,0,none,0
6261.77,481,7,5,2,0.7143,netbanking,temporary_failure,1,38.32,3,3,PREMIUM,1,active,1
1310.51,1241,13,10,3,0.7692,upi,insufficient_funds,1,14.54,16,3,STANDARD,0,none,1
21921.56,1362,15,9,6,0.6,upi,insufficient_funds,1,19.18,23,3,STANDARD,2,none,0
4216.95,1779,10,9,1,0.9,card,fraud_suspected,1,111.87,7,2,STANDARD,1,none,0
4469.8,740,6,2,4,0.3333,card,bank_timeout,2,72.67,6,6,STANDARD,1,none,1
638.3,1363,12,11,1,0.9167,upi,fraud_suspected,1,96.97,10,3,STANDARD,2,none,0
2081.67,697,11,10,1,0.9091,upi,bank_timeout,1,90.0,12,2,STANDARD,1,none,1
1765.14,1132,9,7,2,0.7778,upi,bank_timeout,3,12.73,14,4,PREMIUM,1,active,1
2596.64,1534,10,8,2,0.8,netbanking,insufficient_funds,2,10.03,18,2,STANDARD,2,none,1
7645.79,1627,8,5,3,0.625,upi,network_error,3,8.42,13,6,STANDARD,0,none,0
846.19,705,6,3,3,0.5,wallet,insufficient_funds,1,15.55,22,4,PREMIUM,1,active,1
659.18,332,3,3,0,1.0,upi,insufficient_funds,2,41.08,2,0,STANDARD,2,none,1
13237.11,1020,20,15,5,0.75,upi,invalid_account,2,23.98,15,4,ENTERPRISE,0,active,0
5704.93,411,5,5,0,1.0,card,bank_decline,1,114.25,17,3,STANDARD,2,none,0
3419.93,1191,12,10,2,0.8333,card,network_error,1,21.15,11,2,STANDARD,2,none,0
6301.0,1617,11,10,1,0.9091,upi,network_error,3,39.39,19,6,PREMIUM,2,active,1
3004.47,1783,16,10,6,0.625,netbanking,insufficient_funds,3,22.21,12,3,STANDARD,4,none,0
1596.36,1382,8,7,1,0.875,card,insufficient_funds,2,17.51,17,5,STANDARD,0,none,1
1315.54,1784,11,10,1,0.9091,card,fraud_suspected,2,16.05,18,3,STANDARD,0,none,0
3951.17,963,7,4,3,0.5714,card,network_error,2,10.49,16,2,PREMIUM,1,active,0
4016.16,511,7,6,1,0.8571,upi,invalid_account,2,99.05,4,4,STANDARD,1,none,0
1894.51,1525,10,8,2,0.8,card,bank_timeout,3,21.25,11,3,STANDARD,0,none,1
7300.08,1624,11,8,3,0.7273,upi,temporary_failure,3,56.81,12,6,PREMIUM,1,active,0
7130.72,930,5,3,2,0.6,upi,network_error,2,43.96,0,2,STANDARD,2,none,1
1043.61,1750,11,11,0,1.0,wallet,insufficient_funds,1,91.88,14,3,STANDARD,2,none,0
9635.9,1487,7,7,0,1.0,netbanking,network_error,2,0.88,2,4,STANDARD,1,none,1
3271.03,1235,7,4,3,0.5714,card,temporary_failure,3,64.33,11,5,PREMIUM,1,active,0
2416.33,1411,8,6,2,0.75,upi,invalid_account,2,82.35,0,4,PREMIUM,0,active,1
6139.62,1721,6,5,1,0.8333,upi,bank_timeout,2,12.88,8,4,STANDARD,1,none,1
2695.25,1587,6,2,4,0.3333,card,network_error,1,14.45,12,0,PREMIUM,1,active,0
769.43,511,8,6,2,0.75,netbanking,network_error,3,55.79,1,6,STANDARD,2,none,1
2387.46,1214,6,3,3,0.5,upi,bank_timeout,2,27.31,20,1,STANDARD,0,none,0
1940.67,1003,6,4,2,0.6667,netbanking,insufficient_funds,3,11.53,18,2,PREMIUM,0,active,0
2899.0,1374,7,7,0,1.0,card,bank_timeout,3,3.69,1,3,STANDARD,1,none,1
5293.15,268,13,10,3,0.7692,upi,temporary_failure,1,56.73,13,2,STANDARD,1,none,1
1829.64,1785,8,5,3,0.625,upi,network_error,1,13.55,13,5,STANDARD,2,none,1
10763.42,278,7,6,1,0.8571,netbanking,insufficient_funds,1,11.69,4,4,PREMIUM,2,active,1
4053.44,982,13,12,1,0.9231,card,temporary_failure,1,10.61,9,3,PREMIUM,1,active,1
5810.93,146,6,4,2,0.6667,upi,invalid_account,3,64.0,5,2,PREMIUM,2,active,0
2408.73,619,12,9,3,0.75,card,bank_timeout,3,21.9,17,2,ENTERPRISE,1,active,0
11447.15,1649,12,11,1,0.9167,card,bank_timeout,3,10.76,21,4,PREMIUM,2,active,1
7583.34,1753,6,5,1,0.8333,wallet,bank_decline,1,28.44,4,2,STANDARD,0,none,1
1270.61,940,14,11,3,0.7857,upi,network_error,2,68.12,23,6,STANDARD,1,none,0
3021.55,827,13,9,4,0.6923,card,invalid_account,2,33.5,9,4,STANDARD,1,none,0
26473.02,912,9,8,1,0.8889,card,bank_decline,3,32.9,3,6,STANDARD,1,none,0
15427.18,1428,7,7,0,1.0,netbanking,bank_decline,3,13.38,8,4,STANDARD,0,none,1
4357.06,1209,11,10,1,0.9091,wallet,insufficient_funds,1,43.21,9,6,STANDARD,3,none,0
9901.52,1191,9,7,2,0.7778,upi,bank_timeout,3,85.95,7,5,PREMIUM,1,active,1
2772.66,1576,6,5,1,0.8333,upi,temporary_failure,2,43.39,10,2,PREMIUM,0,active,1
8826.82,1692,12,9,3,0.75,upi,temporary_failure,2,13.83,11,3,STANDARD,0,none,0
1425.5,960,10,8,2,0.8,card,temporary_failure,2,18.88,21,4,STANDARD,0,none,1
1096.64,511,5,5,0,1.0,netbanking,bank_timeout,3,4.26,9,2,STANDARD,0,none,1
22669.99,287,12,10,2,0.8333,netbanking,bank_decline,3,34.42,3,6,STANDARD,0,none,1
6137.73,77,5,3,2,0.6,netbanking,invalid_account,3,29.15,7,4,STANDARD,1,none,0
2129.29,1640,9,7,2,0.7778,card,fraud_suspected,1,8.84,20,2,STANDARD,1,none,1
6864.02,701,9,6,3,0.6667,upi,insufficient_funds,3,52.97,16,2,STANDARD,3,none,1
5546.28,938,3,1,2,0.3333,card,network_error,1,16.12,1,2,STANDARD,1,none,1
953.73,715,8,7,1,0.875,upi,bank_timeout,3,19.19,12,4,STANDARD,0,none,1
4941.31,1589,8,5,3,0.625,card,fraud_suspected,3,4.37,21,1,STANDARD,0,none,0
7114.0,378,10,8,2,0.8,netbanking,insufficient_funds,1,14.38,2,4,STANDARD,3,none,1
16142.22,1623,7,4,3,0.5714,card,bank_decline,2,27.94,17,6,PREMIUM,1,active,1
2692.54,773,6,3,3,0.5,card,temporary_failure,3,5.95,18,5,STANDARD,0,none,1
782.05,712,12,8,4,0.6667,netbanking,temporary_failure,2,16.88,22,1,PREMIUM,1,active,1
1866.8,945,10,6,4,0.6,upi,invalid_account,2,57.56,10,0,STANDARD,1,none,0
1984.07,1258,10,7,3,0.7,upi,insufficient_funds,2,22.23,12,0,STANDARD,0,none,0
2556.23,1678,8,8,0,1.0,card,temporary_failure,1,78.88,10,4,PREMIUM,2,active,1
3950.08,683,13,11,2,0.8462,card,network_error,2,11.83,8,6,STANDARD,1,none,1
4617.65,1338,9,6,3,0.6667,card,insufficient_funds,1,12.8,3,2,PREMIUM,1,active,1
19107.63,337,10,9,1,0.9,wallet,temporary_failure,2,16.2,6,2,ENTERPRISE,0,active,1
724.51,1600,7,6,1,0.8571,wallet,bank_timeout,1,27.97,0,6,STANDARD,0,none,1
599.76,1151,6,6,0,1.0,upi,temporary_failure,3,79.38,3,5,STANDARD,0,none,1
2659.9,776,14,11,3,0.7857,card,temporary_failure,2,19.88,4,5,STANDARD,2,none,0
1288.77,1373,12,8,4,0.6667,card,network_error,1,4.08,3,6,STANDARD,1,none,1
2544.78,848,18,12,6,0.6667,netbanking,temporary_failure,1,31.19,9,5,PREMIUM,0,active,0
820.19,1006,5,5,0,1.0,upi,network_error,3,42.99,2,4,PREMIUM,0,active,0
13690.89,1622,12,12,0,1.0,upi,temporary_failure,1,99.51,7,6,PREMIUM,0,active,1
15860.81,1574,13,10,3,0.7692,netbanking,bank_timeout,2,41.34,15,5,STANDARD,1,none,1
3677.79,1319,6,4,2,0.6667,wallet,temporary_failure,3,47.23,7,3,PREMIUM,0,active,1
17577.51,1384,10,8,2,0.8,upi,network_error,3,15.12,16,5,PREMIUM,1,active,1
30827.91,1393,7,7,0,1.0,upi,bank_decline,2,36.16,5,1,STANDARD,1,none,1
3385.15,1127,10,9,1,0.9,netbanking,network_error,3,48.97,21,2,PREMIUM,2,active,0
5860.18,869,10,10,0,1.0,netbanking,bank_timeout,3,8.81,5,5,STANDARD,1,none,1
1191.74,1473,11,8,3,0.7273,card,bank_timeout,2,37.72,9,1,STANDARD,2,none,0
2258.18,1522,14,9,5,0.6429,card,bank_timeout,3,26.73,3,2,STANDARD,1,none,0
11764.56,937,10,9,1,0.9,card,network_error,2,44.15,20,2,STANDARD,1,none,1
6492.4,563,9,6,3,0.6667,card,invalid_account,1,51.21,23,6,STANDARD,1,none,0
3762.17,340,9,6,3,0.6667,card,bank_timeout,3,59.53,5,3,STANDARD,2,none,0
5221.72,869,8,5,3,0.625,upi,network_error,3,43.27,20,2,STANDARD,2,none,1
8037.35,1482,9,8,1,0.8889,card,temporary_failure,2,41.72,17,3,STANDARD,6,none,1
10360.16,986,6,4,2,0.6667,upi,insufficient_funds,1,58.6,10,5,STANDARD,0,none,0
3131.61,629,9,9,0,1.0,upi,temporary_failure,2,57.31,18,2,PREMIUM,2,active,1
2825.96,1611,10,8,2,0.8,card,bank_timeout,2,54.2,9,2,STANDARD,2,none,0
4366.77,1548,12,10,2,0.8333,upi,network_error,3,19.69,17,3,STANDARD,2,none,1
1734.77,548,19,12,7,0.6316,upi,temporary_failure,3,9.61,1,4,STANDARD,1,none,1
2772.44,162,7,7,0,1.0,upi,bank_timeout,1,49.87,15,5,PREMIUM,0,active,1
7482.99,1447,10,9,1,0.9,netbanking,bank_decline,2,44.02,19,1,STANDARD,1,none,0
5429.32,712,11,10,1,0.9091,card,network_error,3,33.09,11,5,STANDARD,0,none,0
11505.75,1700,11,9,2,0.8182,upi,bank_decline,3,28.89,1,1,PREMIUM,1,active,1
2677.51,651,12,9,3,0.75,netbanking,temporary_failure,3,35.97,11,4,STANDARD,1,none,1
14453.44,965,7,5,2,0.7143,netbanking,temporary_failure,3,27.15,15,3,PREMIUM,2,active,1
2456.17,694,8,7,1,0.875,upi,fraud_suspected,3,34.77,17,4,STANDARD,1,none,0
2254.84,1469,5,5,0,1.0,netbanking,bank_timeout,2,28.98,1,1,STANDARD,0,none,1
1150.72,385,8,7,1,0.875,upi,bank_decline,3,19.25,3,5,STANDARD,0,none,0
516.41,1375,4,3,1,0.75,wallet,temporary_failure,1,18.92,23,2,STANDARD,0,none,1
6333.44,983,12,11,1,0.9167,upi,insufficient_funds,3,31.88,14,5,PREMIUM,0,active,0
4003.34,527,8,8,0,1.0,netbanking,insufficient_funds,3,49.52,6,2,PREMIUM,1,active,0
5917.74,1541,5,3,2,0.6,card,bank_decline,1,67.85,8,1,STANDARD,1,none,0
3559.5,438,5,2,3,0.4,upi,bank_decline,2,13.24,3,6,STANDARD,3,none,0
3146.9,1542,5,2,3,0.4,wallet,network_error,1,13.22,23,0,STANDARD,1,none,1
4908.94,1372,11,7,4,0.6364,netbanking,insufficient_funds,1,17.5,1,1,PREMIUM,1,active,1
10659.26,1169,13,11,2,0.8462,card,insufficient_funds,2,20.5,21,1,STANDARD,3,none,1
7055.64,1479,9,8,1,0.8889,card,insufficient_funds,3,56.02,19,6,STANDARD,3,none,0
15173.57,1304,11,9,2,0.8182,card,network_error,2,11.24,20,0,STANDARD,1,none,1
6131.51,314,7,7,0,1.0,card,bank_decline,3,20.34,11,5,STANDARD,1,none,1
2314.66,1520,8,8,0,1.0,netbanking,insufficient_funds,2,4.4,13,5,STANDARD,1,none,1
27591.63,71,10,9,1,0.9,upi,temporary_failure,3,43.4,12,5,STANDARD,0,none,1
12203.79,570,9,6,3,0.6667,upi,insufficient_funds,2,11.71,2,6,STANDARD,1,none,0
4550.7,1559,8,7,1,0.875,card,temporary_failure,2,21.49,5,1,STANDARD,2,none,1
6433.46,813,11,8,3,0.7273,netbanking,temporary_failure,1,22.99,9,5,STANDARD,2,none,1
6076.75,309,10,8,2,0.8,card,temporary_failure,2,41.27,14,5,STANDARD,0,none,1
1544.39,1095,9,8,1,0.8889,card,bank_decline,3,21.74,3,6,STANDARD,3,none,1
4021.97,1580,4,1,3,0.25,netbanking,bank_timeout,1,28.74,23,5,PREMIUM,0,active,1
4196.95,789,5,3,2,0.6,card,insufficient_funds,1,43.09,23,5,STANDARD,0,none,1
9799.18,712,14,11,3,0.7857,upi,fraud_suspected,2,16.23,0,6,STANDARD,1,none,0
3194.59,1694,15,10,5,0.6667,upi,invalid_account,1,41.88,15,5,STANDARD,1,none,0
5483.45,942,11,8,3,0.7273,upi,bank_decline,1,30.14,17,0,STANDARD,0,none,0
16639.36,753,8,7,1,0.875,netbanking,network_error,1,130.91,8,5,ENTERPRISE,2,active,1
4624.21,1521,6,5,1,0.8333,card,bank_decline,1,28.33,20,5,PREMIUM,1,active,1
7124.45,1696,8,7,1,0.875,card,bank_timeout,2,55.52,18,6,STANDARD,0,none,1
7121.81,1580,13,8,5,0.6154,upi,temporary_failure,3,32.69,6,5,STANDARD,0,none,1
3526.84,499,14,11,3,0.7857,card,bank_decline,2,42.53,13,1,STANDARD,1,none,1
4245.63,1305,11,10,1,0.9091,card,bank_decline,1,23.87,10,6,STANDARD,0,none,0
3387.82,1002,7,4,3,0.5714,netbanking,bank_decline,2,56.66,9,3,STANDARD,1,none,1
1377.09,1218,8,5,3,0.625,wallet,bank_timeout,1,48.06,17,3,ENTERPRISE,1,active,1
3330.42,1511,12,12,0,1.0,netbanking,bank_decline,2,46.6,10,6,ENTERPRISE,0,active,0
1856.41,814,11,7,4,0.6364,card,temporary_failure,2,19.6,4,1,PREMIUM,1,active,1
4859.71,484,10,9,1,0.9,card,insufficient_funds,3,41.41,22,2,PREMIUM,1,active,0
10089.75,454,11,9,2,0.8182,wallet,temporary_failure,2,13.01,9,4,PREMIUM,1,active,0
19659.92,600,7,6,1,0.8571,upi,temporary_failure,2,38.97,23,4,STANDARD,0,none,1
2670.6,868,9,5,4,0.5556,card,temporary_failure,1,49.34,4,6,STANDARD,1,none,1
4574.76,1501,7,5,2,0.7143,upi,fraud_suspected,3,38.59,7,1,STANDARD,2,none,0
2528.73,418,7,6,1,0.8571,card,temporary_failure,1,26.2,3,4,PREMIUM,0,active,0
1529.3,495,12,6,6,0.5,card,bank_timeout,2,34.53,1,3,STANDARD,0,none,0
4184.42,915,7,5,2,0.7143,card,bank_decline,3,47.51,21,5,STANDARD,1,none,0
694.85,117,8,7,1,0.875,upi,insufficient_funds,2,8.54,9,5,STANDARD,0,none,1
7158.27,915,11,8,3,0.7273,card,temporary_failure,1,92.4,15,2,PREMIUM,1,active,0
2533.8,33,4,3,1,0.75,card,temporary_failure,1,8.21,3,5,PREMIUM,2,active,1
2595.37,1433,3,1,2,0.3333,card,temporary_failure,1,20.99,14,4,STANDARD,0,none,0
944.13,562,14,13,1,0.9286,netbanking,temporary_failure,1,49.32,20,0,STANDARD,2,none,1
1593.02,209,7,6,1,0.8571,upi,bank_decline,2,38.74,10,1,STANDARD,0,none,0
6718.6,1669,5,5,0,1.0,upi,insufficient_funds,1,6.87,4,0,STANDARD,2,none,1
4918.25,1265,5,4,1,0.8,netbanking,network_error,1,12.2,13,2,STANDARD,1,none,0
3016.96,1442,6,5,1,0.8333,upi,bank_timeout,3,35.37,10,0,STANDARD,2,none,1
4276.38,308,12,9,3,0.75,card,insufficient_funds,2,25.84,12,5,STANDARD,2,none,1
1850.5,1716,5,3,2,0.6,card,invalid_account,1,11.07,11,5,STANDARD,2,none,0
741.55,1775,6,4,2,0.6667,upi,bank_timeout,1,90.54,20,1,STANDARD,1,none,1
7735.46,1743,6,4,2,0.6667,netbanking,bank_decline,2,80.42,10,6,STANDARD,1,none,0
7917.24,953,8,7,1,0.875,netbanking,bank_decline,1,43.68,10,5,STANDARD,0,none,0
3082.22,1740,8,7,1,0.875,upi,network_error,1,76.89,20,6,STANDARD,1,none,1
10748.66,1322,9,9,0,1.0,card,bank_timeout,3,45.87,21,1,STANDARD,0,none,1
1382.87,958,6,5,1,0.8333,card,bank_decline,3,3.91,12,2,PREMIUM,0,active,1
7812.33,1029,9,6,3,0.6667,upi,bank_decline,1,24.17,11,0,PREMIUM,0,active,0
2111.3,679,14,12,2,0.8571,upi,network_error,2,27.41,14,4,STANDARD,0,none,1
2595.72,1578,13,8,5,0.6154,upi,bank_decline,3,13.93,8,5,STANDARD,0,none,0
1464.02,928,8,7,1,0.875,upi,bank_decline,3,38.84,19,1,STANDARD,2,none,0
8649.89,1379,11,9,2,0.8182,upi,temporary_failure,3,80.56,14,0,STANDARD,1,none,0
8553.17,1114,10,6,4,0.6,card,insufficient_funds,3,29.52,5,6,STANDARD,2,none,0
3058.88,691,7,5,2,0.7143,card,fraud_suspected,2,28.49,0,2,STANDARD,0,none,0
3005.05,904,11,8,3,0.7273,wallet,network_error,2,40.29,0,1,STANDARD,1,none,1
11368.12,1618,4,3,1,0.75,upi,bank_timeout,3,20.38,9,3,STANDARD,2,none,0
4222.18,957,6,5,1,0.8333,netbanking,network_error,1,19.54,14,0,STANDARD,0,none,1
3154.25,585,7,7,0,1.0,wallet,bank_decline,3,35.57,7,5,STANDARD,2,none,1
775.78,784,10,8,2,0.8,netbanking,temporary_failure,3,40.01,11,5,STANDARD,0,none,0
10676.36,1475,10,7,3,0.7,upi,invalid_account,1,68.94,4,4,PREMIUM,3,active,1
1557.66,775,11,9,2,0.8182,upi,insufficient_funds,2,37.99,3,4,STANDARD,0,none,0
5439.27,476,8,6,2,0.75,card,bank_timeout,2,20.16,17,5,STANDARD,1,none,1
1348.59,1780,12,7,5,0.5833,netbanking,network_error,1,46.67,11,1,PREMIUM,0,active,0
5483.46,483,6,3,3,0.5,upi,insufficient_funds,3,32.49,10,0,STANDARD,1,none,0
2643.51,832,11,8,3,0.7273,upi,network_error,2,58.34,7,3,STANDARD,1,none,0
1975.85,62,9,8,1,0.8889,card,invalid_account,1,75.5,10,0,PREMIUM,2,active,0
739.28,1418,11,8,3,0.7273,card,bank_decline,3,64.28,3,4,STANDARD,1,none,0
2722.66,758,6,6,0,1.0,card,network_error,1,49.09,20,4,ENTERPRISE,1,active,1
851.02,686,17,13,4,0.7647,card,fraud_suspected,1,25.22,7,0,STANDARD,0,none,0
4341.68,414,10,7,3,0.7,card,invalid_account,1,51.06,5,1,STANDARD,0,none,0
5097.51,574,6,5,1,0.8333,upi,network_error,1,24.05,21,0,STANDARD,1,none,1
4629.09,1590,11,10,1,0.9091,card,temporary_failure,3,112.95,6,1,STANDARD,1,none,1
2245.66,1719,12,10,2,0.8333,card,insufficient_funds,3,30.66,8,1,STANDARD,0,none,0
1742.52,498,12,10,2,0.8333,upi,insufficient_funds,2,19.94,12,5,STANDARD,0,none,1
6682.57,1218,6,6,0,1.0,card,bank_timeout,3,107.54,14,0,STANDARD,0,none,1
24707.03,1313,13,12,1,0.9231,card,insufficient_funds,1,33.5,17,1,STANDARD,1,none,1
2848.44,575,7,3,4,0.4286,card,network_error,2,12.36,5,2,STANDARD,1,none,0
6498.82,1094,11,6,5,0.5455,wallet,insufficient_funds,1,43.46,18,1,STANDARD,1,none,0
2730.65,166,11,8,3,0.7273,netbanking,bank_decline,1,48.55,7,3,STANDARD,2,none,0
3509.8,438,11,8,3,0.7273,netbanking,temporary_failure,2,53.25,0,6,STANDARD,0,none,1
2215.85,1759,7,7,0,1.0,upi,insufficient_funds,3,22.34,11,5,STANDARD,0,none,1
5911.11,1700,8,6,2,0.75,wallet,temporary_failure,2,40.35,21,5,PREMIUM,1,active,1
769.21,802,8,7,1,0.875,netbanking,insufficient_funds,2,10.9,20,4,PREMIUM,0,active,1
454.14,625,8,6,2,0.75,card,network_error,1,59.11,22,0,STANDARD,0,none,1
3124.36,295,7,5,2,0.7143,netbanking,invalid_account,1,15.81,8,3,STANDARD,1,none,0
9167.68,1778,5,4,1,0.8,netbanking,invalid_account,3,44.4,22,6,STANDARD,0,none,0
6817.76,489,8,6,2,0.75,netbanking,network_error,1,30.31,17,4,ENTERPRISE,2,active,1
6383.54,967,12,9,3,0.75,card,bank_timeout,2,6.66,15,3,STANDARD,3,none,1
18370.98,530,14,11,3,0.7857,card,network_error,3,13.9,14,3,PREMIUM,1,active,1
12666.54,938,4,2,2,0.5,card,temporary_failure,1,20.53,3,1,STANDARD,1,none,1
3125.58,894,11,7,4,0.6364,card,network_error,3,9.94,7,4,STANDARD,0,none,0
2619.66,1443,8,8,0,1.0,netbanking,invalid_account,2,11.82,15,2,STANDARD,1,none,1
902.64,397,14,12,2,0.8571,card,insufficient_funds,1,62.55,11,5,ENTERPRISE,1,active,1
3900.18,1080,7,4,3,0.5714,card,bank_decline,2,14.26,4,2,ENTERPRISE,1,active,1
15314.54,1719,7,4,3,0.5714,netbanking,temporary_failure,3,22.95,0,2,STANDARD,2,none,1
9764.38,1198,8,3,5,0.375,upi,bank_decline,3,47.82,14,4,STANDARD,2,none,0
11092.2,1223,7,6,1,0.8571,upi,bank_timeout,2,23.09,7,4,STANDARD,1,none,1
3954.56,1467,8,7,1,0.875,upi,insufficient_funds,3,85.83,19,4,STANDARD,3,none,0
2676.46,976,11,7,4,0.6364,card,bank_decline,1,70.95,11,5,PREMIUM,0,active,0
5340.49,99,10,7,3,0.7,upi,temporary_failure,2,63.67,11,3,STANDARD,1,none,1
7481.85,282,12,10,2,0.8333,wallet,insufficient_funds,3,42.04,2,2,STANDARD,0,none,0
3385.57,1617,6,5,1,0.8333,netbanking,bank_decline,3,86.69,3,0,PREMIUM,1,active,0
6894.41,1689,10,8,2,0.8,upi,temporary_failure,2,41.68,12,4,STANDARD,2,none,1
2448.23,610,7,7,0,1.0,upi,insufficient_funds,1,82.13,18,4,STANDARD,0,none,1
4104.32,98,7,5,2,0.7143,upi,invalid_account,3,53.17,19,6,STANDARD,3,none,0
2417.78,1001,5,5,0,1.0,upi,network_error,3,23.36,15,1,STANDARD,1,none,1
4203.06,315,8,7,1,0.875,upi,temporary_failure,3,15.88,14,4,PREMIUM,2,active,1
4759.3,1103,2,0,2,0.0,upi,fraud_suspected,2,14.28,22,4,PREMIUM,0,active,0
3810.42,1579,9,5,4,0.5556,card,temporary_failure,3,119.34,1,1,STANDARD,1,none,1
1993.19,1078,18,13,5,0.7222,upi,insufficient_funds,2,9.51,20,5,ENTERPRISE,1,active,0
1211.95,568,2,1,1,0.5,upi,insufficient_funds,2,23.26,5,3,STANDARD,2,none,0
18536.0,1613,14,12,2,0.8571,netbanking,bank_decline,3,9.7,15,4,PREMIUM,0,active,0
6874.28,1519,7,7,0,1.0,card,insufficient_funds,1,72.34,0,3,STANDARD,0,none,1
3267.62,1630,10,6,4,0.6,card,network_error,1,83.81,17,0,PREMIUM,0,active,0
8728.03,325,4,2,2,0.5,card,temporary_failure,1,15.17,8,3,STANDARD,0,none,0
3960.51,519,12,8,4,0.6667,wallet,insufficient_funds,3,33.02,21,1,STANDARD,0,none,0
12146.52,1388,5,3,2,0.6,upi,insufficient_funds,1,31.79,16,0,STANDARD,1,none,0
2268.3,678,3,2,1,0.6667,card,network_error,3,41.76,18,5,STANDARD,0,none,1
1575.1,534,9,7,2,0.7778,card,network_error,2,59.63,21,1,STANDARD,1,none,1
1440.5,522,12,10,2,0.8333,card,bank_decline,1,64.39,0,5,STANDARD,0,none,0
2888.3,563,10,8,2,0.8,upi,fraud_suspected,2,16.18,4,3,PREMIUM,0,active,0
719.76,1604,10,9,1,0.9,upi,invalid_account,3,81.22,18,3,STANDARD,2,none,0
3423.21,26,5,4,1,0.8,card,bank_decline,1,13.71,1,0,STANDARD,0,none,0
1954.58,1745,7,6,1,0.8571,upi,temporary_failure,2,24.89,19,6,STANDARD,1,none,1
2682.27,938,11,8,3,0.7273,card,bank_decline,3,6.45,8,1,STANDARD,3,none,0
5892.51,874,9,6,3,0.6667,card,insufficient_funds,1,18.52,2,1,STANDARD,0,none,0
6003.26,1538,14,10,4,0.7143,netbanking,insufficient_funds,1,10.78,18,4,STANDARD,4,none,0
979.04,1699,8,7,1,0.875,card,temporary_failure,2,49.51,12,1,STANDARD,0,none,1
8664.18,1600,9,7,2,0.7778,netbanking,temporary_failure,1,11.18,7,6,STANDARD,1,none,1
2123.92,1615,4,3,1,0.75,upi,network_error,3,26.39,11,5,STANDARD,3,none,1
659.38,923,13,10,3,0.7692,wallet,temporary_failure,2,13.2,10,0,ENTERPRISE,2,active,1
632.08,128,9,8,1,0.8889,upi,bank_timeout,2,47.78,14,4,STANDARD,2,none,1
8707.64,1739,6,5,1,0.8333,card,fraud_suspected,1,55.72,13,6,PREMIUM,2,active,1
5155.33,161,9,8,1,0.8889,netbanking,fraud_suspected,3,40.39,15,5,ENTERPRISE,0,active,1
9010.21,252,10,10,0,1.0,card,invalid_account,1,15.89,19,6,STANDARD,0,none,0
22593.76,1567,7,5,2,0.7143,netbanking,insufficient_funds,1,30.05,9,6,STANDARD,2,none,1
2806.12,1675,7,5,2,0.7143,card,insufficient_funds,1,14.21,11,1,PREMIUM,1,active,1
11153.47,237,8,7,1,0.875,upi,fraud_suspected,3,47.75,22,6,STANDARD,1,none,0
2095.58,763,10,9,1,0.9,card,insufficient_funds,3,29.55,2,4,STANDARD,2,none,1
2369.12,1602,8,8,0,1.0,netbanking,temporary_failure,1,26.24,9,1,PREMIUM,1,active,1
7796.47,1654,8,6,2,0.75,netbanking,insufficient_funds,3,65.99,22,6,PREMIUM,3,active,0
1259.25,1430,1,1,0,1.0,card,temporary_failure,3,26.28,18,4,STANDARD,1,none,1
915.23,1626,6,5,1,0.8333,card,bank_decline,2,3.22,15,4,PREMIUM,1,active,1
1299.5,1656,9,7,2,0.7778,card,bank_decline,2,39.79,20,1,STANDARD,0,none,1
1759.51,865,6,3,3,0.5,upi,insufficient_funds,1,36.26,2,3,STANDARD,1,none,1
1525.97,109,10,7,3,0.7,wallet,temporary_failure,1,13.63,6,0,PREMIUM,1,active,1
2111.54,1407,9,6,3,0.6667,netbanking,insufficient_funds,1,7.23,23,4,PREMIUM,0,active,1
8290.45,394,6,4,2,0.6667,upi,bank_decline,2,50.57,19,2,PREMIUM,0,active,1
5294.11,1172,6,6,0,1.0,netbanking,bank_decline,3,30.36,20,1,STANDARD,2,none,1
2715.92,254,8,7,1,0.875,upi,network_error,1,79.33,6,5,STANDARD,0,none,1
5727.7,1457,7,3,4,0.4286,upi,temporary_failure,3,13.96,10,4,STANDARD,1,none,0
14925.19,631,7,6,1,0.8571,card,bank_decline,3,46.67,12,3,PREMIUM,0,active,1
5642.76,156,9,7,2,0.7778,card,insufficient_funds,3,59.29,7,6,STANDARD,0,none,0
8443.38,1609,5,2,3,0.4,upi,network_error,3,31.66,5,5,PREMIUM,2,active,0
3066.08,1047,4,3,1,0.75,card,insufficient_funds,2,41.39,15,6,PREMIUM,0,active,1
6896.41,428,11,6,5,0.5455,card,bank_timeout,1,68.1,11,4,PREMIUM,0,active,0
8003.34,1538,13,11,2,0.8462,card,bank_decline,2,45.33,21,6,STANDARD,0,none,1
639.6,665,12,8,4,0.6667,upi,bank_timeout,2,15.21,0,6,STANDARD,1,none,1
27816.89,727,10,8,2,0.8,card,invalid_account,1,44.42,9,6,STANDARD,2,none,0
2612.53,1591,9,8,1,0.8889,card,bank_decline,1,11.32,15,3,STANDARD,2,none,1
2402.49,972,15,12,3,0.8,upi,invalid_account,2,41.42,12,3,PREMIUM,0,active,0
3551.98,1650,7,6,1,0.8571,card,insufficient_funds,2,84.71,7,2,STANDARD,1,none,0
17585.46,300,17,13,4,0.7647,upi,invalid_account,2,36.87,15,0,STANDARD,1,none,0
880.39,1772,9,7,2,0.7778,card,invalid_account,1,55.96,12,2,STANDARD,0,none,0
6924.78,983,7,5,2,0.7143,upi,temporary_failure,1,57.95,11,5,STANDARD,5,none,0
2975.6,1450,7,4,3,0.5714,card,fraud_suspected,3,66.93,5,3,STANDARD,0,none,0
6426.88,1510,9,7,2,0.7778,upi,network_error,3,5.6,6,0,PREMIUM,0,active,1
2261.47,454,16,12,4,0.75,upi,insufficient_funds,1,35.84,4,6,PREMIUM,0,active,0
3411.34,912,5,5,0,1.0,upi,insufficient_funds,2,56.36,2,4,PREMIUM,1,active,1
2175.51,375,18,14,4,0.7778,netbanking,insufficient_funds,3,2.15,8,3,PREMIUM,1,active,1
4285.03,782,7,7,0,1.0,upi,network_error,1,27.61,23,0,ENTERPRISE,1,active,1
2070.41,1020,9,7,2,0.7778,card,network_error,3,41.05,12,3,STANDARD,1,none,1
4122.26,1755,10,9,1,0.9,netbanking,network_error,2,17.12,16,0,PREMIUM,1,active,1
5415.49,276,8,8,0,1.0,card,insufficient_funds,3,7.8,14,6,ENTERPRISE,2,active,1
22353.06,1642,6,5,1,0.8333,upi,invalid_account,1,60.11,6,5,STANDARD,0,none,1
4455.74,1457,10,8,2,0.8,netbanking,bank_timeout,1,59.05,13,2,ENTERPRISE,1,active,1
2501.38,1737,8,6,2,0.75,card,bank_decline,3,31.98,2,3,PREMIUM,2,active,0
2170.43,486,6,4,2,0.6667,card,temporary_failure,2,28.11,0,1,STANDARD,0,none,1
1877.76,1647,7,5,2,0.7143,card,invalid_account,2,105.37,23,3,STANDARD,2,none,0
2478.52,46,5,4,1,0.8,card,temporary_failure,3,100.01,13,5,PREMIUM,2,active,1
2127.08,1275,12,8,4,0.6667,card,bank_decline,2,10.4,17,3,PREMIUM,0,active,0
10477.25,1248,10,8,2,0.8,upi,insufficient_funds,3,14.67,15,5,STANDARD,0,none,1
3854.45,322,12,7,5,0.5833,card,temporary_failure,3,42.53,23,2,STANDARD,0,none,0
3034.95,1781,13,11,2,0.8462,upi,bank_decline,2,13.41,1,3,STANDARD,0,none,1
4379.09,1067,4,4,0,1.0,netbanking,fraud_suspected,2,19.72,5,3,STANDARD,0,none,1
9246.28,403,5,4,1,0.8,wallet,bank_decline,2,52.54,1,0,STANDARD,1,none,1
1838.1,469,7,5,2,0.7143,netbanking,network_error,2,24.7,4,0,STANDARD,2,none,0
3423.22,759,7,6,1,0.8571,netbanking,bank_decline,3,23.4,13,0,STANDARD,0,none,1
16228.08,255,7,3,4,0.4286,upi,fraud_suspected,1,33.92,5,4,PREMIUM,0,active,0
1413.49,1358,11,9,2,0.8182,upi,insufficient_funds,2,9.52,2,4,STANDARD,2,none,1
1939.68,1752,8,7,1,0.875,upi,bank_decline,3,84.03,11,5,STANDARD,1,none,0
6534.55,745,12,8,4,0.6667,card,insufficient_funds,2,33.5,0,0,PREMIUM,1,active,0
2506.03,1771,5,4,1,0.8,card,temporary_failure,3,29.39,8,3,STANDARD,0,none,1
2601.75,736,10,7,3,0.7,upi,temporary_failure,2,20.24,7,4,STANDARD,0,none,0
4607.86,312,9,8,1,0.8889,card,bank_timeout,1,26.76,16,0,PREMIUM,1,active,1
1817.54,39,6,6,0,1.0,card,network_error,2,85.81,16,2,STANDARD,3,none,1
6118.3,534,8,8,0,1.0,upi,fraud_suspected,3,31.96,0,6,STANDARD,2,none,0
23371.35,313,5,5,0,1.0,netbanking,temporary_failure,3,61.75,1,3,STANDARD,1,none,0
1201.73,881,9,8,1,0.8889,card,invalid_account,3,85.67,9,5,STANDARD,1,none,0
1593.48,97,5,4,1,0.8,netbanking,insufficient_funds,3,86.3,23,4,STANDARD,0,none,0
19068.42,1729,9,8,1,0.8889,upi,invalid_account,2,22.59,9,5,STANDARD,1,none,0
2227.71,407,6,3,3,0.5,card,temporary_failure,3,31.74,16,1,STANDARD,0,none,0
3295.02,1306,10,9,1,0.9,netbanking,network_error,3,79.58,10,0,PREMIUM,2,active,1
1143.32,1486,8,7,1,0.875,upi,network_error,3,48.21,23,5,STANDARD,0,none,1
13260.24,388,12,9,3,0.75,upi,invalid_account,2,25.61,4,3,STANDARD,0,none,0
7084.23,964,14,11,3,0.7857,wallet,fraud_suspected,1,7.33,22,3,STANDARD,0,none,1
4689.3,760,13,8,5,0.6154,card,bank_decline,1,17.85,6,3,ENTERPRISE,0,active,1
3747.58,236,9,6,3,0.6667,upi,insufficient_funds,3,58.89,9,0,STANDARD,2,none,0
2378.34,587,9,5,4,0.5556,card,temporary_failure,1,51.1,23,6,STANDARD,0,none,1
3214.19,740,11,8,3,0.7273,card,insufficient_funds,2,36.02,1,1,STANDARD,0,none,0
6159.79,929,2,2,0,1.0,card,insufficient_funds,1,22.03,20,1,STANDARD,1,none,1
1592.97,761,11,11,0,1.0,netbanking,fraud_suspected,3,24.31,16,3,PREMIUM,1,active,0
13640.29,1497,7,6,1,0.8571,upi,temporary_failure,3,3.28,16,3,STANDARD,3,none,1
13063.41,1175,9,8,1,0.8889,card,bank_decline,2,19.92,15,2,STANDARD,0,none,0
7630.19,384,9,7,2,0.7778,upi,network_error,2,33.31,8,2,PREMIUM,0,active,1
5587.74,202,11,9,2,0.8182,netbanking,fraud_suspected,3,30.02,19,0,STANDARD,0,none,0
8039.91,1087,15,11,4,0.7333,upi,fraud_suspected,2,148.73,17,0,STANDARD,3,none,1
17319.13,1798,8,6,2,0.75,upi,network_error,2,36.67,22,0,STANDARD,0,none,1
2260.63,1013,8,5,3,0.625,card,bank_timeout,2,51.28,0,1,STANDARD,1,none,1
8596.6,1397,5,5,0,1.0,card,insufficient_funds,2,43.62,3,6,PREMIUM,1,active,0
1193.36,796,9,5,4,0.5556,upi,temporary_failure,2,36.72,20,0,STANDARD,0,none,0
4759.87,796,5,3,2,0.6,netbanking,network_error,2,39.67,12,1,PREMIUM,0,active,0
4826.23,1508,7,4,3,0.5714,upi,insufficient_funds,3,118.75,20,5,PREMIUM,1,active,0
6557.98,621,8,6,2,0.75,netbanking,bank_timeout,1,4.03,20,0,STANDARD,1,none,0
1377.64,503,9,5,4,0.5556,card,insufficient_funds,1,19.53,7,6,PREMIUM,0,active,1
3056.9,952,15,13,2,0.8667,upi,bank_decline,1,20.08,11,6,STANDARD,0,none,1
5465.11,1112,10,8,2,0.8,wallet,network_error,3,24.35,4,5,STANDARD,2,none,0
5527.0,1058,9,5,4,0.5556,upi,bank_decline,3,8.22,6,4,STANDARD,0,none,0
3852.24,862,16,12,4,0.75,wallet,bank_decline,2,34.47,9,2,PREMIUM,0,active,1
4926.79,1654,11,9,2,0.8182,netbanking,temporary_failure,2,8.18,1,0,STANDARD,0,none,0
4139.96,835,6,3,3,0.5,upi,temporary_failure,2,72.63,14,0,STANDARD,4,none,0
2121.79,1631,12,12,0,1.0,netbanking,invalid_account,3,50.33,1,6,STANDARD,1,none,1
3328.83,1027,13,9,4,0.6923,card,bank_decline,3,38.5,22,2,ENTERPRISE,1,active,0
1226.32,1633,8,7,1,0.875,upi,temporary_failure,3,33.9,20,3,STANDARD,2,none,1
3132.53,807,13,11,2,0.8462,card,network_error,2,6.31,20,0,STANDARD,1,none,1
2779.72,63,16,15,1,0.9375,card,bank_timeout,1,9.52,3,5,STANDARD,3,none,1
1836.15,427,9,9,0,1.0,upi,invalid_account,3,17.93,8,1,STANDARD,0,none,0
3535.42,1704,9,8,1,0.8889,netbanking,temporary_failure,2,15.37,21,2,STANDARD,2,none,1
2744.43,196,10,5,5,0.5,upi,fraud_suspected,2,57.73,16,5,STANDARD,0,none,0
9293.06,507,10,6,4,0.6,wallet,network_error,3,25.13,9,5,STANDARD,2,none,0
10149.17,483,13,7,6,0.5385,upi,bank_timeout,1,52.98,0,6,PREMIUM,1,active,1
566.52,161,7,5,2,0.7143,upi,temporary_failure,3,19.47,6,0,PREMIUM,0,active,1
2982.88,1294,9,6,3,0.6667,card,temporary_failure,3,11.99,13,5,STANDARD,0,none,1
3487.58,1206,10,8,2,0.8,netbanking,temporary_failure,2,31.91,22,5,PREMIUM,0,active,1
4079.18,1477,3,3,0,1.0,card,fraud_suspected,2,57.68,16,4,STANDARD,0,none,1
3355.08,1127,11,9,2,0.8182,upi,fraud_suspected,3,8.48,14,1,STANDARD,0,none,1
2268.11,474,8,6,2,0.75,netbanking,network_error,3,39.43,17,1,STANDARD,0,none,1
7653.9,1686,7,4,3,0.5714,card,invalid_account,3,11.68,2,0,PREMIUM,2,active,0
5933.18,223,8,8,0,1.0,upi,temporary_failure,3,10.01,1,3,PREMIUM,1,active,1
11412.79,1153,8,6,2,0.75,netbanking,bank_timeout,2,27.65,11,6,STANDARD,0,none,0
2376.94,90,11,9,2,0.8182,upi,insufficient_funds,1,37.7,22,0,STANDARD,0,none,1
1278.63,76,15,11,4,0.7333,card,temporary_failure,3,25.45,4,4,STANDARD,1,none,1
9276.55,80,13,8,5,0.6154,upi,insufficient_funds,1,51.72,23,1,STANDARD,0,none,0
4682.91,327,6,4,2,0.6667,card,insufficient_funds,1,63.87,8,2,PREMIUM,1,active,1
2272.59,1147,13,9,4,0.6923,upi,fraud_suspected,3,10.92,7,3,PREMIUM,2,active,0
2289.2,1424,9,8,1,0.8889,card,network_error,1,23.38,0,6,ENTERPRISE,1,active,1
1179.2,362,8,8,0,1.0,card,fraud_suspected,2,63.92,5,4,STANDARD,1,none,0
3218.9,1162,7,6,1,0.8571,upi,bank_timeout,2,128.55,7,6,STANDARD,1,none,1
2905.47,576,9,5,4,0.5556,netbanking,fraud_suspected,3,20.69,9,1,PREMIUM,0,active,0
843.6,208,12,10,2,0.8333,card,insufficient_funds,2,9.18,19,5,PREMIUM,0,active,0
1156.48,420,8,6,2,0.75,card,bank_timeout,3,100.69,3,2,PREMIUM,2,active,1
3174.57,1514,9,7,2,0.7778,upi,temporary_failure,2,38.85,9,4,STANDARD,1,none,1
6600.06,72,6,4,2,0.6667,wallet,bank_decline,2,25.71,1,6,STANDARD,1,none,1
817.58,1438,11,6,5,0.5455,netbanking,temporary_failure,2,52.32,3,1,STANDARD,3,none,0
2255.32,632,6,4,2,0.6667,netbanking,bank_decline,1,57.3,12,5,ENTERPRISE,0,active,1
5613.82,1690,8,4,4,0.5,upi,insufficient_funds,1,79.09,6,4,STANDARD,1,none,0
15559.47,730,9,5,4,0.5556,wallet,bank_decline,1,20.37,0,3,PREMIUM,4,active,0
3796.08,908,7,5,2,0.7143,card,bank_timeout,3,6.8,10,0,STANDARD,2,none,0
2909.64,763,6,5,1,0.8333,wallet,insufficient_funds,3,20.42,9,5,PREMIUM,0,active,0
6728.76,863,7,5,2,0.7143,upi,bank_timeout,1,40.49,0,1,PREMIUM,3,active,1
2839.29,1062,11,8,3,0.7273,wallet,insufficient_funds,1,25.88,6,5,STANDARD,0,none,0
1046.04,581,12,11,1,0.9167,upi,bank_timeout,3,21.07,10,0,PREMIUM,1,active,1
2969.84,604,6,4,2,0.6667,card,bank_decline,1,43.21,21,3,STANDARD,1,none,0
7469.06,1269,7,6,1,0.8571,upi,insufficient_funds,3,17.19,0,3,STANDARD,0,none,1
8374.69,534,7,5,2,0.7143,netbanking,temporary_failure,1,17.43,5,1,PREMIUM,1,active,1
1929.08,1629,10,8,2,0.8,upi,fraud_suspected,2,5.21,18,5,STANDARD,3,none,0
608.05,1019,9,6,3,0.6667,upi,network_error,3,48.27,22,0,PREMIUM,1,active,0
3074.94,228,6,2,4,0.3333,upi,insufficient_funds,3,30.38,17,0,PREMIUM,2,active,0
5075.32,1276,13,10,3,0.7692,netbanking,bank_timeout,2,47.22,21,6,PREMIUM,1,active,0
8815.02,302,9,9,0,1.0,netbanking,fraud_suspected,3,45.96,12,5,STANDARD,0,none,1
15969.7,1121,11,9,2,0.8182,card,insufficient_funds,2,18.13,21,5,STANDARD,3,none,1
15372.3,760,9,8,1,0.8889,netbanking,bank_timeout,3,113.45,6,2,STANDARD,2,none,1
3943.58,908,13,11,2,0.8462,upi,insufficient_funds,2,12.85,11,0,ENTERPRISE,1,active,1
5054.42,940,11,6,5,0.5455,card,fraud_suspected,2,10.73,13,1,STANDARD,0,none,0
1311.45,723,7,5,2,0.7143,card,insufficient_funds,1,10.05,16,1,PREMIUM,1,active,1
9836.59,487,7,6,1,0.8571,upi,bank_timeout,1,25.82,21,6,STANDARD,3,none,1
11144.56,1170,6,5,1,0.8333,card,bank_timeout,3,29.76,12,5,PREMIUM,1,active,1
821.88,197,6,5,1,0.8333,upi,temporary_failure,3,59.43,17,4,STANDARD,2,none,1
5297.93,881,6,5,1,0.8333,upi,bank_timeout,3,18.54,1,4,STANDARD,3,none,1
4908.72,554,2,2,0,1.0,card,fraud_suspected,2,28.92,21,6,STANDARD,0,none,1
12013.77,1496,13,10,3,0.7692,upi,bank_decline,3,40.23,9,0,STANDARD,2,none,0
4682.48,586,4,2,2,0.5,upi,insufficient_funds,3,119.24,18,4,PREMIUM,1,active,0
4587.37,1744,4,3,1,0.75,card,insufficient_funds,3,75.21,2,5,STANDARD,1,none,0
5968.91,416,8,8,0,1.0,upi,bank_decline,2,19.27,16,3,STANDARD,1,none,1
2601.01,52,6,4,2,0.6667,upi,fraud_suspected,1,39.0,0,6,STANDARD,0,none,0
1599.26,67,11,8,3,0.7273,netbanking,invalid_account,2,77.34,12,5,PREMIUM,1,active,0
3153.02,675,12,9,3,0.75,card,temporary_failure,1,21.18,1,5,PREMIUM,6,active,0
2542.76,1019,11,8,3,0.7273,wallet,bank_decline,3,14.93,6,0,PREMIUM,0,active,0
3870.14,1133,7,4,3,0.5714,wallet,insufficient_funds,1,29.87,7,1,STANDARD,0,none,0
41014.74,1488,5,3,2,0.6,upi,insufficient_funds,3,30.84,21,1,PREMIUM,0,active,0
6353.12,11,11,11,0,1.0,netbanking,insufficient_funds,2,21.32,5,2,PREMIUM,1,active,1
2029.26,95,7,5,2,0.7143,card,invalid_account,1,56.63,16,6,STANDARD,0,none,0
2281.85,545,9,8,1,0.8889,upi,insufficient_funds,2,20.46,5,1,STANDARD,2,none,1
11643.3,461,8,5,3,0.625,wallet,temporary_failure,1,23.03,22,0,STANDARD,0,none,1
3647.3,1348,8,7,1,0.875,wallet,bank_decline,1,10.18,4,4,STANDARD,1,none,0
8534.17,925,6,6,0,1.0,card,network_error,1,47.93,19,1,PREMIUM,1,active,1
1483.56,458,7,6,1,0.8571,upi,temporary_failure,3,66.56,17,0,STANDARD,1,none,0
3064.75,1683,6,4,2,0.6667,upi,bank_timeout,1,84.65,5,5,STANDARD,1,none,1
2997.04,879,8,5,3,0.625,card,bank_decline,1,75.4,11,6,PREMIUM,2,active,1
8294.73,1726,8,6,2,0.75,card,insufficient_funds,2,86.89,8,0,ENTERPRISE,2,active,1
4609.35,591,5,5,0,1.0,card,temporary_failure,3,56.73,7,0,STANDARD,1,none,1
5462.3,95,10,6,4,0.6,card,fraud_suspected,3,32.34,18,4,STANDARD,0,none,0
6712.16,1703,10,6,4,0.6,upi,bank_decline,2,26.34,12,1,STANDARD,0,none,1
3582.59,628,11,9,2,0.8182,netbanking,network_error,1,35.68,10,3,STANDARD,4,none,1
6326.49,1447,8,8,0,1.0,card,bank_decline,2,55.99,4,2,STANDARD,0,none,0
3599.03,141,11,7,4,0.6364,upi,fraud_suspected,1,87.44,4,4,STANDARD,3,none,0
12759.34,260,10,7,3,0.7,netbanking,temporary_failure,2,41.89,14,0,STANDARD,1,none,1
2208.92,907,15,13,2,0.8667,netbanking,invalid_account,1,82.0,21,0,STANDARD,0,none,1
2222.71,924,11,9,2,0.8182,card,temporary_failure,1,94.13,19,2,STANDARD,1,none,1
2966.65,73,7,5,2,0.7143,upi,network_error,1,102.85,12,1,PREMIUM,0,active,1
1670.3,1342,8,6,2,0.75,upi,bank_timeout,1,23.04,5,2,PREMIUM,0,active,1
1338.76,1042,9,7,2,0.7778,card,temporary_failure,2,80.15,13,0,STANDARD,1,none,1
3307.33,1178,7,5,2,0.7143,upi,insufficient_funds,1,53.19,21,6,PREMIUM,1,active,0
14967.36,1493,6,4,2,0.6667,upi,network_error,1,32.33,8,4,PREMIUM,1,active,0
5061.42,298,9,7,2,0.7778,upi,temporary_failure,3,31.54,19,6,PREMIUM,1,active,1
4538.41,1635,5,5,0,1.0,card,insufficient_funds,1,13.27,10,1,STANDARD,0,none,1
2944.18,1505,7,6,1,0.8571,upi,insufficient_funds,3,54.33,17,4,STANDARD,1,none,1
11626.84,172,10,8,2,0.8,netbanking,bank_decline,3,26.77,6,1,PREMIUM,3,active,1
1348.16,1276,5,2,3,0.4,netbanking,fraud_suspected,2,36.44,9,1,STANDARD,0,none,0
1459.63,1713,10,7,3,0.7,netbanking,invalid_account,3,4.26,8,6,STANDARD,0,none,0
3697.36,167,13,9,4,0.6923,upi,temporary_failure,1,22.37,6,0,ENTERPRISE,0,active,1
5471.1,1460,11,8,3,0.7273,netbanking,invalid_account,3,67.07,2,5,STANDARD,1,none,0
1714.78,1373,11,10,1,0.9091,wallet,bank_decline,2,17.61,23,4,STANDARD,2,none,1
2561.13,148,5,3,2,0.6,upi,bank_decline,3,60.1,9,1,PREMIUM,3,active,0
3840.54,1576,7,5,2,0.7143,card,network_error,3,30.98,14,2,STANDARD,0,none,1
13639.4,163,13,12,1,0.9231,upi,bank_decline,3,102.67,9,2,PREMIUM,0,active,1
971.69,962,12,9,3,0.75,upi,insufficient_funds,2,19.25,13,0,PREMIUM,1,active,1
6148.31,1488,11,8,3,0.7273,upi,insufficient_funds,1,35.3,18,5,STANDARD,4,none,0
8039.47,417,4,2,2,0.5,upi,bank_decline,3,51.26,22,1,STANDARD,1,none,0
18384.03,783,6,5,1,0.8333,upi,network_error,3,67.89,15,2,STANDARD,0,none,1
1289.12,697,10,8,2,0.8,upi,bank_timeout,1,11.42,23,6,STANDARD,1,none,1
1528.14,838,6,5,1,0.8333,upi,bank_timeout,1,76.65,19,6,STANDARD,2,none,1
2064.14,313,8,8,0,1.0,card,insufficient_funds,1,53.89,5,2,STANDARD,0,none,1
1229.13,1092,14,12,2,0.8571,card,temporary_failure,3,65.52,17,6,STANDARD,1,none,1
9803.55,207,7,3,4,0.4286,upi,bank_timeout,3,14.01,18,4,STANDARD,0,none,0
5364.48,1371,6,6,0,1.0,upi,temporary_failure,2,20.71,6,3,PREMIUM,3,active,1
4121.5,1024,11,8,3,0.7273,card,temporary_failure,2,44.09,1,2,PREMIUM,1,active,1
5630.45,834,11,9,2,0.8182,card,bank_decline,1,25.12,20,3,STANDARD,0,none,1
10048.28,360,4,4,0,1.0,wallet,network_error,1,60.97,5,5,STANDARD,0,none,1
489.45,1791,10,6,4,0.6,netbanking,temporary_failure,3,62.15,1,5,STANDARD,2,none,1
5484.76,1621,12,11,1,0.9167,upi,bank_decline,3,66.9,6,6,STANDARD,0,none,0
5101.06,1550,13,12,1,0.9231,upi,temporary_failure,1,28.15,13,0,STANDARD,0,none,1
6298.45,1165,16,14,2,0.875,upi,bank_timeout,2,28.21,11,4,PREMIUM,2,active,0
1073.41,193,4,4,0,1.0,netbanking,bank_decline,1,14.82,20,4,PREMIUM,1,active,1
3457.72,953,8,7,1,0.875,upi,fraud_suspected,2,13.79,16,0,PREMIUM,0,active,1
1703.35,811,6,3,3,0.5,netbanking,bank_decline,2,5.91,20,2,STANDARD,1,none,1
11003.06,1007,11,8,3,0.7273,upi,insufficient_funds,1,83.23,23,5,PREMIUM,1,active,1
4255.11,94,4,3,1,0.75,card,network_error,2,69.62,18,5,STANDARD,1,none,1
3292.05,709,6,3,3,0.5,card,insufficient_funds,2,12.99,13,4,STANDARD,3,none,0
5032.8,564,6,6,0,1.0,card,fraud_suspected,3,30.66,17,6,STANDARD,0,none,0
1415.28,1476,11,8,3,0.7273,card,temporary_failure,1,27.0,15,3,STANDARD,0,none,1
11497.3,227,6,4,2,0.6667,card,network_error,3,39.28,15,1,PREMIUM,2,active,1
11524.2,1706,10,4,6,0.4,card,network_error,2,13.86,13,6,STANDARD,0,none,0
1273.94,226,3,3,0,1.0,card,temporary_failure,2,132.93,10,5,PREMIUM,1,active,0
10241.67,264,7,6,1,0.8571,netbanking,network_error,3,14.88,6,0,ENTERPRISE,2,active,1
15323.91,818,8,7,1,0.875,upi,insufficient_funds,3,67.77,10,5,STANDARD,1,none,0
2068.9,1227,13,10,3,0.7692,card,bank_timeout,3,14.99,23,6,STANDARD,1,none,0
1802.12,398,9,6,3,0.6667,card,insufficient_funds,3,30.14,23,3,PREMIUM,2,active,0
1809.64,928,7,4,3,0.5714,wallet,insufficient_funds,2,67.67,13,3,STANDARD,1,none,1
7252.5,413,9,5,4,0.5556,netbanking,temporary_failure,3,36.76,2,1,PREMIUM,1,active,1
16859.66,1550,6,5,1,0.8333,netbanking,temporary_failure,3,2.9,23,2,STANDARD,1,none,1
2437.81,298,7,6,1,0.8571,upi,temporary_failure,1,31.96,22,5,PREMIUM,2,active,1
5918.0,934,6,5,1,0.8333,card,insufficient_funds,3,98.44,11,4,PREMIUM,0,active,1
6224.88,1485,7,6,1,0.8571,upi,fraud_suspected,3,20.7,1,3,STANDARD,0,none,1
2393.43,124,6,4,2,0.6667,upi,insufficient_funds,3,71.39,12,0,STANDARD,0,none,0
2443.92,150,6,3,3,0.5,card,bank_decline,3,29.15,8,2,STANDARD,2,none,1
3842.42,977,7,5,2,0.7143,netbanking,insufficient_funds,2,11.16,18,4,STANDARD,0,none,1
4349.45,512,12,10,2,0.8333,netbanking,insufficient_funds,2,22.08,18,4,STANDARD,1,none,0
2034.04,669,8,4,4,0.5,upi,bank_decline,2,8.37,13,1,STANDARD,1,none,1
2981.39,1659,9,6,3,0.6667,upi,network_error,1,34.09,9,3,PREMIUM,4,active,1
5056.85,751,12,9,3,0.75,netbanking,temporary_failure,3,44.46,4,5,STANDARD,2,none,1
4272.0,627,14,14,0,1.0,card,temporary_failure,2,65.9,10,2,STANDARD,0,none,1
24114.07,1205,7,4,3,0.5714,card,insufficient_funds,2,29.25,22,5,STANDARD,0,none,1
1911.3,197,6,4,2,0.6667,upi,network_error,1,56.38,4,4,STANDARD,0,none,1
15055.5,152,8,8,0,1.0,netbanking,temporary_failure,1,64.27,22,4,PREMIUM,1,active,1
5739.22,1788,9,8,1,0.8889,netbanking,invalid_account,1,37.61,8,5,PREMIUM,1,active,1
3533.72,339,9,7,2,0.7778,upi,temporary_failure,1,16.98,11,0,ENTERPRISE,0,active,1
34860.41,342,12,12,0,1.0,card,insufficient_funds,2,28.74,22,0,ENTERPRISE,2,active,1
4992.17,459,6,5,1,0.8333,netbanking,bank_decline,3,3.37,3,1,STANDARD,2,none,0
1446.06,688,10,6,4,0.6,netbanking,insufficient_funds,1,101.86,12,5,STANDARD,0,none,0
4639.38,1579,11,9,2,0.8182,card,fraud_suspected,2,54.47,7,5,STANDARD,1,none,0
10960.22,42,11,10,1,0.9091,upi,invalid_account,2,29.4,2,0,PREMIUM,0,active,0
5946.01,274,5,3,2,0.6,upi,invalid_account,3,28.13,19,2,PREMIUM,1,active,1
6787.97,109,11,8,3,0.7273,upi,invalid_account,3,12.38,17,3,STANDARD,1,none,0
3046.9,640,11,8,3,0.7273,upi,insufficient_funds,2,13.3,21,0,PREMIUM,2,active,1
3666.93,128,7,7,0,1.0,card,temporary_failure,1,36.24,8,2,STANDARD,1,none,1
2019.87,1017,7,5,2,0.7143,upi,network_error,1,85.11,9,4,STANDARD,0,none,1
2012.56,1451,7,3,4,0.4286,upi,bank_decline,2,35.37,10,2,PREMIUM,0,active,0
5597.31,399,8,6,2,0.75,upi,insufficient_funds,3,76.28,14,0,STANDARD,3,none,0
7676.19,1090,11,7,4,0.6364,upi,temporary_failure,2,66.04,0,1,STANDARD,0,none,0
2291.4,1525,7,6,1,0.8571,netbanking,invalid_account,2,20.24,14,6,STANDARD,1,none,1
2654.22,1044,10,7,3,0.7,netbanking,insufficient_funds,1,49.54,5,2,PREMIUM,0,active,1
13226.61,175,11,7,4,0.6364,card,temporary_failure,3,9.65,11,3,ENTERPRISE,0,active,1
1721.24,1628,7,7,0,1.0,upi,bank_decline,3,76.42,13,4,STANDARD,2,none,1
2126.95,910,12,9,3,0.75,upi,temporary_failure,3,123.42,21,0,STANDARD,0,none,0
966.92,1281,12,10,2,0.8333,wallet,bank_timeout,3,16.53,13,6,STANDARD,2,none,0
2457.05,1391,5,5,0,1.0,card,insufficient_funds,2,36.01,10,5,STANDARD,0,none,1
3633.75,1336,8,8,0,1.0,upi,bank_timeout,1,25.47,4,1,STANDARD,1,none,0
7950.02,551,13,9,4,0.6923,card,invalid_account,3,77.84,18,1,STANDARD,1,none,0
3362.62,1181,13,10,3,0.7692,upi,temporary_failure,2,67.1,12,4,STANDARD,0,none,1
6839.44,644,9,8,1,0.8889,card,insufficient_funds,1,16.44,10,6,PREMIUM,2,active,1
1544.76,557,4,4,0,1.0,wallet,network_error,3,30.11,5,4,STANDARD,1,none,1
1631.05,176,12,11,1,0.9167,upi,network_error,3,20.0,21,5,ENTERPRISE,0,active,1
1131.69,860,10,9,1,0.9,upi,invalid_account,3,52.88,16,6,STANDARD,1,none,0
6670.16,1626,9,8,1,0.8889,upi,insufficient_funds,1,64.68,9,4,PREMIUM,0,active,1
2449.72,1458,12,9,3,0.75,upi,network_error,2,48.69,13,2,ENTERPRISE,3,active,1
22870.7,1619,7,6,1,0.8571,card,bank_decline,2,59.88,5,6,PREMIUM,2,active,0
20602.27,203,10,8,2,0.8,wallet,invalid_account,2,65.42,16,4,STANDARD,0,none,0
6673.84,89,8,7,1,0.875,card,insufficient_funds,2,64.28,16,4,STANDARD,0,none,1
932.41,381,6,4,2,0.6667,upi,temporary_failure,1,24.1,14,3,PREMIUM,0,active,0
3498.21,410,10,8,2,0.8,netbanking,bank_timeout,2,79.98,15,3,PREMIUM,0,active,0
4335.59,370,7,6,1,0.8571,card,insufficient_funds,1,21.25,13,6,STANDARD,2,none,1
4391.07,815,9,7,2,0.7778,card,bank_decline,3,35.72,8,2,STANDARD,0,none,0
652.77,478,6,5,1,0.8333,wallet,fraud_suspected,2,41.06,3,0,ENTERPRISE,0,active,0
1682.13,984,15,10,5,0.6667,netbanking,temporary_failure,3,40.77,10,3,PREMIUM,0,active,0
1530.81,698,15,11,4,0.7333,card,bank_decline,1,29.05,3,6,PREMIUM,0,active,0
3304.13,1248,12,11,1,0.9167,card,insufficient_funds,1,51.58,2,4,PREMIUM,1,active,0
5102.84,102,10,6,4,0.6,upi,temporary_failure,3,10.29,13,3,STANDARD,2,none,0
5421.88,175,13,11,2,0.8462,card,temporary_failure,1,60.76,9,1,PREMIUM,1,active,1
2110.39,1598,7,6,1,0.8571,upi,bank_decline,1,7.65,5,4,STANDARD,2,none,1
4466.51,650,3,2,1,0.6667,card,temporary_failure,1,18.31,0,5,STANDARD,1,none,0
4330.69,1074,6,4,2,0.6667,card,insufficient_funds,3,40.2,10,3,STANDARD,1,none,0
2400.27,694,6,5,1,0.8333,card,bank_timeout,3,23.44,16,6,STANDARD,1,none,0
6061.06,1053,10,8,2,0.8,card,invalid_account,1,21.93,15,3,PREMIUM,1,active,1
10027.85,1141,11,6,5,0.5455,upi,insufficient_funds,1,5.91,8,0,STANDARD,2,none,0
1800.51,610,6,4,2,0.6667,upi,bank_decline,2,25.36,21,4,STANDARD,2,none,1
2074.01,560,11,8,3,0.7273,upi,network_error,2,9.69,16,0,PREMIUM,2,active,0
3622.06,1528,8,7,1,0.875,netbanking,temporary_failure,2,79.82,11,1,STANDARD,0,none,1
8934.59,146,7,5,2,0.7143,upi,bank_decline,3,28.72,17,3,STANDARD,1,none,0
2625.75,256,8,6,2,0.75,card,invalid_account,3,80.77,1,1,STANDARD,0,none,0
14265.67,642,8,6,2,0.75,upi,bank_timeout,2,37.69,7,3,ENTERPRISE,0,active,1
11729.51,548,7,6,1,0.8571,card,bank_decline,2,88.79,15,5,ENTERPRISE,2,active,0
989.84,1276,10,8,2,0.8,upi,temporary_failure,2,132.46,20,2,STANDARD,2,none,1
4890.22,227,9,8,1,0.8889,wallet,network_error,3,10.91,8,2,STANDARD,1,none,1
3894.32,375,11,9,2,0.8182,card,temporary_failure,1,85.6,15,2,STANDARD,1,none,0
1977.71,503,9,8,1,0.8889,card,temporary_failure,3,59.88,8,1,PREMIUM,1,active,1
3502.61,80,4,3,1,0.75,card,insufficient_funds,3,52.75,0,4,STANDARD,2,none,0
6147.25,1057,5,3,2,0.6,card,insufficient_funds,2,15.19,14,0,STANDARD,1,none,1
3016.28,591,6,5,1,0.8333,upi,fraud_suspected,1,28.14,12,0,PREMIUM,0,active,0
10053.94,1397,11,7,4,0.6364,card,bank_timeout,2,74.52,10,6,STANDARD,1,none,1
1722.79,373,14,11,3,0.7857,netbanking,insufficient_funds,2,117.25,8,0,STANDARD,0,none,0
3942.3,314,11,11,0,1.0,wallet,invalid_account,1,53.99,11,1,STANDARD,0,none,0
3811.67,1064,4,4,0,1.0,upi,network_error,1,73.62,1,1,STANDARD,0,none,1
1721.79,1463,11,10,1,0.9091,upi,bank_decline,1,46.28,10,5,STANDARD,2,none,1
1100.61,825,7,6,1,0.8571,netbanking,insufficient_funds,1,69.81,2,6,PREMIUM,0,active,1
5112.07,1011,12,9,3,0.75,upi,invalid_account,3,48.06,5,0,PREMIUM,0,active,0
2278.1,1291,9,8,1,0.8889,upi,bank_decline,3,30.59,10,1,STANDARD,0,none,1
1103.04,1428,9,5,4,0.5556,card,insufficient_funds,2,108.66,22,1,STANDARD,0,none,0
3708.44,1027,13,8,5,0.6154,upi,bank_decline,2,16.52,18,3,STANDARD,0,none,0
2623.94,119,9,8,1,0.8889,wallet,bank_timeout,2,7.09,5,2,STANDARD,2,none,1
3873.27,1594,8,6,2,0.75,upi,temporary_failure,2,28.31,16,6,PREMIUM,1,active,1
8733.65,1398,10,6,4,0.6,card,temporary_failure,3,35.44,22,4,PREMIUM,1,active,1
3042.02,704,14,12,2,0.8571,upi,bank_timeout,3,39.52,6,0,STANDARD,1,none,0
11440.14,389,7,4,3,0.5714,card,insufficient_funds,3,16.05,17,6,STANDARD,0,none,0
5062.63,777,8,6,2,0.75,wallet,invalid_account,1,8.76,0,1,STANDARD,0,none,0
4897.86,174,5,4,1,0.8,card,invalid_account,2,35.6,14,0,PREMIUM,0,active,0
751.56,1349,7,6,1,0.8571,upi,bank_timeout,2,22.86,18,1,STANDARD,0,none,1
2563.69,518,3,1,2,0.3333,upi,temporary_failure,2,15.95,19,4,STANDARD,0,none,0
5847.85,253,9,8,1,0.8889,upi,insufficient_funds,3,37.58,19,2,STANDARD,4,none,0
3809.68,1471,4,3,1,0.75,card,insufficient_funds,2,76.28,16,2,STANDARD,1,none,0
1545.96,306,7,6,1,0.8571,card,insufficient_funds,3,51.4,11,4,STANDARD,1,none,0
2329.11,929,9,5,4,0.5556,card,network_error,1,26.64,9,2,PREMIUM,0,active,1
10690.89,711,17,15,2,0.8824,netbanking,insufficient_funds,3,39.21,16,0,STANDARD,1,none,0
4147.17,739,6,4,2,0.6667,upi,invalid_account,1,12.05,17,2,STANDARD,0,none,0
6023.78,1518,6,5,1,0.8333,netbanking,insufficient_funds,1,41.5,22,0,STANDARD,0,none,1
8701.84,803,11,9,2,0.8182,card,insufficient_funds,2,17.29,16,0,STANDARD,0,none,0
4998.42,847,7,4,3,0.5714,card,temporary_failure,3,34.52,5,2,STANDARD,0,none,1
4904.82,974,4,4,0,1.0,upi,bank_timeout,3,82.46,8,3,ENTERPRISE,2,active,1
2362.8,756,18,17,1,0.9444,upi,insufficient_funds,2,24.41,15,1,PREMIUM,1,active,1
9275.86,1472,17,16,1,0.9412,upi,temporary_failure,3,11.9,0,2,PREMIUM,0,active,1
2427.08,1701,12,8,4,0.6667,netbanking,invalid_account,1,7.96,19,6,STANDARD,1,none,0
6909.47,1004,13,8,5,0.6154,card,temporary_failure,2,2.76,6,5,STANDARD,2,none,1
8452.17,1180,10,8,2,0.8,card,bank_decline,1,32.58,0,6,STANDARD,1,none,1
6729.56,596,7,5,2,0.7143,card,insufficient_funds,1,48.29,1,3,STANDARD,0,none,0
4915.13,76,11,9,2,0.8182,upi,insufficient_funds,3,50.71,10,5,STANDARD,1,none,0
1457.66,1362,10,8,2,0.8,card,temporary_failure,1,21.07,6,3,PREMIUM,2,active,1
12937.41,1478,8,7,1,0.875,upi,insufficient_funds,3,61.26,10,0,PREMIUM,0,active,0
6428.41,1647,14,12,2,0.8571,card,insufficient_funds,3,7.8,0,5,STANDARD,0,none,0
1475.01,170,4,4,0,1.0,wallet,fraud_suspected,2,5.19,8,5,STANDARD,1,none,0
3061.43,34,6,3,3,0.5,netbanking,insufficient_funds,3,58.09,11,5,STANDARD,2,none,0
3854.03,1744,12,11,1,0.9167,card,network_error,1,11.43,8,0,STANDARD,1,none,1
7612.86,1110,12,11,1,0.9167,card,invalid_account,1,21.78,8,6,STANDARD,0,none,0
881.33,10,8,8,0,1.0,upi,insufficient_funds,2,38.46,11,5,STANDARD,0,none,0
4313.51,377,10,8,2,0.8,netbanking,fraud_suspected,1,18.61,11,5,PREMIUM,0,active,1
4316.5,1053,7,5,2,0.7143,upi,insufficient_funds,2,17.94,23,2,STANDARD,1,none,0
1849.29,1777,11,9,2,0.8182,wallet,fraud_suspected,2,56.92,20,1,STANDARD,0,none,0
6844.05,840,12,11,1,0.9167,card,network_error,3,30.73,17,0,STANDARD,0,none,1
3881.65,394,8,6,2,0.75,upi,insufficient_funds,1,58.5,11,2,PREMIUM,2,active,1
6349.54,446,8,3,5,0.375,card,network_error,3,9.76,2,5,PREMIUM,1,active,1
1981.49,1114,12,9,3,0.75,netbanking,temporary_failure,3,23.36,13,5,STANDARD,0,none,0
5578.11,112,7,6,1,0.8571,netbanking,invalid_account,2,67.79,12,1,STANDARD,3,none,1
6278.89,671,14,12,2,0.8571,upi,invalid_account,1,47.83,1,1,STANDARD,3,none,1
2333.82,857,6,5,1,0.8333,card,temporary_failure,3,31.09,14,1,PREMIUM,1,active,1
2465.52,793,5,5,0,1.0,card,bank_decline,2,78.85,23,5,STANDARD,1,none,1
1544.96,1485,13,10,3,0.7692,card,insufficient_funds,1,73.01,6,0,PREMIUM,0,active,0
1753.45,1649,4,4,0,1.0,upi,network_error,3,39.76,17,3,STANDARD,0,none,1
2398.94,803,10,10,0,1.0,upi,bank_decline,3,47.67,1,4,PREMIUM,1,active,1
3857.33,190,10,8,2,0.8,netbanking,insufficient_funds,1,6.96,16,6,STANDARD,1,none,1
6000.04,591,12,12,0,1.0,upi,temporary_failure,3,19.68,14,2,STANDARD,1,none,1
5171.16,63,6,5,1,0.8333,upi,insufficient_funds,1,79.39,7,6,PREMIUM,0,active,1
7855.49,1168,9,9,0,1.0,upi,bank_timeout,3,13.46,1,0,PREMIUM,1,active,1
2503.07,1251,9,9,0,1.0,netbanking,bank_decline,1,14.57,11,6,STANDARD,1,none,1
1341.42,240,12,9,3,0.75,upi,network_error,3,23.88,0,2,STANDARD,0,none,1
1562.65,319,13,11,2,0.8462,upi,bank_decline,3,7.1,15,5,STANDARD,2,none,1
9410.12,816,4,4,0,1.0,wallet,temporary_failure,1,50.42,4,2,STANDARD,1,none,1
722.98,383,7,6,1,0.8571,netbanking,fraud_suspected,3,10.62,16,3,PREMIUM,0,active,1
8938.01,1027,13,10,3,0.7692,upi,temporary_failure,3,32.35,1,0,STANDARD,3,none,0
1361.08,962,8,6,2,0.75,card,bank_decline,3,58.54,1,1,STANDARD,0,none,0
4616.51,656,9,6,3,0.6667,card,bank_timeout,1,25.9,5,4,STANDARD,2,none,1
11675.76,1647,10,9,1,0.9,card,bank_timeout,3,66.1,2,2,PREMIUM,1,active,0
4325.66,125,13,11,2,0.8462,upi,fraud_suspected,1,4.02,4,4,PREMIUM,1,active,1
4575.47,1580,8,5,3,0.625,card,insufficient_funds,2,47.7,13,5,STANDARD,1,none,0
1894.31,1034,10,6,4,0.6,upi,bank_decline,1,53.17,13,0,STANDARD,5,none,0
4957.11,1385,6,3,3,0.5,netbanking,bank_decline,3,84.22,9,4,STANDARD,1,none,0
6383.69,340,10,8,2,0.8,upi,bank_decline,2,0.56,3,5,STANDARD,3,none,1
20422.3,588,8,4,4,0.5,upi,temporary_failure,2,62.78,2,0,STANDARD,1,none,1
3465.59,1425,6,5,1,0.8333,upi,insufficient_funds,2,20.33,19,5,STANDARD,3,none,1
36341.25,1324,7,4,3,0.5714,upi,invalid_account,1,39.59,3,2,PREMIUM,0,active,0
1543.73,1423,5,5,0,1.0,upi,insufficient_funds,1,25.34,8,1,STANDARD,1,none,1
5351.74,1798,9,8,1,0.8889,card,network_error,1,34.74,11,4,PREMIUM,4,active,1
2909.02,87,5,4,1,0.8,upi,bank_timeout,2,120.96,7,0,STANDARD,2,none,1
3296.44,1286,9,6,3,0.6667,card,network_error,1,18.78,23,2,ENTERPRISE,0,active,1
1380.59,82,9,9,0,1.0,wallet,network_error,1,52.95,14,6,ENTERPRISE,2,active,1
7838.74,730,4,4,0,1.0,card,bank_timeout,2,15.73,7,0,STANDARD,2,none,1
11062.14,612,13,12,1,0.9231,upi,temporary_failure,2,88.01,5,3,STANDARD,0,none,1
5163.58,1470,9,9,0,1.0,card,insufficient_funds,1,29.5,12,1,STANDARD,0,none,1
6984.82,1320,6,2,4,0.3333,upi,network_error,1,97.89,11,1,STANDARD,0,none,1
1854.18,1084,10,9,1,0.9,upi,temporary_failure,3,16.7,7,1,STANDARD,1,none,0
1571.17,1669,8,6,2,0.75,card,temporary_failure,3,53.17,18,2,PREMIUM,0,active,1
7441.8,724,8,5,3,0.625,card,fraud_suspected,3,38.31,12,3,PREMIUM,1,active,0
4895.19,1044,13,11,2,0.8462,upi,bank_decline,3,45.35,9,0,STANDARD,1,none,1
11811.07,594,9,8,1,0.8889,upi,insufficient_funds,1,41.08,11,4,STANDARD,1,none,1
5710.63,1354,2,1,1,0.5,card,bank_decline,1,18.72,2,5,STANDARD,1,none,1
790.83,1072,9,9,0,1.0,upi,network_error,2,14.17,23,4,PREMIUM,0,active,1
2792.89,1719,10,7,3,0.7,card,network_error,1,56.66,12,1,STANDARD,2,none,0
9793.59,1380,14,7,7,0.5,upi,insufficient_funds,1,49.55,6,3,STANDARD,0,none,0
2147.32,712,12,12,0,1.0,card,temporary_failure,2,15.65,23,3,STANDARD,2,none,1
4096.56,962,3,1,2,0.3333,wallet,bank_decline,2,15.46,10,2,STANDARD,1,none,0
1800.85,1005,17,11,6,0.6471,netbanking,bank_timeout,1,120.27,23,0,STANDARD,0,none,0
9092.71,1559,8,5,3,0.625,netbanking,temporary_failure,3,26.76,19,5,STANDARD,3,none,0
3545.89,913,12,11,1,0.9167,upi,network_error,1,5.62,10,1,STANDARD,1,none,0
4422.18,772,7,6,1,0.8571,upi,insufficient_funds,3,55.97,9,3,STANDARD,1,none,1
4527.47,420,11,9,2,0.8182,card,insufficient_funds,1,3.65,2,2,PREMIUM,0,active,1
5191.31,121,19,18,1,0.9474,netbanking,bank_decline,2,47.67,4,0,STANDARD,0,none,1
1859.14,752,10,7,3,0.7,upi,bank_timeout,1,33.71,14,6,STANDARD,0,none,1
9301.6,1121,16,11,5,0.6875,upi,insufficient_funds,3,28.0,19,4,ENTERPRISE,1,active,0
5827.7,812,3,2,1,0.6667,netbanking,network_error,3,16.1,5,6,PREMIUM,1,active,0
5381.37,39,14,12,2,0.8571,upi,insufficient_funds,1,27.53,22,4,STANDARD,0,none,0
6429.23,1331,16,11,5,0.6875,card,bank_timeout,2,25.24,0,0,PREMIUM,1,active,1
4189.05,1608,5,4,1,0.8,card,bank_decline,2,22.48,7,6,STANDARD,0,none,0
6023.98,1635,9,6,3,0.6667,wallet,invalid_account,3,14.55,23,2,STANDARD,1,none,0
2670.88,1651,9,9,0,1.0,netbanking,bank_decline,2,98.13,13,4,PREMIUM,1,active,1
11622.42,1443,14,10,4,0.7143,card,insufficient_funds,3,90.13,0,2,PREMIUM,1,active,1
538.1,673,10,9,1,0.9,upi,temporary_failure,2,36.49,21,5,PREMIUM,1,active,0
5467.14,535,13,10,3,0.7692,wallet,insufficient_funds,3,23.15,0,3,STANDARD,4,none,0
2867.29,1783,9,4,5,0.4444,card,insufficient_funds,1,10.44,3,5,STANDARD,1,none,0
22240.82,242,14,12,2,0.8571,upi,temporary_failure,3,52.99,23,5,STANDARD,0,none,1
4140.48,245,7,6,1,0.8571,card,temporary_failure,3,167.66,6,1,PREMIUM,1,active,1
7339.44,122,7,4,3,0.5714,card,network_error,2,34.09,16,0,STANDARD,1,none,1
1016.39,413,11,7,4,0.6364,wallet,insufficient_funds,3,21.76,9,4,STANDARD,1,none,0
1823.45,692,8,5,3,0.625,upi,invalid_account,2,43.79,11,3,PREMIUM,1,active,0
3989.31,213,14,9,5,0.6429,upi,temporary_failure,3,28.71,18,2,ENTERPRISE,0,active,0
7877.92,778,11,9,2,0.8182,card,temporary_failure,1,27.6,5,3,STANDARD,2,none,0
3180.62,705,10,6,4,0.6,wallet,bank_decline,2,7.94,11,0,PREMIUM,2,active,0
11252.25,638,16,11,5,0.6875,wallet,bank_decline,2,21.18,0,0,STANDARD,0,none,0
4357.33,715,8,5,3,0.625,card,bank_decline,1,10.87,17,0,STANDARD,3,none,0
26327.4,1722,4,4,0,1.0,upi,bank_decline,2,52.69,15,2,STANDARD,1,none,1
2726.19,931,9,6,3,0.6667,upi,insufficient_funds,1,13.07,22,4,STANDARD,1,none,1
11362.13,949,8,6,2,0.75,upi,insufficient_funds,1,1.21,22,1,STANDARD,2,none,1
5876.13,573,8,7,1,0.875,netbanking,temporary_failure,2,45.62,2,5,STANDARD,0,none,1
4661.38,1580,16,10,6,0.625,wallet,bank_decline,3,66.1,14,2,STANDARD,0,none,0
2582.96,147,5,5,0,1.0,netbanking,bank_decline,1,42.49,19,6,STANDARD,0,none,1
5344.64,116,10,6,4,0.6,netbanking,bank_decline,3,24.47,1,2,STANDARD,0,none,0
1946.23,540,8,6,2,0.75,card,fraud_suspected,1,74.92,19,1,ENTERPRISE,2,active,0
3860.04,1210,6,6,0,1.0,netbanking,fraud_suspected,2,20.64,21,1,STANDARD,1,none,0
1360.13,1781,7,6,1,0.8571,upi,network_error,2,42.06,6,6,STANDARD,0,none,1
8273.01,422,13,8,5,0.6154,card,bank_decline,2,61.12,8,0,STANDARD,1,none,1
3007.55,855,2,2,0,1.0,upi,bank_decline,2,37.99,6,4,STANDARD,2,none,1
8589.69,364,6,6,0,1.0,netbanking,invalid_account,2,52.93,5,4,STANDARD,3,none,0
7842.73,60,14,13,1,0.9286,netbanking,fraud_suspected,2,25.42,20,1,STANDARD,0,none,0
9260.02,1607,14,9,5,0.6429,upi,bank_timeout,3,17.38,10,1,ENTERPRISE,1,active,0
2372.18,702,13,12,1,0.9231,upi,insufficient_funds,3,28.25,9,5,STANDARD,0,none,1
13478.09,1451,15,10,5,0.6667,card,temporary_failure,3,23.31,9,5,STANDARD,1,none,0
6884.65,259,10,10,0,1.0,upi,temporary_failure,2,15.5,18,3,ENTERPRISE,1,active,1
1465.31,1088,17,11,6,0.6471,upi,bank_decline,3,19.59,3,2,STANDARD,2,none,0
3517.63,862,10,6,4,0.6,upi,invalid_account,2,28.13,15,1,STANDARD,0,none,0
4607.67,968,9,6,3,0.6667,upi,temporary_failure,1,61.08,19,0,PREMIUM,1,active,1
4779.55,1546,8,6,2,0.75,wallet,temporary_failure,2,23.38,15,2,STANDARD,0,none,1
22455.42,1151,10,9,1,0.9,upi,temporary_failure,1,31.45,1,5,PREMIUM,2,active,1
2016.13,1034,7,6,1,0.8571,upi,network_error,3,39.33,7,0,STANDARD,3,none,1
3701.81,1077,11,8,3,0.7273,wallet,invalid_account,1,49.8,10,2,STANDARD,0,none,0
3007.48,961,8,7,1,0.875,card,bank_timeout,2,31.54,5,4,STANDARD,1,none,1
3183.62,762,8,6,2,0.75,upi,insufficient_funds,2,135.86,23,1,STANDARD,1,none,0
18274.13,837,12,11,1,0.9167,wallet,network_error,2,25.22,6,1,STANDARD,2,none,1
4463.63,1505,8,5,3,0.625,card,temporary_failure,3,22.58,0,0,STANDARD,2,none,1
7743.09,1768,6,5,1,0.8333,card,bank_timeout,2,18.66,17,6,STANDARD,0,none,1
7045.32,828,7,5,2,0.7143,card,bank_timeout,1,53.76,8,3,STANDARD,2,none,0
5378.83,1674,5,4,1,0.8,upi,bank_timeout,3,24.53,10,6,STANDARD,1,none,1
9232.79,636,11,10,1,0.9091,wallet,network_error,2,6.13,14,0,STANDARD,1,none,1
6928.63,1682,10,6,4,0.6,netbanking,bank_timeout,3,16.24,23,0,ENTERPRISE,1,active,1
4742.02,669,14,12,2,0.8571,upi,temporary_failure,1,11.27,11,5,STANDARD,3,none,1
3079.64,278,9,7,2,0.7778,card,bank_decline,2,15.08,19,1,STANDARD,0,none,1
4592.74,582,7,7,0,1.0,upi,insufficient_funds,3,22.78,3,6,PREMIUM,2,active,1
6286.49,1647,10,6,4,0.6,upi,bank_decline,1,40.3,10,5,STANDARD,0,none,1
2476.07,237,7,5,2,0.7143,card,bank_decline,3,33.05,14,5,STANDARD,2,none,1
4404.37,1434,7,5,2,0.7143,upi,insufficient_funds,3,19.0,23,3,STANDARD,1,none,0
2914.92,1726,8,7,1,0.875,upi,bank_timeout,3,46.15,16,6,PREMIUM,0,active,1
3142.97,570,11,8,3,0.7273,netbanking,temporary_failure,3,23.2,0,3,STANDARD,2,none,1
4479.34,218,9,8,1,0.8889,upi,bank_timeout,3,58.15,4,2,STANDARD,2,none,1
11655.17,730,13,9,4,0.6923,card,insufficient_funds,1,22.8,18,2,STANDARD,2,none,0
4957.35,485,9,9,0,1.0,card,bank_timeout,1,15.69,7,5,STANDARD,1,none,1
8405.63,700,10,8,2,0.8,card,bank_decline,1,12.18,14,4,PREMIUM,0,active,0
8012.27,279,4,3,1,0.75,upi,invalid_account,3,45.93,12,3,PREMIUM,1,active,0
12960.53,1206,6,5,1,0.8333,card,invalid_account,3,28.79,18,6,STANDARD,1,none,0
2556.32,1453,3,3,0,1.0,upi,bank_timeout,1,39.96,3,0,STANDARD,1,none,1
3207.28,1713,10,8,2,0.8,upi,invalid_account,1,91.74,16,2,STANDARD,3,none,0
7009.76,232,10,8,2,0.8,upi,insufficient_funds,3,45.48,21,3,PREMIUM,0,active,1
7425.64,1393,17,15,2,0.8824,upi,network_error,2,40.92,21,1,STANDARD,1,none,0
7644.04,621,11,10,1,0.9091,upi,bank_decline,2,63.64,16,2,PREMIUM,2,active,1
4089.57,341,11,10,1,0.9091,upi,insufficient_funds,3,19.79,11,5,STANDARD,1,none,1
23443.67,1624,7,5,2,0.7143,card,bank_timeout,1,55.32,0,4,STANDARD,0,none,1
8151.21,903,11,10,1,0.9091,card,network_error,1,23.15,15,0,PREMIUM,0,active,1
7872.74,375,15,11,4,0.7333,upi,temporary_failure,2,33.18,4,2,STANDARD,0,none,1
1443.28,225,17,13,4,0.7647,upi,network_error,3,86.5,14,3,ENTERPRISE,0,active,1
2391.46,244,7,5,2,0.7143,wallet,temporary_failure,3,26.14,5,2,STANDARD,1,none,1
1051.59,963,8,8,0,1.0,card,bank_timeout,1,49.01,18,4,STANDARD,1,none,1
2165.13,72,13,11,2,0.8462,card,bank_timeout,1,41.42,12,4,PREMIUM,1,active,1
9221.32,1361,6,6,0,1.0,card,bank_timeout,2,88.43,1,5,PREMIUM,0,active,1
1919.31,255,8,7,1,0.875,netbanking,insufficient_funds,2,17.7,16,2,STANDARD,3,none,1
5121.6,1679,10,7,3,0.7,upi,insufficient_funds,3,6.99,6,4,STANDARD,2,none,0
2339.92,1103,2,2,0,1.0,card,bank_timeout,2,11.85,8,4,ENTERPRISE,1,active,1
5258.69,763,9,6,3,0.6667,upi,bank_decline,2,38.22,5,3,PREMIUM,2,active,1
2349.54,1463,10,7,3,0.7,card,network_error,1,23.38,21,0,PREMIUM,2,active,1
5461.86,1535,8,7,1,0.875,wallet,temporary_failure,1,66.51,11,3,PREMIUM,0,active,1
1819.32,1333,10,9,1,0.9,upi,network_error,2,34.67,2,6,PREMIUM,1,active,1
2654.93,604,11,9,2,0.8182,wallet,temporary_failure,2,17.1,10,4,STANDARD,0,none,1
1341.26,1700,5,2,3,0.4,card,bank_decline,3,27.3,9,6,STANDARD,1,none,0
1505.79,669,11,9,2,0.8182,netbanking,bank_timeout,2,1.51,1,4,ENTERPRISE,0,active,1
3681.25,1051,10,9,1,0.9,card,insufficient_funds,2,39.29,7,1,PREMIUM,1,active,1
2656.36,387,13,12,1,0.9231,card,temporary_failure,2,57.46,3,1,ENTERPRISE,0,active,0
1595.71,67,11,7,4,0.6364,netbanking,network_error,3,76.71,5,1,STANDARD,2,none,0
2594.74,67,7,6,1,0.8571,card,network_error,2,14.61,4,6,PREMIUM,0,active,1
816.29,680,9,7,2,0.7778,netbanking,insufficient_funds,3,43.13,1,2,PREMIUM,1,active,0
2195.15,549,10,8,2,0.8,card,bank_timeout,3,81.0,8,1,STANDARD,4,none,1
4039.34,577,5,5,0,1.0,card,bank_timeout,3,7.1,18,3,STANDARD,2,none,0
2484.79,457,12,9,3,0.75,card,temporary_failure,3,38.29,6,4,STANDARD,0,none,1
2101.38,147,10,7,3,0.7,upi,network_error,1,71.91,10,3,STANDARD,1,none,1
2086.25,1328,11,10,1,0.9091,netbanking,network_error,3,135.83,4,1,STANDARD,3,none,0
7337.7,449,8,7,1,0.875,wallet,bank_timeout,3,55.75,17,4,STANDARD,2,none,1
1268.21,489,7,5,2,0.7143,upi,invalid_account,1,29.48,3,4,STANDARD,2,none,0
1810.6,111,6,5,1,0.8333,upi,invalid_account,2,32.63,9,3,PREMIUM,2,active,1
1971.84,958,6,6,0,1.0,upi,fraud_suspected,1,38.54,15,1,PREMIUM,2,active,1
9203.91,1549,12,10,2,0.8333,upi,invalid_account,3,93.06,19,3,PREMIUM,0,active,0
14615.63,1095,5,3,2,0.6,upi,insufficient_funds,1,35.94,0,5,STANDARD,0,none,0
8488.95,64,5,5,0,1.0,upi,bank_timeout,3,11.57,22,1,STANDARD,0,none,1
2715.76,28,7,4,3,0.5714,netbanking,temporary_failure,1,16.09,12,0,STANDARD,2,none,1
6223.12,1717,10,7,3,0.7,upi,bank_decline,3,40.6,13,0,STANDARD,3,none,0
4248.02,80,14,13,1,0.9286,netbanking,insufficient_funds,1,24.07,9,6,STANDARD,1,none,1
2999.88,1795,7,6,1,0.8571,card,bank_timeout,1,29.14,11,6,STANDARD,0,none,1
8216.91,874,12,12,0,1.0,card,fraud_suspected,2,53.3,16,3,STANDARD,0,none,0
1022.0,53,6,5,1,0.8333,upi,temporary_failure,1,32.35,10,6,STANDARD,2,none,1
7261.33,441,5,4,1,0.8,upi,insufficient_funds,3,41.29,17,0,PREMIUM,1,active,0
6571.27,619,8,7,1,0.875,card,temporary_failure,2,16.61,1,5,STANDARD,1,none,0
1980.96,152,11,8,3,0.7273,card,bank_decline,1,42.1,12,2,STANDARD,0,none,0
2199.91,1760,9,7,2,0.7778,card,insufficient_funds,1,33.39,16,4,STANDARD,2,none,0
2291.46,1788,7,4,3,0.5714,upi,bank_decline,2,51.66,11,4,STANDARD,2,none,0
8509.0,1600,11,6,5,0.5455,upi,network_error,1,69.25,11,6,STANDARD,1,none,1
4711.49,1738,7,7,0,1.0,upi,insufficient_funds,3,81.98,0,4,ENTERPRISE,0,active,0
1723.09,616,10,8,2,0.8,upi,insufficient_funds,3,24.37,3,1,STANDARD,0,none,0
6263.37,572,15,11,4,0.7333,upi,bank_decline,1,20.62,13,4,STANDARD,2,none,1
2485.5,1417,12,10,2,0.8333,netbanking,insufficient_funds,2,12.18,3,6,ENTERPRISE,0,active,0
1579.42,1039,8,5,3,0.625,netbanking,network_error,1,7.42,18,0,ENTERPRISE,3,active,1
7726.74,1202,10,5,5,0.5,card,insufficient_funds,1,28.66,15,1,STANDARD,2,none,0
5246.7,77,6,4,2,0.6667,card,invalid_account,1,76.6,20,1,PREMIUM,2,active,0
3718.31,278,9,6,3,0.6667,upi,fraud_suspected,3,36.43,13,1,STANDARD,3,none,0
15781.89,1730,12,9,3,0.75,card,bank_timeout,1,44.51,21,5,STANDARD,0,none,1
3151.59,702,8,6,2,0.75,card,bank_timeout,3,94.24,13,6,PREMIUM,0,active,0
1535.94,687,6,4,2,0.6667,card,network_error,3,58.91,19,2,PREMIUM,1,active,0
5753.77,1706,8,6,2,0.75,card,bank_decline,2,90.13,4,3,PREMIUM,1,active,0
10064.42,533,9,6,3,0.6667,wallet,bank_timeout,1,9.65,6,4,STANDARD,1,none,1
7622.27,1457,9,7,2,0.7778,card,temporary_failure,1,35.96,3,3,STANDARD,2,none,1
6056.48,1148,9,5,4,0.5556,card,bank_decline,3,22.99,13,0,STANDARD,0,none,0
1942.12,1155,10,5,5,0.5,card,invalid_account,2,3.57,10,4,STANDARD,1,none,0
1232.39,1505,11,6,5,0.5455,card,insufficient_funds,1,16.65,10,6,PREMIUM,2,active,1
3802.28,496,14,12,2,0.8571,netbanking,temporary_failure,1,16.79,19,1,PREMIUM,2,active,1
1691.51,1600,5,3,2,0.6,upi,temporary_failure,3,56.39,2,6,ENTERPRISE,1,active,0
2539.72,1149,11,8,3,0.7273,wallet,network_error,3,8.16,19,1,PREMIUM,2,active,0
3208.69,477,11,10,1,0.9091,upi,bank_timeout,1,8.61,23,6,STANDARD,0,none,1
9069.48,1314,12,10,2,0.8333,netbanking,invalid_account,3,25.22,14,5,PREMIUM,1,active,0
8355.87,129,8,8,0,1.0,upi,bank_decline,2,70.82,22,5,PREMIUM,0,active,0
1019.84,1595,9,7,2,0.7778,upi,bank_timeout,1,45.06,14,2,STANDARD,1,none,1
8568.67,1192,8,7,1,0.875,card,insufficient_funds,3,48.23,14,6,STANDARD,2,none,0
3467.37,107,8,5,3,0.625,netbanking,bank_decline,2,23.86,16,4,STANDARD,1,none,0
2380.29,603,8,7,1,0.875,card,bank_decline,1,30.26,16,5,STANDARD,0,none,0
4216.71,996,8,8,0,1.0,upi,bank_decline,2,21.88,8,6,STANDARD,1,none,0
2731.67,567,9,7,2,0.7778,upi,temporary_failure,3,15.19,17,3,STANDARD,1,none,1
2115.74,496,12,9,3,0.75,upi,bank_decline,1,79.74,8,5,STANDARD,3,none,1
5134.23,42,8,6,2,0.75,wallet,invalid_account,2,14.37,10,2,PREMIUM,0,active,1
6193.17,1500,10,8,2,0.8,upi,temporary_failure,1,29.8,0,3,STANDARD,2,none,1
7606.93,1465,8,4,4,0.5,netbanking,network_error,3,32.13,7,6,PREMIUM,1,active,1
3484.92,366,14,12,2,0.8571,upi,invalid_account,2,32.15,22,6,STANDARD,1,none,1
22395.33,1002,8,5,3,0.625,upi,bank_timeout,3,16.74,20,3,STANDARD,0,none,1
5971.59,1667,5,5,0,1.0,netbanking,bank_timeout,1,34.74,23,3,STANDARD,0,none,1
3154.67,839,10,7,3,0.7,card,insufficient_funds,3,40.85,14,4,STANDARD,1,none,0
9662.89,298,0,0,0,0.0,card,insufficient_funds,2,82.27,9,6,STANDARD,0,none,1
1653.65,1302,5,5,0,1.0,card,bank_decline,1,42.62,9,4,STANDARD,4,none,1
1561.06,892,12,10,2,0.8333,upi,temporary_failure,1,34.65,17,1,STANDARD,2,none,1
4556.29,1562,9,9,0,1.0,card,insufficient_funds,1,40.07,3,6,STANDARD,1,none,1
701.52,895,8,7,1,0.875,upi,bank_timeout,3,10.48,17,4,STANDARD,1,none,1
2784.24,1730,10,9,1,0.9,upi,bank_timeout,3,28.55,7,5,PREMIUM,2,active,1
5442.31,194,12,11,1,0.9167,card,insufficient_funds,1,23.39,15,0,STANDARD,3,none,1
10698.51,1609,9,7,2,0.7778,card,bank_decline,3,61.71,4,4,STANDARD,2,none,0
3522.96,1506,11,7,4,0.6364,upi,insufficient_funds,3,121.92,5,1,STANDARD,1,none,0
10944.33,1148,9,7,2,0.7778,card,network_error,1,15.92,7,2,PREMIUM,0,active,1
1307.28,1092,8,8,0,1.0,upi,network_error,3,50.46,10,4,PREMIUM,1,active,1
4618.8,1319,8,6,2,0.75,card,bank_decline,2,114.06,21,4,PREMIUM,0,active,1
8679.61,821,10,6,4,0.6,upi,bank_timeout,1,65.76,0,3,STANDARD,1,none,1
12733.08,804,4,3,1,0.75,upi,bank_decline,3,17.39,18,4,STANDARD,0,none,1
2536.32,243,12,6,6,0.5,card,insufficient_funds,1,83.45,18,5,PREMIUM,1,active,0
8741.25,1305,11,8,3,0.7273,upi,network_error,2,8.76,8,6,STANDARD,0,none,0
15289.05,162,13,9,4,0.6923,upi,temporary_failure,2,0.55,21,4,PREMIUM,0,active,1
2112.47,1432,4,4,0,1.0,card,insufficient_funds,3,13.03,12,4,STANDARD,1,none,1
7195.02,1058,9,8,1,0.8889,upi,insufficient_funds,1,33.2,1,5,STANDARD,1,none,0
2325.33,459,8,6,2,0.75,wallet,bank_decline,1,40.3,9,5,STANDARD,2,none,0
3499.16,844,10,10,0,1.0,upi,bank_decline,2,65.2,16,1,PREMIUM,0,active,1
12601.81,475,7,6,1,0.8571,upi,network_error,2,118.23,10,6,STANDARD,2,none,1
1608.24,1682,11,9,2,0.8182,wallet,fraud_suspected,1,41.68,1,3,STANDARD,1,none,1
4984.64,308,12,10,2,0.8333,upi,invalid_account,1,139.66,21,5,STANDARD,0,none,0
1894.73,704,10,9,1,0.9,upi,bank_timeout,2,32.88,16,4,STANDARD,1,none,1
28065.52,1664,10,7,3,0.7,netbanking,network_error,3,44.18,3,1,STANDARD,0,none,0
2983.72,1079,7,6,1,0.8571,upi,bank_timeout,3,6.58,3,2,PREMIUM,0,active,1
4259.78,1029,14,9,5,0.6429,upi,temporary_failure,1,86.77,5,0,STANDARD,0,none,1
7907.64,1427,13,11,2,0.8462,card,insufficient_funds,3,55.92,8,1,STANDARD,0,none,1
2685.02,1549,8,5,3,0.625,netbanking,invalid_account,3,41.03,20,5,STANDARD,1,none,0
2514.72,547,11,8,3,0.7273,upi,temporary_failure,2,43.74,10,1,PREMIUM,0,active,0
6021.82,1513,8,6,2,0.75,card,bank_decline,2,5.29,17,1,STANDARD,1,none,0
8758.48,99,5,5,0,1.0,netbanking,insufficient_funds,3,37.97,3,3,STANDARD,2,none,1
2309.18,1070,11,11,0,1.0,card,temporary_failure,2,15.33,20,0,STANDARD,2,none,1
3489.67,396,7,3,4,0.4286,wallet,insufficient_funds,2,57.64,2,3,STANDARD,0,none,0
4776.16,1294,10,7,3,0.7,upi,fraud_suspected,3,33.58,16,6,STANDARD,0,none,0
7612.83,127,5,3,2,0.6,upi,network_error,1,17.19,2,6,STANDARD,2,none,1
3490.0,353,11,9,2,0.8182,card,fraud_suspected,1,39.13,15,0,STANDARD,2,none,1
1910.04,1520,8,7,1,0.875,upi,insufficient_funds,2,7.11,21,3,STANDARD,1,none,1
1274.37,1021,10,9,1,0.9,upi,invalid_account,3,1.78,11,6,STANDARD,0,none,0
2088.05,548,6,3,3,0.5,upi,fraud_suspected,2,47.37,3,2,STANDARD,1,none,0
6093.11,1351,8,6,2,0.75,netbanking,network_error,3,55.43,8,1,PREMIUM,1,active,1
4043.2,589,8,6,2,0.75,card,bank_decline,3,84.19,5,4,STANDARD,2,none,1
3578.14,442,8,8,0,1.0,wallet,insufficient_funds,1,46.59,23,3,STANDARD,1,none,0
3642.17,865,9,7,2,0.7778,upi,insufficient_funds,3,45.05,2,3,PREMIUM,0,active,1
4814.38,1410,8,7,1,0.875,card,network_error,1,43.02,5,4,STANDARD,1,none,1
6444.9,756,7,5,2,0.7143,upi,insufficient_funds,2,12.66,20,5,PREMIUM,0,active,0
1692.77,815,8,6,2,0.75,upi,temporary_failure,1,28.36,9,5,ENTERPRISE,2,active,1
678.32,1236,4,4,0,1.0,netbanking,bank_decline,2,4.85,8,1,STANDARD,1,none,0
2779.79,802,8,6,2,0.75,card,invalid_account,2,56.5,23,0,PREMIUM,2,active,1
1825.38,420,13,9,4,0.6923,netbanking,network_error,2,23.82,22,2,STANDARD,0,none,1
1310.25,965,7,6,1,0.8571,wallet,bank_timeout,1,62.66,10,2,STANDARD,0,none,1
3369.32,449,10,8,2,0.8,card,network_error,1,22.66,9,2,PREMIUM,5,active,1
1431.68,600,5,4,1,0.8,netbanking,bank_timeout,1,14.83,15,3,STANDARD,3,none,1
17760.96,796,7,5,2,0.7143,upi,bank_timeout,2,31.33,8,4,STANDARD,0,none,1
2757.0,1539,11,8,3,0.7273,card,fraud_suspected,1,18.91,20,4,STANDARD,3,none,0
2702.5,950,9,6,3,0.6667,card,temporary_failure,2,85.68,20,0,STANDARD,1,none,1
21152.67,1483,5,3,2,0.6,card,insufficient_funds,2,42.1,3,6,STANDARD,0,none,0
8533.2,1700,6,5,1,0.8333,card,bank_decline,1,21.32,1,1,STANDARD,2,none,1
3972.87,876,13,12,1,0.9231,card,temporary_failure,2,48.59,1,5,PREMIUM,1,active,1
2254.97,955,8,7,1,0.875,wallet,insufficient_funds,1,26.76,2,2,STANDARD,1,none,1
3182.82,661,11,8,3,0.7273,netbanking,network_error,3,33.96,3,1,ENTERPRISE,1,active,1
10707.41,497,8,7,1,0.875,card,temporary_failure,3,25.05,1,6,STANDARD,0,none,0
2963.91,890,8,5,3,0.625,upi,bank_timeout,3,35.34,21,3,STANDARD,0,none,0
5511.47,1146,12,11,1,0.9167,upi,temporary_failure,2,31.15,4,2,PREMIUM,1,active,0
5467.38,920,9,5,4,0.5556,card,bank_decline,2,31.69,20,0,STANDARD,1,none,0
7976.69,116,12,11,1,0.9167,upi,temporary_failure,1,7.06,20,5,STANDARD,0,none,1
2733.52,1766,8,5,3,0.625,wallet,bank_decline,1,31.01,9,3,PREMIUM,0,active,0
14015.8,1704,7,4,3,0.5714,card,temporary_failure,2,29.81,7,0,STANDARD,0,none,0
2457.07,1163,15,10,5,0.6667,netbanking,bank_timeout,1,45.36,18,4,PREMIUM,3,active,1
11945.57,1236,2,2,0,1.0,upi,network_error,1,75.35,21,0,STANDARD,0,none,1
4815.09,1595,4,3,1,0.75,card,insufficient_funds,1,34.6,4,5,PREMIUM,0,active,1
4159.34,1682,9,4,5,0.4444,upi,fraud_suspected,2,11.54,16,4,STANDARD,0,none,0
4692.81,947,7,7,0,1.0,wallet,temporary_failure,3,49.3,8,1,STANDARD,0,none,1
6015.44,313,7,6,1,0.8571,upi,insufficient_funds,2,46.14,22,1,PREMIUM,0,active,1
7954.63,460,8,5,3,0.625,card,insufficient_funds,2,62.0,17,3,STANDARD,1,none,0
22136.3,1744,7,4,3,0.5714,wallet,bank_decline,2,13.67,6,3,PREMIUM,0,active,0
1357.9,1581,12,8,4,0.6667,upi,insufficient_funds,2,38.2,6,5,STANDARD,1,none,1
3544.62,1417,6,3,3,0.5,upi,bank_timeout,2,80.91,22,5,STANDARD,0,none,0
4193.86,1795,13,12,1,0.9231,upi,bank_decline,3,13.26,5,1,STANDARD,2,none,0
11343.52,483,5,4,1,0.8,card,fraud_suspected,3,33.35,13,1,PREMIUM,0,active,1
2438.86,1344,11,9,2,0.8182,card,fraud_suspected,1,23.18,20,1,STANDARD,2,none,0
3694.27,462,6,5,1,0.8333,upi,temporary_failure,2,43.58,22,3,STANDARD,1,none,1
16017.99,156,11,8,3,0.7273,wallet,invalid_account,3,45.54,11,2,STANDARD,0,none,0
3067.24,926,14,12,2,0.8571,wallet,insufficient_funds,3,34.24,12,2,ENTERPRISE,1,active,1
1642.34,498,10,8,2,0.8,upi,invalid_account,3,10.3,4,1,PREMIUM,1,active,0
20612.41,774,10,9,1,0.9,card,bank_decline,2,46.11,1,0,STANDARD,1,none,1
706.33,1748,10,8,2,0.8,card,temporary_failure,1,34.0,2,1,STANDARD,0,none,1
2515.72,480,9,8,1,0.8889,upi,bank_decline,2,4.8,13,3,STANDARD,1,none,1
7565.87,1432,9,6,3,0.6667,upi,temporary_failure,2,54.8,4,3,STANDARD,3,none,0
5214.84,115,4,4,0,1.0,upi,bank_timeout,2,68.07,18,0,STANDARD,2,none,1
3305.9,1164,12,9,3,0.75,card,temporary_failure,2,94.49,8,6,STANDARD,0,none,1
1226.66,788,8,7,1,0.875,card,bank_decline,1,33.97,18,3,STANDARD,0,none,1
4290.78,996,11,8,3,0.7273,card,bank_timeout,3,10.69,9,1,STANDARD,0,none,1
1751.74,25,4,4,0,1.0,upi,fraud_suspected,1,51.37,10,4,STANDARD,1,none,0
3461.22,1596,10,9,1,0.9,upi,bank_decline,3,30.95,8,3,PREMIUM,0,active,0
2304.83,1449,2,1,1,0.5,card,fraud_suspected,1,27.86,4,3,STANDARD,1,none,0
2892.32,759,12,8,4,0.6667,upi,fraud_suspected,2,97.32,9,5,PREMIUM,1,active,1
2708.51,1527,13,11,2,0.8462,netbanking,bank_decline,2,63.41,4,2,STANDARD,1,none,1
12368.34,631,9,9,0,1.0,card,insufficient_funds,2,71.31,20,4,PREMIUM,3,active,1
29302.55,1392,10,8,2,0.8,upi,insufficient_funds,2,12.2,12,0,STANDARD,1,none,1
2628.12,790,9,7,2,0.7778,upi,insufficient_funds,2,47.1,9,5,PREMIUM,2,active,1
12813.94,909,11,9,2,0.8182,netbanking,network_error,3,96.28,3,6,STANDARD,2,none,0
1481.22,973,13,8,5,0.6154,card,bank_decline,2,50.64,23,0,ENTERPRISE,1,active,0
9176.29,165,9,6,3,0.6667,card,network_error,3,34.58,1,1,STANDARD,2,none,0
5292.02,884,7,4,3,0.5714,upi,network_error,2,74.27,21,6,STANDARD,1,none,1
1039.54,422,9,7,2,0.7778,netbanking,insufficient_funds,1,97.7,18,1,STANDARD,0,none,0
2073.22,1506,12,11,1,0.9167,upi,insufficient_funds,1,31.53,21,0,STANDARD,0,none,0
2661.46,1312,11,6,5,0.5455,upi,bank_decline,3,11.76,5,4,STANDARD,1,none,0
4884.5,1392,8,7,1,0.875,card,bank_timeout,2,31.39,15,0,STANDARD,1,none,1
4668.98,1626,13,10,3,0.7692,upi,insufficient_funds,2,61.46,19,2,PREMIUM,1,active,0
2571.41,160,7,5,2,0.7143,netbanking,network_error,1,24.34,5,5,STANDARD,1,none,1
1499.49,796,3,2,1,0.6667,card,bank_decline,3,3.6,5,4,STANDARD,0,none,1
770.64,1349,9,6,3,0.6667,upi,insufficient_funds,2,41.52,23,6,STANDARD,1,none,0
2558.76,1196,10,9,1,0.9,card,temporary_failure,1,127.01,12,0,PREMIUM,0,active,1
3359.32,114,16,12,4,0.75,upi,bank_decline,2,3.96,15,0,STANDARD,1,none,1
14656.14,341,9,7,2,0.7778,upi,temporary_failure,2,20.63,3,2,STANDARD,0,none,0
4167.03,1133,11,10,1,0.9091,netbanking,network_error,3,19.59,18,2,PREMIUM,0,active,1
2251.18,1093,6,5,1,0.8333,upi,bank_decline,1,55.26,2,6,STANDARD,1,none,1
12315.77,201,7,3,4,0.4286,card,network_error,3,16.88,15,5,STANDARD,0,none,0
5810.77,1700,7,4,3,0.5714,card,network_error,1,24.14,3,4,STANDARD,0,none,0
3380.1,362,4,2,2,0.5,netbanking,network_error,2,14.39,18,2,STANDARD,0,none,1
891.05,1542,6,5,1,0.8333,upi,temporary_failure,3,43.68,0,6,PREMIUM,1,active,0
1984.67,1536,12,10,2,0.8333,upi,network_error,3,62.61,2,6,STANDARD,0,none,1
3920.4,1691,11,9,2,0.8182,wallet,network_error,1,10.75,2,3,STANDARD,1,none,1
2778.37,175,6,2,4,0.3333,card,invalid_account,2,15.24,0,1,STANDARD,2,none,0
5922.68,299,11,8,3,0.7273,upi,insufficient_funds,2,46.93,4,6,STANDARD,1,none,0
4792.51,797,6,6,0,1.0,netbanking,temporary_failure,2,39.27,21,3,STANDARD,1,none,1
563.12,1508,12,11,1,0.9167,upi,bank_decline,3,19.47,4,1,STANDARD,3,none,1
3182.38,1300,7,7,0,1.0,card,insufficient_funds,3,55.51,3,5,STANDARD,0,none,1
5060.57,53,14,11,3,0.7857,upi,insufficient_funds,1,28.34,5,6,PREMIUM,1,active,1
12522.14,1306,14,12,2,0.8571,netbanking,network_error,1,25.13,13,6,STANDARD,3,none,1
1062.51,939,12,9,3,0.75,wallet,insufficient_funds,3,44.97,14,1,STANDARD,1,none,0
1876.83,499,11,9,2,0.8182,upi,insufficient_funds,2,60.11,18,3,PREMIUM,0,active,0
4985.43,824,12,8,4,0.6667,upi,network_error,3,100.71,22,5,STANDARD,1,none,0
1645.75,416,11,10,1,0.9091,card,invalid_account,1,9.62,11,6,PREMIUM,0,active,0
5923.72,767,7,5,2,0.7143,card,bank_decline,3,30.28,10,6,PREMIUM,4,active,0
4349.23,368,10,7,3,0.7,upi,bank_decline,3,90.42,6,5,STANDARD,1,none,0
6784.64,1220,9,8,1,0.8889,upi,temporary_failure,1,25.82,19,2,STANDARD,1,none,1
27422.48,1747,12,8,4,0.6667,upi,bank_timeout,3,21.6,12,3,PREMIUM,3,active,1
2934.95,555,6,5,1,0.8333,upi,temporary_failure,2,63.43,17,5,STANDARD,2,none,1
2689.76,1164,12,11,1,0.9167,card,bank_timeout,2,51.13,17,0,STANDARD,0,none,0
8871.71,1218,7,6,1,0.8571,upi,bank_timeout,3,21.61,14,3,STANDARD,0,none,1
18220.56,1748,12,8,4,0.6667,upi,temporary_failure,2,87.34,0,6,PREMIUM,2,active,1
7324.02,1362,7,7,0,1.0,netbanking,insufficient_funds,1,43.84,22,1,PREMIUM,2,active,1
10007.42,160,6,3,3,0.5,upi,network_error,2,54.8,9,4,STANDARD,0,none,1
3397.94,945,15,12,3,0.8,upi,fraud_suspected,2,41.82,14,2,STANDARD,3,none,0
5631.55,1060,7,5,2,0.7143,netbanking,network_error,2,25.48,18,6,PREMIUM,1,active,1
3055.85,422,15,10,5,0.6667,netbanking,network_error,3,14.13,9,6,PREMIUM,1,active,1
1201.61,796,6,4,2,0.6667,wallet,temporary_failure,1,21.93,3,4,STANDARD,4,none,1
3707.54,1240,13,10,3,0.7692,upi,bank_decline,1,15.98,9,1,STANDARD,1,none,0
4352.04,1308,16,13,3,0.8125,netbanking,insufficient_funds,3,19.74,8,5,STANDARD,1,none,0
3218.52,174,12,10,2,0.8333,card,network_error,1,10.01,8,3,STANDARD,0,none,1
9533.72,1362,12,11,1,0.9167,upi,network_error,2,80.7,15,4,STANDARD,0,none,1
6727.53,559,9,5,4,0.5556,upi,temporary_failure,3,57.31,16,4,PREMIUM,0,active,0
5730.24,345,8,7,1,0.875,upi,temporary_failure,1,86.0,5,3,STANDARD,1,none,1
2272.5,291,8,5,3,0.625,upi,network_error,3,2.23,18,3,STANDARD,1,none,1
3923.46,100,6,5,1,0.8333,card,invalid_account,3,27.5,9,3,STANDARD,3,none,1
2573.29,716,10,9,1,0.9,upi,temporary_failure,2,18.94,6,5,STANDARD,1,none,1
3019.94,323,10,9,1,0.9,upi,temporary_failure,3,113.07,16,5,STANDARD,0,none,0
3146.62,1063,12,10,2,0.8333,upi,temporary_failure,1,51.93,20,6,PREMIUM,1,active,1
4863.32,716,4,3,1,0.75,card,insufficient_funds,1,42.96,23,1,STANDARD,1,none,1
4116.31,1080,18,16,2,0.8889,netbanking,invalid_account,2,15.79,7,5,STANDARD,3,none,1
1835.86,365,10,5,5,0.5,card,network_error,1,50.66,16,3,PREMIUM,0,active,0
3972.94,222,4,4,0,1.0,upi,bank_timeout,3,59.03,3,0,PREMIUM,3,active,1
6258.18,245,3,2,1,0.6667,netbanking,temporary_failure,1,4.55,13,3,STANDARD,2,none,1
6617.82,1238,7,4,3,0.5714,card,network_error,3,73.06,9,5,STANDARD,2,none,0
1556.5,846,11,11,0,1.0,card,bank_timeout,3,18.01,13,1,STANDARD,1,none,0
3780.05,973,13,9,4,0.6923,wallet,invalid_account,2,23.04,5,4,STANDARD,0,none,0
1074.22,964,8,5,3,0.625,upi,bank_decline,2,18.91,7,3,PREMIUM,1,active,0
2359.41,549,12,7,5,0.5833,upi,insufficient_funds,1,41.8,13,3,STANDARD,1,none,0
3727.02,836,13,9,4,0.6923,netbanking,insufficient_funds,2,36.15,15,1,STANDARD,3,none,0
6631.29,569,11,9,2,0.8182,netbanking,insufficient_funds,1,32.97,7,1,PREMIUM,0,active,1
7824.76,203,6,6,0,1.0,card,bank_timeout,2,6.36,12,1,PREMIUM,2,active,1
2009.15,1430,6,6,0,1.0,upi,bank_timeout,2,15.24,8,3,STANDARD,0,none,1
5232.32,330,8,6,2,0.75,upi,insufficient_funds,2,45.56,20,6,PREMIUM,1,active,1
2804.02,390,7,5,2,0.7143,card,temporary_failure,2,43.39,21,4,ENTERPRISE,0,active,1
4609.43,1001,10,9,1,0.9,netbanking,invalid_account,1,46.85,12,1,PREMIUM,1,active,0
2629.04,571,12,10,2,0.8333,wallet,insufficient_funds,1,6.7,12,2,STANDARD,3,none,1
1855.79,217,8,7,1,0.875,netbanking,insufficient_funds,2,36.59,20,3,STANDARD,0,none,1
9656.92,1606,13,9,4,0.6923,netbanking,bank_timeout,2,74.82,15,4,STANDARD,1,none,0
6089.33,931,8,5,3,0.625,netbanking,invalid_account,1,20.78,19,0,PREMIUM,0,active,0
7271.41,1254,9,8,1,0.8889,card,temporary_failure,3,15.77,20,1,PREMIUM,1,active,1
7790.34,1091,12,9,3,0.75,wallet,insufficient_funds,1,4.2,9,6,STANDARD,1,none,1
2778.95,1074,4,3,1,0.75,upi,network_error,3,59.58,23,1,STANDARD,0,none,1
4031.44,1056,8,7,1,0.875,upi,network_error,3,24.92,10,5,ENTERPRISE,1,active,1
2286.49,1370,9,5,4,0.5556,netbanking,bank_decline,2,54.61,13,0,STANDARD,1,none,0
7137.76,596,9,9,0,1.0,upi,bank_decline,2,4.91,7,6,ENTERPRISE,2,active,1
14500.48,1300,8,7,1,0.875,upi,insufficient_funds,2,34.58,2,1,PREMIUM,0,active,0
8666.46,651,5,4,1,0.8,card,temporary_failure,1,69.53,20,5,STANDARD,2,none,1
4980.56,576,15,14,1,0.9333,upi,bank_decline,2,34.72,18,4,PREMIUM,1,active,1
1683.88,174,6,3,3,0.5,card,network_error,2,42.71,0,3,STANDARD,2,none,1
2656.59,1162,6,6,0,1.0,upi,insufficient_funds,2,16.29,3,6,PREMIUM,0,active,1
5002.73,442,10,7,3,0.7,card,insufficient_funds,2,17.08,6,2,STANDARD,1,none,1
11368.3,1779,11,10,1,0.9091,upi,network_error,3,59.68,12,2,PREMIUM,1,active,1
4987.87,1630,8,8,0,1.0,upi,bank_timeout,3,37.31,23,4,STANDARD,0,none,0
3908.95,295,9,6,3,0.6667,netbanking,bank_timeout,2,46.48,18,6,STANDARD,0,none,1
2021.02,761,7,3,4,0.4286,upi,insufficient_funds,1,90.76,8,4,STANDARD,1,none,0
3881.9,813,9,6,3,0.6667,card,bank_decline,2,92.9,5,5,STANDARD,2,none,0
6004.49,21,8,4,4,0.5,card,insufficient_funds,3,42.59,8,3,STANDARD,1,none,0
6793.58,858,10,8,2,0.8,card,fraud_suspected,2,8.88,4,1,STANDARD,1,none,0
4149.14,256,7,5,2,0.7143,card,bank_timeout,3,36.19,18,4,PREMIUM,2,active,0
1700.69,909,6,3,3,0.5,upi,bank_decline,2,23.74,17,1,STANDARD,1,none,0
11323.18,676,11,9,2,0.8182,card,bank_timeout,1,27.45,8,3,STANDARD,0,none,1
6960.95,399,15,10,5,0.6667,upi,insufficient_funds,1,33.73,1,2,STANDARD,3,none,1
2506.44,374,12,7,5,0.5833,netbanking,network_error,3,77.85,6,3,STANDARD,0,none,0
12336.85,1646,7,5,2,0.7143,card,fraud_suspected,3,36.92,4,1,PREMIUM,0,active,0
10755.58,1644,10,6,4,0.6,card,bank_timeout,2,91.51,14,3,STANDARD,1,none,1
4908.11,717,14,11,3,0.7857,netbanking,network_error,1,11.51,20,3,STANDARD,3,none,0
2752.74,1050,8,7,1,0.875,upi,insufficient_funds,3,39.65,13,6,PREMIUM,1,active,1
2771.68,133,12,10,2,0.8333,upi,insufficient_funds,2,37.13,19,0,STANDARD,1,none,0
3785.79,1761,10,9,1,0.9,wallet,bank_decline,3,54.31,17,6,ENTERPRISE,0,active,1
719.47,1329,5,4,1,0.8,upi,temporary_failure,3,25.13,7,6,ENTERPRISE,1,active,1
5575.09,863,2,2,0,1.0,card,temporary_failure,2,24.3,16,2,STANDARD,0,none,0
4040.08,879,8,7,1,0.875,netbanking,network_error,3,12.09,10,1,STANDARD,1,none,0
2983.39,1652,6,6,0,1.0,wallet,insufficient_funds,1,78.64,23,3,STANDARD,0,none,1
2336.89,1542,10,9,1,0.9,upi,bank_timeout,1,14.25,14,4,STANDARD,0,none,1
7426.91,1670,14,13,1,0.9286,netbanking,fraud_suspected,3,55.69,2,6,STANDARD,1,none,0
1732.81,340,7,2,5,0.2857,card,invalid_account,1,31.21,21,4,ENTERPRISE,1,active,0
6757.01,1249,10,9,1,0.9,card,temporary_failure,3,9.51,20,3,STANDARD,0,none,1
3218.24,568,10,9,1,0.9,card,temporary_failure,1,22.26,12,2,STANDARD,0,none,1
7288.25,1306,15,14,1,0.9333,wallet,bank_decline,3,36.62,7,0,STANDARD,0,none,0
1886.37,1784,3,3,0,1.0,wallet,bank_decline,1,92.69,2,0,STANDARD,1,none,1
10278.6,103,9,5,4,0.5556,card,bank_decline,1,50.36,4,5,PREMIUM,0,active,0
3329.36,77,5,3,2,0.6,card,bank_decline,1,131.69,9,5,STANDARD,2,none,1
4716.23,1278,2,2,0,1.0,upi,bank_decline,2,83.84,12,0,PREMIUM,0,active,1
1346.0,1211,12,10,2,0.8333,upi,bank_timeout,2,85.48,5,6,PREMIUM,0,active,1
7806.89,1256,10,7,3,0.7,upi,network_error,3,28.62,21,3,STANDARD,0,none,1
3371.89,1573,13,11,2,0.8462,upi,invalid_account,1,11.57,16,4,STANDARD,1,none,1
2073.01,1155,8,8,0,1.0,upi,bank_decline,2,5.65,22,3,PREMIUM,0,active,1
34106.83,1104,10,9,1,0.9,upi,temporary_failure,1,61.59,17,3,STANDARD,1,none,1
16286.4,1600,11,10,1,0.9091,upi,network_error,1,21.41,13,0,PREMIUM,1,active,1
931.5,819,10,9,1,0.9,upi,temporary_failure,1,13.22,12,3,STANDARD,2,none,1
3260.66,1243,3,2,1,0.6667,upi,network_error,3,22.7,5,2,STANDARD,0,none,0
771.12,1689,11,9,2,0.8182,netbanking,bank_decline,1,86.83,21,6,STANDARD,2,none,1
2004.62,7,5,5,0,1.0,netbanking,network_error,2,84.23,6,3,PREMIUM,1,active,1
1122.57,993,10,8,2,0.8,netbanking,temporary_failure,2,22.11,2,1,STANDARD,2,none,1
3734.52,978,12,8,4,0.6667,upi,temporary_failure,1,31.24,15,4,STANDARD,2,none,1
983.13,512,8,7,1,0.875,upi,temporary_failure,1,41.72,22,6,STANDARD,2,none,1
9519.2,929,5,2,3,0.4,upi,network_error,2,10.84,18,3,STANDARD,1,none,1
2117.7,582,5,3,2,0.6,card,insufficient_funds,2,61.08,9,4,STANDARD,0,none,0
8470.6,1629,10,8,2,0.8,netbanking,temporary_failure,1,30.03,3,5,STANDARD,1,none,1
8715.82,1308,10,8,2,0.8,netbanking,bank_decline,1,59.71,23,5,STANDARD,1,none,0
29153.05,674,6,5,1,0.8333,netbanking,temporary_failure,2,24.37,2,0,PREMIUM,3,active,0
5339.91,1538,8,8,0,1.0,upi,invalid_account,2,42.33,13,6,STANDARD,2,none,1
4426.17,1434,10,7,3,0.7,upi,invalid_account,3,78.39,18,6,STANDARD,0,none,0
1447.37,124,13,13,0,1.0,netbanking,bank_timeout,3,18.04,20,4,STANDARD,2,none,1
4169.91,1130,11,8,3,0.7273,card,bank_timeout,2,48.68,4,5,STANDARD,0,none,1
2359.7,1231,6,3,3,0.5,upi,bank_timeout,1,33.12,17,6,STANDARD,0,none,1
4766.98,1332,8,4,4,0.5,wallet,bank_timeout,2,31.75,13,1,STANDARD,0,none,1
3829.3,1290,12,10,2,0.8333,upi,network_error,3,15.0,2,2,PREMIUM,0,active,1
3387.86,1049,12,12,0,1.0,netbanking,insufficient_funds,3,28.45,2,4,STANDARD,1,none,1
1107.15,739,7,4,3,0.5714,card,bank_decline,1,89.32,19,0,PREMIUM,2,active,1
10152.29,877,7,4,3,0.5714,card,temporary_failure,3,58.78,13,6,STANDARD,0,none,1
7747.17,1533,10,7,3,0.7,upi,bank_timeout,2,53.3,23,3,STANDARD,1,none,0
5289.62,1110,8,6,2,0.75,wallet,bank_decline,3,43.41,15,2,STANDARD,0,none,0
3868.76,59,6,5,1,0.8333,card,bank_timeout,1,20.43,22,0,PREMIUM,1,active,1
7444.5,1140,6,5,1,0.8333,card,bank_timeout,3,23.39,18,1,STANDARD,4,none,0
3721.59,1721,11,9,2,0.8182,netbanking,insufficient_funds,1,17.65,0,4,STANDARD,2,none,1
15679.37,297,12,11,1,0.9167,upi,bank_timeout,3,21.36,16,3,PREMIUM,2,active,1
4183.91,23,12,8,4,0.6667,upi,bank_decline,1,9.87,8,2,STANDARD,2,none,1
7744.69,145,7,6,1,0.8571,upi,bank_decline,1,60.83,13,0,STANDARD,0,none,0
3740.41,759,9,7,2,0.7778,card,network_error,3,37.84,0,3,STANDARD,1,none,0
3194.95,355,7,6,1,0.8571,card,bank_decline,3,21.8,23,0,STANDARD,0,none,0
4062.9,1214,9,7,2,0.7778,upi,network_error,3,43.47,19,1,STANDARD,1,none,1
4263.01,10,14,12,2,0.8571,upi,insufficient_funds,2,35.44,3,0,ENTERPRISE,1,active,0
1092.9,1185,6,6,0,1.0,upi,bank_decline,3,32.23,22,5,STANDARD,1,none,0
9492.86,1749,14,11,3,0.7857,wallet,invalid_account,2,124.21,8,5,PREMIUM,2,active,0
1985.92,481,7,7,0,1.0,netbanking,insufficient_funds,1,11.26,11,4,STANDARD,0,none,1
1940.87,138,13,11,2,0.8462,card,temporary_failure,3,32.42,1,1,STANDARD,0,none,1
2631.24,1522,16,13,3,0.8125,upi,insufficient_funds,2,42.12,15,4,STANDARD,3,none,0
4355.79,1487,9,6,3,0.6667,netbanking,insufficient_funds,3,82.58,23,6,STANDARD,0,none,0
3489.8,1397,11,10,1,0.9091,card,bank_decline,3,26.82,18,0,PREMIUM,1,active,1
5099.77,475,8,8,0,1.0,card,temporary_failure,3,15.07,15,4,PREMIUM,0,active,0
2664.75,960,11,8,3,0.7273,card,insufficient_funds,3,39.14,18,1,STANDARD,2,none,1
13802.33,1236,12,7,5,0.5833,card,bank_timeout,3,57.17,21,5,STANDARD,0,none,0
3030.56,1158,11,7,4,0.6364,upi,bank_decline,3,37.5,8,1,STANDARD,0,none,0
5613.04,460,10,6,4,0.6,card,network_error,2,29.99,5,4,PREMIUM,3,active,1
776.08,151,11,8,3,0.7273,upi,fraud_suspected,1,52.12,2,3,STANDARD,0,none,1
1104.49,1537,8,3,5,0.375,wallet,insufficient_funds,3,86.7,0,3,STANDARD,3,none,0
1802.73,604,14,10,4,0.7143,card,network_error,3,38.09,7,4,STANDARD,0,none,1
2245.55,702,7,6,1,0.8571,card,network_error,3,37.55,8,2,STANDARD,2,none,1
3405.86,1533,10,7,3,0.7,wallet,insufficient_funds,2,55.35,0,0,PREMIUM,2,active,1
8982.69,1411,12,9,3,0.75,card,network_error,2,109.26,4,4,PREMIUM,0,active,1
736.32,97,10,7,3,0.7,card,network_error,3,30.51,3,0,STANDARD,1,none,1
5847.06,1132,5,5,0,1.0,card,invalid_account,2,66.0,13,4,STANDARD,0,none,0
2200.38,814,8,7,1,0.875,card,network_error,1,10.14,19,0,ENTERPRISE,1,active,1
2399.89,907,10,8,2,0.8,card,temporary_failure,2,45.89,11,0,PREMIUM,2,active,1
21576.39,781,6,4,2,0.6667,upi,temporary_failure,2,16.56,17,3,STANDARD,0,none,1
3998.65,1168,11,8,3,0.7273,card,bank_decline,3,11.13,2,0,STANDARD,1,none,0
2608.6,948,8,8,0,1.0,card,insufficient_funds,1,27.38,17,3,STANDARD,0,none,1
1560.27,170,6,4,2,0.6667,upi,invalid_account,3,69.18,14,3,ENTERPRISE,1,active,0
6331.46,22,9,7,2,0.7778,upi,fraud_suspected,2,12.48,3,3,PREMIUM,1,active,0
1614.96,241,6,6,0,1.0,upi,bank_decline,2,28.22,19,0,PREMIUM,4,active,1
1123.38,788,8,5,3,0.625,upi,bank_timeout,2,34.04,22,4,STANDARD,1,none,0
1341.99,1588,6,4,2,0.6667,upi,bank_timeout,3,32.59,13,5,STANDARD,1,none,1
2231.51,427,11,9,2,0.8182,wallet,temporary_failure,1,7.52,3,4,STANDARD,0,none,1
10848.63,1437,5,5,0,1.0,netbanking,bank_decline,3,38.35,14,2,STANDARD,0,none,1
6878.48,1698,9,4,5,0.4444,upi,temporary_failure,2,9.27,12,0,STANDARD,0,none,0
1924.59,90,7,6,1,0.8571,netbanking,fraud_suspected,3,27.97,2,0,STANDARD,2,none,0
6219.81,372,7,6,1,0.8571,card,fraud_suspected,2,36.94,23,2,STANDARD,3,none,1
1272.77,1769,13,11,2,0.8462,card,insufficient_funds,1,18.73,6,6,STANDARD,1,none,1
870.06,1490,6,6,0,1.0,netbanking,insufficient_funds,1,34.68,11,1,PREMIUM,1,active,1
13572.54,174,14,13,1,0.9286,upi,network_error,1,37.3,22,2,STANDARD,0,none,1
16768.88,365,15,13,2,0.8667,card,insufficient_funds,3,35.58,18,3,STANDARD,2,none,0
2070.55,638,4,4,0,1.0,card,bank_timeout,2,22.75,18,6,STANDARD,2,none,1
1395.1,439,12,9,3,0.75,netbanking,temporary_failure,3,36.35,12,1,STANDARD,6,none,0
5080.74,1035,6,5,1,0.8333,card,bank_decline,1,17.2,20,4,STANDARD,2,none,0
5045.0,573,12,10,2,0.8333,card,temporary_failure,1,12.68,0,5,STANDARD,0,none,1
2729.47,168,6,6,0,1.0,card,temporary_failure,2,12.75,14,0,STANDARD,1,none,1
1941.38,1208,8,7,1,0.875,card,bank_timeout,2,103.21,19,5,STANDARD,0,none,1
8516.45,499,9,8,1,0.8889,card,bank_decline,3,18.95,21,2,STANDARD,1,none,1
5105.19,1623,9,8,1,0.8889,upi,fraud_suspected,2,8.57,18,4,STANDARD,0,none,0
2741.48,855,3,3,0,1.0,card,insufficient_funds,3,30.89,17,3,STANDARD,1,none,1
1732.95,874,10,9,1,0.9,card,insufficient_funds,2,36.44,3,2,PREMIUM,1,active,0
4361.9,1647,9,7,2,0.7778,card,network_error,2,18.27,1,1,STANDARD,5,none,0
1512.3,497,13,11,2,0.8462,card,temporary_failure,2,31.02,22,3,PREMIUM,0,active,1
6957.63,1224,12,11,1,0.9167,netbanking,bank_timeout,2,7.87,19,4,STANDARD,2,none,1
9559.93,1487,7,6,1,0.8571,upi,fraud_suspected,2,7.14,11,4,STANDARD,0,none,0
14530.77,1551,10,9,1,0.9,upi,network_error,2,15.01,8,5,STANDARD,1,none,1
1898.52,1777,7,7,0,1.0,card,fraud_suspected,2,76.88,13,3,STANDARD,1,none,1
2191.21,226,8,6,2,0.75,upi,bank_decline,3,19.77,13,5,STANDARD,1,none,0
4655.8,1456,8,7,1,0.875,card,temporary_failure,1,41.51,17,5,STANDARD,1,none,1
11607.01,1320,9,5,4,0.5556,card,bank_decline,3,39.9,5,3,PREMIUM,0,active,0
3464.13,867,9,7,2,0.7778,upi,bank_timeout,2,22.2,7,1,STANDARD,0,none,1
2908.1,1507,7,6,1,0.8571,card,temporary_failure,1,45.96,6,1,ENTERPRISE,2,active,1
645.08,1452,17,13,4,0.7647,card,invalid_account,3,83.89,8,2,STANDARD,0,none,0
6659.86,1291,6,3,3,0.5,upi,invalid_account,3,28.4,1,6,STANDARD,1,none,0
1336.23,131,11,10,1,0.9091,upi,invalid_account,2,30.22,4,5,STANDARD,1,none,0
3903.83,374,10,8,2,0.8,upi,bank_decline,2,43.76,6,3,STANDARD,0,none,1
2350.03,1147,5,3,2,0.6,wallet,insufficient_funds,3,51.37,1,3,STANDARD,1,none,1
9803.89,13,7,4,3,0.5714,wallet,insufficient_funds,3,49.94,13,0,STANDARD,1,none,0
2744.42,671,8,4,4,0.5,upi,bank_decline,2,85.48,13,1,STANDARD,2,none,1
4041.1,1012,11,10,1,0.9091,card,bank_timeout,1,21.81,2,4,PREMIUM,0,active,1
3761.7,239,11,6,5,0.5455,upi,insufficient_funds,3,40.09,9,5,STANDARD,0,none,0
2464.0,716,9,7,2,0.7778,upi,network_error,2,17.47,8,2,PREMIUM,1,active,0
14197.04,1036,13,9,4,0.6923,card,temporary_failure,2,28.23,22,6,ENTERPRISE,2,active,1
125000.0,459,13,12,1,0.9231,upi,insufficient_funds,1,37.7,10,3,PREMIUM,0,active,1
1704.62,1744,10,7,3,0.7,netbanking,insufficient_funds,3,19.98,12,6,PREMIUM,3,active,0
2948.16,1237,5,5,0,1.0,card,bank_timeout,3,43.76,6,0,STANDARD,2,none,1
2136.6,376,8,6,2,0.75,netbanking,invalid_account,3,55.71,14,1,STANDARD,0,none,0
4843.03,1033,3,3,0,1.0,upi,insufficient_funds,3,14.12,15,0,STANDARD,1,none,1
4596.13,1768,9,6,3,0.6667,card,temporary_failure,2,46.07,5,1,STANDARD,0,none,1
7975.28,858,7,6,1,0.8571,wallet,temporary_failure,2,16.04,10,5,STANDARD,2,none,1
1260.0,852,2,2,0,1.0,card,insufficient_funds,2,25.42,22,0,STANDARD,0,none,1
8334.13,302,6,5,1,0.8333,netbanking,bank_timeout,1,53.95,19,6,PREMIUM,2,active,1
769.15,1248,6,4,2,0.6667,netbanking,temporary_failure,2,36.99,1,4,STANDARD,1,none,1
6412.18,615,3,2,1,0.6667,card,network_error,2,31.25,23,6,ENTERPRISE,0,active,1
2104.16,424,9,7,2,0.7778,card,fraud_suspected,2,8.69,9,5,STANDARD,0,none,0
1267.23,767,8,6,2,0.75,card,temporary_failure,3,93.46,22,1,STANDARD,2,none,0
4784.57,1666,4,2,2,0.5,card,fraud_suspected,2,25.99,9,5,PREMIUM,0,active,0
2279.15,1518,13,12,1,0.9231,upi,temporary_failure,1,22.84,19,1,STANDARD,0,none,0
12664.45,1777,13,11,2,0.8462,card,insufficient_funds,1,16.5,16,0,STANDARD,2,none,1
6275.52,654,11,6,5,0.5455,card,insufficient_funds,2,72.53,10,4,STANDARD,0,none,0
2892.97,859,4,3,1,0.75,card,temporary_failure,2,52.56,16,2,STANDARD,0,none,0
2617.42,1555,15,14,1,0.9333,upi,insufficient_funds,2,56.25,16,5,STANDARD,3,none,1
3527.66,624,5,3,2,0.6,upi,insufficient_funds,2,11.25,8,0,PREMIUM,2,active,0
19216.7,1078,13,12,1,0.9231,wallet,invalid_account,2,41.28,13,2,STANDARD,1,none,1
917.55,797,8,6,2,0.75,upi,insufficient_funds,3,27.23,15,2,STANDARD,0,none,1
1310.91,1194,11,7,4,0.6364,wallet,bank_timeout,1,36.64,23,3,STANDARD,1,none,0
12611.07,579,8,8,0,1.0,netbanking,network_error,2,39.06,8,5,PREMIUM,0,active,1
1469.76,1357,12,9,3,0.75,upi,temporary_failure,3,27.34,4,3,STANDARD,2,none,0
4868.86,54,10,7,3,0.7,card,bank_timeout,2,90.36,21,5,STANDARD,2,none,0
7104.07,71,14,11,3,0.7857,upi,network_error,2,71.68,15,0,STANDARD,2,none,0
2840.2,1775,6,4,2,0.6667,upi,insufficient_funds,3,29.77,12,4,STANDARD,1,none,1
7137.96,178,7,7,0,1.0,netbanking,network_error,3,58.16,14,4,PREMIUM,4,active,1
734.69,169,14,10,4,0.7143,netbanking,temporary_failure,3,14.45,12,5,STANDARD,1,none,1
5261.59,1399,20,15,5,0.75,card,insufficient_funds,2,7.86,17,6,PREMIUM,0,active,0
17033.37,627,7,6,1,0.8571,card,insufficient_funds,3,45.71,6,4,STANDARD,1,none,1
4336.1,417,7,6,1,0.8571,card,insufficient_funds,2,13.18,2,2,STANDARD,0,none,1
7027.56,1463,12,9,3,0.75,card,temporary_failure,1,6.47,19,4,ENTERPRISE,0,active,1
30100.92,543,8,6,2,0.75,upi,insufficient_funds,1,36.01,3,1,STANDARD,1,none,1
3401.13,99,7,6,1,0.8571,card,temporary_failure,2,54.15,3,1,STANDARD,1,none,1
1333.28,289,12,9,3,0.75,wallet,insufficient_funds,2,19.0,21,4,PREMIUM,3,active,0
596.86,240,13,11,2,0.8462,upi,insufficient_funds,2,34.09,17,3,PREMIUM,0,active,0
4269.04,602,10,7,3,0.7,netbanking,insufficient_funds,3,31.08,8,5,PREMIUM,1,active,0
1437.82,1379,8,6,2,0.75,upi,network_error,2,46.04,4,2,STANDARD,1,none,0
7614.32,1720,5,4,1,0.8,upi,network_error,1,64.21,20,4,STANDARD,1,none,1
9279.7,335,11,11,0,1.0,card,temporary_failure,2,21.87,8,4,PREMIUM,1,active,1
2658.58,1236,14,8,6,0.5714,netbanking,insufficient_funds,1,17.75,5,5,PREMIUM,3,active,0
1014.06,1658,8,7,1,0.875,upi,temporary_failure,3,52.72,18,3,ENTERPRISE,0,active,0
7568.33,1186,13,13,0,1.0,card,insufficient_funds,1,45.04,1,2,STANDARD,1,none,1
2878.7,67,8,7,1,0.875,upi,temporary_failure,3,28.61,19,6,STANDARD,1,none,1
7413.6,1625,12,7,5,0.5833,upi,invalid_account,3,44.42,9,5,ENTERPRISE,1,active,0
3996.73,1349,12,11,1,0.9167,card,temporary_failure,1,28.0,4,2,STANDARD,1,none,1
5136.87,144,12,11,1,0.9167,wallet,temporary_failure,2,15.47,3,0,PREMIUM,4,active,1
5794.51,128,13,11,2,0.8462,upi,temporary_failure,2,152.22,7,2,STANDARD,2,none,0
3327.53,157,10,6,4,0.6,upi,insufficient_funds,1,15.81,23,1,PREMIUM,0,active,1
6468.63,209,12,10,2,0.8333,netbanking,temporary_failure,1,51.67,6,6,STANDARD,0,none,1
14474.0,1786,8,6,2,0.75,upi,bank_decline,2,20.55,7,6,STANDARD,1,none,0
1316.37,111,12,8,4,0.6667,upi,bank_timeout,3,24.68,9,0,STANDARD,0,none,0
1459.65,1720,7,5,2,0.7143,card,insufficient_funds,3,22.29,10,4,PREMIUM,1,active,0
3372.51,171,11,9,2,0.8182,upi,temporary_failure,3,16.95,20,3,STANDARD,0,none,1
1550.36,350,9,7,2,0.7778,card,fraud_suspected,2,13.78,17,6,STANDARD,0,none,0
946.55,850,8,7,1,0.875,upi,bank_decline,3,48.92,2,3,STANDARD,0,none,0
8525.68,1573,2,2,0,1.0,upi,temporary_failure,3,26.65,6,5,STANDARD,4,none,1
5871.59,1313,4,0,4,0.0,upi,network_error,2,57.61,15,6,STANDARD,1,none,0
2054.16,1522,8,6,2,0.75,netbanking,temporary_failure,2,33.96,2,5,PREMIUM,0,active,1
12237.55,481,7,6,1,0.8571,upi,insufficient_funds,2,35.88,20,0,STANDARD,1,none,0
26616.59,1490,8,6,2,0.75,netbanking,temporary_failure,3,58.43,11,4,STANDARD,0,none,0
6599.54,1423,5,5,0,1.0,upi,temporary_failure,2,28.09,7,1,STANDARD,1,none,1
12054.66,75,12,8,4,0.6667,upi,bank_timeout,2,15.84,14,1,ENTERPRISE,0,active,0
4154.44,1443,4,4,0,1.0,wallet,temporary_failure,3,61.15,16,1,PREMIUM,2,active,0
4541.12,953,9,8,1,0.8889,card,insufficient_funds,2,16.19,2,6,PREMIUM,1,active,0
1655.51,548,9,4,5,0.4444,upi,bank_timeout,3,20.49,23,6,STANDARD,0,none,0
3523.27,1674,9,7,2,0.7778,upi,bank_timeout,1,29.47,10,2,STANDARD,1,none,1
6464.18,1713,11,9,2,0.8182,upi,bank_decline,2,76.06,6,1,PREMIUM,3,active,0
3800.94,1073,5,4,1,0.8,wallet,network_error,3,16.67,8,1,STANDARD,0,none,1
5257.83,82,7,3,4,0.4286,upi,insufficient_funds,1,27.17,20,1,STANDARD,0,none,1
11413.56,903,10,9,1,0.9,netbanking,network_error,2,15.22,10,5,STANDARD,1,none,0
7657.16,208,9,6,3,0.6667,upi,bank_timeout,3,8.26,1,0,PREMIUM,0,active,1
9401.3,1314,7,7,0,1.0,card,insufficient_funds,3,218.81,7,5,PREMIUM,0,active,0
5655.29,74,10,8,2,0.8,upi,insufficient_funds,1,48.97,9,1,STANDARD,2,none,1
2194.12,396,7,6,1,0.8571,card,insufficient_funds,1,29.72,1,2,STANDARD,1,none,1
1090.32,642,6,5,1,0.8333,card,bank_decline,3,59.08,17,3,PREMIUM,1,active,1
2106.96,1255,11,5,6,0.4545,card,insufficient_funds,2,66.54,11,1,STANDARD,1,none,1
2717.0,865,9,7,2,0.7778,card,insufficient_funds,3,30.52,1,4,STANDARD,4,none,1
2660.0,410,6,4,2,0.6667,upi,insufficient_funds,2,44.05,2,0,STANDARD,1,none,1
5231.39,108,6,4,2,0.6667,netbanking,insufficient_funds,1,89.87,16,6,STANDARD,0,none,0
25386.57,1084,4,2,2,0.5,netbanking,invalid_account,3,35.11,6,4,STANDARD,2,none,1
9425.57,725,15,12,3,0.8,upi,invalid_account,3,26.71,7,3,PREMIUM,3,active,0
3970.61,762,9,7,2,0.7778,upi,bank_decline,1,31.61,3,2,STANDARD,1,none,1
1966.04,1056,13,10,3,0.7692,upi,invalid_account,3,68.99,1,6,STANDARD,1,none,0
4815.91,1137,4,2,2,0.5,upi,temporary_failure,2,14.11,0,3,PREMIUM,1,active,1
11357.64,624,16,13,3,0.8125,card,temporary_failure,3,16.78,23,1,STANDARD,2,none,0
21095.95,507,6,6,0,1.0,wallet,network_error,2,27.25,3,6,STANDARD,1,none,1
1687.13,1094,7,4,3,0.5714,upi,bank_decline,3,75.6,11,6,STANDARD,1,none,0
13238.94,1262,9,7,2,0.7778,upi,bank_decline,3,19.7,22,6,STANDARD,0,none,0
3143.28,642,14,10,4,0.7143,card,network_error,1,72.18,3,1,PREMIUM,2,active,1
3138.47,926,8,4,4,0.5,netbanking,bank_timeout,1,15.23,0,4,PREMIUM,1,active,1
3459.74,1794,8,5,3,0.625,netbanking,network_error,3,56.92,15,6,STANDARD,0,none,1
7403.59,1145,12,11,1,0.9167,card,insufficient_funds,3,13.15,22,0,STANDARD,0,none,1
3358.79,179,12,6,6,0.5,upi,temporary_failure,3,19.09,11,6,STANDARD,2,none,0
8089.1,1334,10,7,3,0.7,card,network_error,2,21.1,8,2,STANDARD,2,none,1
5819.05,737,8,5,3,0.625,netbanking,invalid_account,2,43.68,6,4,STANDARD,1,none,0
5301.83,835,5,5,0,1.0,upi,bank_timeout,3,79.09,3,0,STANDARD,1,none,1
4748.45,167,9,6,3,0.6667,netbanking,bank_timeout,1,12.77,22,2,STANDARD,2,none,1
3739.54,151,14,9,5,0.6429,upi,insufficient_funds,1,70.24,4,2,STANDARD,1,none,0
2539.47,365,11,10,1,0.9091,upi,invalid_account,3,54.09,1,2,ENTERPRISE,0,active,0
15719.37,1164,6,5,1,0.8333,wallet,invalid_account,3,18.93,5,1,STANDARD,1,none,0
2723.01,164,8,5,3,0.625,netbanking,network_error,2,28.31,18,4,STANDARD,0,none,1
8506.2,1013,10,8,2,0.8,upi,temporary_failure,2,22.76,10,4,STANDARD,1,none,1
14994.29,985,9,9,0,1.0,netbanking,bank_decline,2,39.36,12,5,PREMIUM,5,active,1
4598.14,1499,7,6,1,0.8571,upi,network_error,2,52.1,4,2,STANDARD,2,none,1
5243.48,366,10,10,0,1.0,netbanking,temporary_failure,1,17.61,14,0,STANDARD,1,none,1
1548.34,1028,8,8,0,1.0,upi,invalid_account,3,8.65,11,5,STANDARD,1,none,1
1249.39,1036,7,4,3,0.5714,netbanking,bank_decline,1,13.97,6,2,ENTERPRISE,1,active,1
1069.46,1394,11,11,0,1.0,upi,temporary_failure,1,29.37,5,5,STANDARD,1,none,1
4562.6,486,10,9,1,0.9,netbanking,bank_decline,1,9.61,22,0,STANDARD,0,none,0
1946.11,940,8,7,1,0.875,upi,insufficient_funds,2,26.94,19,5,STANDARD,1,none,0
2386.14,527,11,10,1,0.9091,card,temporary_failure,1,6.66,12,2,STANDARD,2,none,1
4713.34,710,10,9,1,0.9,netbanking,bank_timeout,3,26.76,22,3,PREMIUM,1,active,0
5417.84,813,7,7,0,1.0,card,insufficient_funds,3,88.64,4,3,PREMIUM,0,active,0
2534.39,1308,12,10,2,0.8333,netbanking,network_error,3,35.29,22,1,STANDARD,1,none,1
5364.47,171,7,5,2,0.7143,wallet,insufficient_funds,3,37.58,9,2,STANDARD,2,none,0
1582.19,1531,9,7,2,0.7778,upi,bank_decline,3,45.36,13,2,ENTERPRISE,1,active,1
1225.72,1082,9,6,3,0.6667,netbanking,bank_timeout,3,28.9,16,1,ENTERPRISE,0,active,1
3128.26,1755,6,5,1,0.8333,upi,bank_timeout,3,64.75,16,2,STANDARD,0,none,1
14631.7,206,6,4,2,0.6667,card,bank_decline,1,55.34,14,3,PREMIUM,0,active,1
1840.35,39,6,5,1,0.8333,netbanking,bank_decline,1,59.01,2,1,PREMIUM,1,active,1
9405.87,70,11,9,2,0.8182,card,temporary_failure,3,15.34,20,2,STANDARD,0,none,0
3017.1,1669,10,6,4,0.6,upi,bank_timeout,1,17.63,12,4,STANDARD,0,none,0
6842.2,1711,14,10,4,0.7143,upi,bank_timeout,1,77.23,10,1,STANDARD,0,none,0
16147.03,268,8,4,4,0.5,upi,bank_decline,3,105.16,3,2,PREMIUM,1,active,0
1182.22,237,8,7,1,0.875,upi,fraud_suspected,3,29.77,16,1,STANDARD,2,none,0
2746.57,1442,8,6,2,0.75,card,bank_timeout,3,64.58,17,0,STANDARD,3,none,1
5218.45,1516,14,13,1,0.9286,netbanking,temporary_failure,2,14.39,18,1,STANDARD,0,none,1
8640.47,1465,10,5,5,0.5,upi,bank_timeout,1,41.67,19,3,STANDARD,3,none,0
3868.68,389,9,8,1,0.8889,wallet,insufficient_funds,2,12.7,13,6,PREMIUM,0,active,1
6600.64,969,12,10,2,0.8333,upi,insufficient_funds,3,74.93,7,0,STANDARD,1,none,0
4310.07,205,5,5,0,1.0,card,insufficient_funds,3,46.36,9,3,STANDARD,0,none,0
7609.43,1303,10,9,1,0.9,card,bank_decline,1,35.41,23,2,STANDARD,2,none,1
4748.73,912,7,7,0,1.0,netbanking,insufficient_funds,1,34.55,9,5,STANDARD,0,none,1
1146.03,945,11,10,1,0.9091,upi,bank_decline,1,69.95,18,3,PREMIUM,0,active,0
6745.11,1147,7,6,1,0.8571,card,temporary_failure,2,25.04,5,5,STANDARD,0,none,1
13229.75,1730,9,8,1,0.8889,upi,temporary_failure,3,32.83,8,5,STANDARD,1,none,1
4077.02,983,4,4,0,1.0,card,bank_timeout,3,25.36,11,3,ENTERPRISE,1,active,1
6325.17,293,12,9,3,0.75,card,invalid_account,3,23.38,20,5,STANDARD,0,none,0
22553.73,290,9,5,4,0.5556,upi,fraud_suspected,1,20.73,10,4,STANDARD,1,none,0
3479.87,1005,8,5,3,0.625,upi,insufficient_funds,3,17.98,5,4,STANDARD,2,none,0
4823.53,1738,8,6,2,0.75,card,bank_decline,1,77.7,14,2,STANDARD,1,none,0
5917.0,358,5,3,2,0.6,card,bank_timeout,1,47.39,20,0,STANDARD,1,none,0
1093.29,1272,4,3,1,0.75,card,bank_decline,1,18.08,19,4,PREMIUM,3,active,0
2487.55,533,4,3,1,0.75,card,bank_decline,2,32.75,18,2,STANDARD,0,none,0
7028.82,1133,10,9,1,0.9,card,bank_timeout,2,45.85,2,0,STANDARD,1,none,1
1049.1,667,6,6,0,1.0,wallet,network_error,2,102.94,16,3,PREMIUM,3,active,0
3607.32,796,6,6,0,1.0,upi,bank_decline,2,52.62,17,4,PREMIUM,1,active,1
9721.78,119,10,10,0,1.0,card,temporary_failure,2,41.35,11,4,STANDARD,0,none,1
2695.66,161,6,5,1,0.8333,wallet,insufficient_funds,2,12.38,4,0,STANDARD,1,none,1
1312.4,366,4,3,1,0.75,upi,bank_decline,2,57.42,19,6,STANDARD,0,none,1
2340.27,546,5,4,1,0.8,card,fraud_suspected,1,57.19,16,5,STANDARD,2,none,0
4029.65,851,7,4,3,0.5714,netbanking,insufficient_funds,3,19.83,18,0,STANDARD,1,none,0
11034.19,481,13,10,3,0.7692,upi,network_error,1,39.09,17,6,PREMIUM,2,active,0
3968.65,286,12,6,6,0.5,upi,invalid_account,3,22.07,5,0,PREMIUM,0,active,0
1243.31,919,6,4,2,0.6667,card,insufficient_funds,3,74.12,20,1,STANDARD,3,none,0
2096.35,241,13,10,3,0.7692,netbanking,invalid_account,2,66.22,13,1,STANDARD,0,none,1
2760.87,860,9,4,5,0.4444,card,temporary_failure,2,56.87,22,0,STANDARD,1,none,0
7995.68,167,9,9,0,1.0,upi,insufficient_funds,2,3.02,13,3,STANDARD,0,none,0
3128.38,776,11,9,2,0.8182,card,insufficient_funds,1,39.98,11,5,STANDARD,0,none,1
1980.61,1223,6,4,2,0.6667,upi,temporary_failure,3,24.05,21,0,STANDARD,2,none,1
4166.1,188,4,4,0,1.0,upi,invalid_account,1,28.78,16,1,STANDARD,0,none,0
5970.35,1569,3,3,0,1.0,upi,network_error,3,29.32,21,5,ENTERPRISE,2,active,1
2213.95,1635,6,4,2,0.6667,wallet,temporary_failure,2,41.04,17,1,STANDARD,0,none,1
6911.85,506,7,6,1,0.8571,netbanking,invalid_account,3,76.25,4,1,STANDARD,1,none,1
11857.64,163,10,8,2,0.8,upi,bank_decline,1,47.06,3,1,STANDARD,0,none,0
2347.66,1344,12,11,1,0.9167,upi,temporary_failure,1,143.82,21,6,PREMIUM,2,active,1
8058.35,393,15,12,3,0.8,upi,insufficient_funds,3,46.31,18,5,PREMIUM,1,active,1
3559.88,1028,5,3,2,0.6,card,network_error,2,13.02,17,3,PREMIUM,1,active,1
3240.73,207,10,7,3,0.7,upi,network_error,2,15.34,19,0,STANDARD,1,none,1
4080.14,1697,10,6,4,0.6,upi,bank_timeout,3,6.68,16,2,PREMIUM,5,active,1
7894.47,915,3,2,1,0.6667,netbanking,insufficient_funds,1,66.36,16,5,STANDARD,1,none,0
1776.86,762,4,4,0,1.0,upi,bank_decline,1,27.0,22,1,STANDARD,1,none,1
2664.0,697,11,6,5,0.5455,netbanking,invalid_account,2,30.7,17,1,STANDARD,3,none,1
5012.12,1139,14,9,5,0.6429,upi,invalid_account,3,23.85,15,1,PREMIUM,1,active,0
5176.2,1591,10,9,1,0.9,netbanking,invalid_account,1,217.59,20,4,STANDARD,1,none,0
17857.51,1561,5,5,0,1.0,upi,invalid_account,1,7.59,4,6,PREMIUM,2,active,1
8985.62,192,9,8,1,0.8889,card,network_error,2,12.94,8,3,STANDARD,2,none,1
6799.99,1296,14,14,0,1.0,netbanking,bank_timeout,3,59.36,8,0,PREMIUM,1,active,0
34897.17,901,15,14,1,0.9333,upi,temporary_failure,2,14.86,15,5,STANDARD,2,none,1
804.62,144,5,2,3,0.4,upi,insufficient_funds,2,28.29,8,0,STANDARD,0,none,0
4282.99,1482,6,4,2,0.6667,card,bank_timeout,1,62.82,10,4,STANDARD,1,none,1
2937.89,800,11,9,2,0.8182,upi,fraud_suspected,2,40.89,21,1,STANDARD,0,none,0
871.66,1007,12,9,3,0.75,upi,temporary_failure,1,136.73,15,3,STANDARD,2,none,1
6789.86,15,7,6,1,0.8571,upi,insufficient_funds,1,40.27,12,5,STANDARD,1,none,1
1658.02,257,7,6,1,0.8571,netbanking,bank_decline,2,56.85,7,1,PREMIUM,0,active,1
1331.19,1713,10,9,1,0.9,netbanking,insufficient_funds,2,44.61,3,2,STANDARD,1,none,1
6395.2,1189,4,2,2,0.5,upi,invalid_account,2,107.94,15,4,PREMIUM,1,active,0
2269.09,172,9,9,0,1.0,wallet,fraud_suspected,1,12.12,4,5,STANDARD,0,none,1
10022.44,1356,8,7,1,0.875,upi,bank_decline,3,7.37,2,3,STANDARD,0,none,1
2798.97,1384,8,8,0,1.0,upi,bank_timeout,2,18.47,11,6,STANDARD,0,none,1
4971.33,133,8,7,1,0.875,netbanking,temporary_failure,3,39.85,13,6,STANDARD,2,none,1
15174.04,610,10,7,3,0.7,card,network_error,1,46.9,1,0,STANDARD,0,none,1
13255.46,1329,11,10,1,0.9091,upi,temporary_failure,1,8.86,18,0,PREMIUM,2,active,1
3240.26,1731,8,4,4,0.5,upi,temporary_failure,3,32.54,17,2,STANDARD,1,none,0
2140.94,652,7,5,2,0.7143,netbanking,insufficient_funds,3,57.6,13,0,STANDARD,0,none,1
4392.3,1376,9,5,4,0.5556,upi,invalid_account,2,11.42,0,5,STANDARD,5,none,0
4640.15,434,6,6,0,1.0,netbanking,network_error,3,146.76,8,3,STANDARD,3,none,1
2564.66,1792,12,11,1,0.9167,upi,insufficient_funds,1,9.49,21,0,STANDARD,1,none,1
11921.73,198,6,5,1,0.8333,upi,fraud_suspected,1,35.37,8,6,PREMIUM,2,active,0
1635.54,1331,5,4,1,0.8,card,bank_decline,3,11.36,12,6,ENTERPRISE,1,active,1
3347.61,668,10,9,1,0.9,card,invalid_account,3,102.76,16,1,STANDARD,0,none,0
3285.43,832,6,4,2,0.6667,card,temporary_failure,3,32.31,5,2,STANDARD,3,none,1
2018.03,1378,14,11,3,0.7857,card,insufficient_funds,1,88.74,15,0,STANDARD,0,none,1
2164.35,1426,8,6,2,0.75,card,bank_timeout,2,45.8,9,0,PREMIUM,0,active,1
2085.42,537,11,10,1,0.9091,upi,temporary_failure,1,56.55,20,5,STANDARD,0,none,1
6157.14,1034,9,8,1,0.8889,upi,bank_decline,1,58.03,1,3,ENTERPRISE,2,active,1
5303.02,227,11,10,1,0.9091,netbanking,network_error,1,67.96,22,4,STANDARD,0,none,1
1625.51,913,14,11,3,0.7857,card,insufficient_funds,3,19.45,22,1,STANDARD,2,none,0
778.16,419,7,6,1,0.8571,upi,bank_timeout,3,70.92,22,6,STANDARD,0,none,1
4455.98,981,7,7,0,1.0,upi,temporary_failure,3,25.88,5,1,STANDARD,1,none,1
6773.4,1737,13,11,2,0.8462,card,insufficient_funds,3,21.68,1,5,STANDARD,0,none,0
5404.58,631,9,7,2,0.7778,card,bank_decline,2,37.14,15,1,STANDARD,3,none,1
1315.41,691,7,4,3,0.5714,wallet,network_error,3,17.82,10,2,STANDARD,1,none,1
13095.53,1426,11,11,0,1.0,upi,insufficient_funds,2,45.35,18,1,STANDARD,1,none,1
3361.76,1733,9,5,4,0.5556,upi,insufficient_funds,1,51.83,10,1,PREMIUM,0,active,1
4551.6,774,6,4,2,0.6667,card,insufficient_funds,3,73.01,14,6,STANDARD,1,none,0
2968.28,1683,11,9,2,0.8182,wallet,bank_decline,3,32.67,9,3,STANDARD,2,none,0
4129.11,1201,15,13,2,0.8667,netbanking,bank_decline,1,36.36,22,3,PREMIUM,0,active,0
2000.13,1429,8,4,4,0.5,netbanking,temporary_failure,2,62.0,19,1,STANDARD,0,none,1
1470.28,449,9,9,0,1.0,netbanking,network_error,3,36.38,20,1,STANDARD,2,none,1
16524.29,265,11,8,3,0.7273,upi,bank_decline,2,11.02,15,2,PREMIUM,1,active,0
1939.59,1430,10,7,3,0.7,upi,network_error,3,25.23,9,2,ENTERPRISE,2,active,1
10966.26,1588,11,10,1,0.9091,upi,bank_decline,1,39.0,17,1,STANDARD,0,none,1
2759.49,823,9,5,4,0.5556,card,insufficient_funds,1,61.89,20,5,STANDARD,2,none,0
30561.7,181,9,6,3,0.6667,upi,temporary_failure,2,62.67,18,3,PREMIUM,2,active,1
9402.0,802,11,6,5,0.5455,card,temporary_failure,2,23.89,11,4,STANDARD,0,none,0
4352.19,194,15,14,1,0.9333,card,temporary_failure,2,57.56,16,2,ENTERPRISE,0,active,1
2384.63,1497,12,10,2,0.8333,upi,bank_timeout,3,27.12,23,6,STANDARD,0,none,1
2692.56,585,18,12,6,0.6667,card,bank_timeout,3,20.4,11,5,PREMIUM,0,active,0
9489.0,1458,11,11,0,1.0,netbanking,bank_decline,1,17.96,22,0,PREMIUM,1,active,1
2008.06,595,9,6,3,0.6667,card,invalid_account,2,44.91,18,1,STANDARD,1,none,0
20616.91,1567,7,7,0,1.0,card,fraud_suspected,2,51.28,3,3,PREMIUM,2,active,0
2647.8,634,7,5,2,0.7143,netbanking,insufficient_funds,2,67.92,2,0,STANDARD,1,none,0
19264.69,47,5,3,2,0.6,upi,bank_decline,2,55.79,11,4,STANDARD,2,none,1
3625.3,482,10,7,3,0.7,netbanking,bank_decline,1,12.34,6,2,STANDARD,0,none,1
4490.08,144,7,6,1,0.8571,netbanking,network_error,2,79.5,1,3,PREMIUM,0,active,1
7609.92,687,8,5,3,0.625,upi,bank_timeout,3,48.47,1,3,STANDARD,2,none,0
5091.42,1024,5,4,1,0.8,netbanking,bank_decline,2,113.27,13,5,STANDARD,0,none,0
2420.81,682,10,9,1,0.9,upi,network_error,1,72.55,14,1,ENTERPRISE,1,active,0
2002.01,101,10,8,2,0.8,netbanking,temporary_failure,1,18.39,12,3,STANDARD,2,none,0
2693.5,504,7,6,1,0.8571,upi,temporary_failure,3,55.36,17,2,STANDARD,1,none,1
1370.68,1179,10,7,3,0.7,card,insufficient_funds,3,15.83,20,2,PREMIUM,2,active,0
2423.84,9,8,5,3,0.625,upi,insufficient_funds,3,37.58,10,4,STANDARD,0,none,0
4537.66,1472,5,4,1,0.8,card,temporary_failure,3,8.95,17,3,STANDARD,0,none,1
1142.56,1183,5,4,1,0.8,wallet,bank_timeout,3,25.44,9,4,STANDARD,1,none,1
1651.83,800,7,6,1,0.8571,card,bank_decline,1,49.37,22,1,STANDARD,0,none,1
3453.2,832,4,4,0,1.0,card,bank_decline,3,15.9,5,3,PREMIUM,0,active,1
1316.22,249,14,10,4,0.7143,card,bank_timeout,3,15.4,1,1,STANDARD,1,none,1
677.1,371,10,9,1,0.9,card,bank_decline,3,58.51,3,4,STANDARD,2,none,0
1416.53,1187,5,4,1,0.8,card,bank_decline,1,25.11,12,4,PREMIUM,0,active,1
1659.55,362,9,6,3,0.6667,netbanking,invalid_account,1,21.67,15,3,PREMIUM,1,active,0
20334.26,790,6,4,2,0.6667,upi,insufficient_funds,1,11.82,17,3,PREMIUM,5,active,0
5730.55,85,8,5,3,0.625,wallet,bank_timeout,3,54.69,5,2,STANDARD,0,none,1
3626.87,952,8,7,1,0.875,card,network_error,2,16.76,5,4,STANDARD,1,none,1
3127.18,618,11,6,5,0.5455,card,invalid_account,1,27.37,7,6,STANDARD,2,none,0
1758.02,1589,11,8,3,0.7273,netbanking,insufficient_funds,1,78.69,4,5,STANDARD,1,none,0
2853.0,1409,11,9,2,0.8182,upi,bank_decline,3,40.36,7,3,STANDARD,1,none,0
4493.99,701,10,6,4,0.6,wallet,temporary_failure,2,61.94,7,1,STANDARD,4,none,0
7288.27,1795,7,5,2,0.7143,netbanking,insufficient_funds,2,82.96,3,2,PREMIUM,0,active,1
2014.03,1666,7,6,1,0.8571,upi,temporary_failure,3,16.65,1,3,PREMIUM,3,active,1
3631.51,1700,7,5,2,0.7143,upi,insufficient_funds,1,17.42,2,4,STANDARD,0,none,1
7630.49,1282,5,3,2,0.6,upi,temporary_failure,3,17.62,16,1,STANDARD,0,none,1
2665.35,1107,4,3,1,0.75,netbanking,insufficient_funds,2,56.7,1,5,STANDARD,3,none,1
1784.17,558,9,5,4,0.5556,card,bank_timeout,1,60.96,6,3,STANDARD,0,none,0
5950.96,993,7,4,3,0.5714,upi,insufficient_funds,1,14.78,13,2,STANDARD,0,none,1
6131.11,1423,11,10,1,0.9091,wallet,temporary_failure,2,3.97,0,6,PREMIUM,0,active,1
2455.91,1620,9,5,4,0.5556,card,bank_decline,2,5.53,13,4,STANDARD,0,none,1
1467.61,269,15,11,4,0.7333,upi,invalid_account,2,88.06,16,2,STANDARD,0,none,0
1140.5,310,10,10,0,1.0,card,insufficient_funds,1,48.35,17,5,STANDARD,1,none,1
3169.89,292,9,7,2,0.7778,wallet,insufficient_funds,3,96.2,14,5,STANDARD,0,none,1
2519.52,724,12,9,3,0.75,upi,insufficient_funds,2,5.81,12,0,ENTERPRISE,1,active,0
8886.25,663,7,5,2,0.7143,netbanking,insufficient_funds,3,13.81,4,1,STANDARD,3,none,0
3157.43,710,8,6,2,0.75,card,fraud_suspected,3,50.34,18,1,STANDARD,1,none,0
21924.81,87,8,7,1,0.875,upi,insufficient_funds,3,85.74,21,2,PREMIUM,0,active,0
6668.25,1653,8,6,2,0.75,card,temporary_failure,3,29.36,5,0,STANDARD,2,none,0
2269.76,909,4,3,1,0.75,card,temporary_failure,3,23.03,4,1,STANDARD,0,none,1
4151.66,612,12,9,3,0.75,netbanking,temporary_failure,3,44.67,6,1,STANDARD,2,none,1
12665.24,807,8,5,3,0.625,card,temporary_failure,3,26.49,22,1,STANDARD,1,none,1
9242.51,853,12,10,2,0.8333,netbanking,bank_decline,2,28.55,21,3,STANDARD,0,none,0
2713.61,1028,12,10,2,0.8333,card,bank_timeout,3,3.31,0,2,STANDARD,1,none,1
1277.58,802,10,8,2,0.8,upi,network_error,3,34.64,12,3,STANDARD,2,none,1
3635.65,905,11,10,1,0.9091,card,insufficient_funds,3,32.29,11,3,ENTERPRISE,1,active,0
35147.08,751,7,6,1,0.8571,card,invalid_account,2,64.09,21,0,PREMIUM,0,active,0
4551.28,128,5,3,2,0.6,upi,temporary_failure,1,82.49,18,3,STANDARD,1,none,0
10110.92,149,11,9,2,0.8182,upi,temporary_failure,2,36.73,19,5,STANDARD,2,none,1
2930.35,439,10,6,4,0.6,upi,temporary_failure,1,10.38,17,4,STANDARD,2,none,1
3830.22,1696,11,8,3,0.7273,netbanking,temporary_failure,2,66.27,6,0,STANDARD,0,none,0
5194.15,350,6,4,2,0.6667,netbanking,temporary_failure,1,14.33,19,1,STANDARD,1,none,1
2119.93,108,11,10,1,0.9091,card,network_error,1,87.34,12,0,PREMIUM,1,active,1
6281.79,1203,4,4,0,1.0,netbanking,insufficient_funds,1,14.14,17,5,PREMIUM,1,active,0
2350.66,785,5,4,1,0.8,netbanking,network_error,3,18.26,16,0,STANDARD,1,none,1
9433.74,1606,10,8,2,0.8,card,fraud_suspected,2,60.71,17,4,STANDARD,2,none,0
9258.79,314,16,12,4,0.75,netbanking,temporary_failure,1,22.31,16,6,ENTERPRISE,1,active,1
12736.35,16,8,5,3,0.625,card,bank_decline,2,32.39,12,0,PREMIUM,1,active,1
3013.64,168,14,10,4,0.7143,card,insufficient_funds,3,49.99,10,5,STANDARD,0,none,0
9982.29,414,9,7,2,0.7778,upi,temporary_failure,1,67.57,18,4,STANDARD,2,none,1
2478.96,1661,6,4,2,0.6667,upi,temporary_failure,1,30.89,3,2,PREMIUM,1,active,1
9582.98,1004,6,5,1,0.8333,upi,bank_timeout,3,41.84,16,3,STANDARD,1,none,0
5534.48,459,10,7,3,0.7,card,bank_decline,3,33.67,1,0,STANDARD,2,none,0
4247.6,1609,6,6,0,1.0,upi,invalid_account,3,64.75,6,4,STANDARD,2,none,0
9981.47,53,10,8,2,0.8,upi,temporary_failure,2,11.61,17,3,ENTERPRISE,0,active,1
1887.09,30,5,4,1,0.8,upi,insufficient_funds,1,46.62,13,2,PREMIUM,3,active,1
4152.11,1226,4,4,0,1.0,card,bank_timeout,2,30.49,12,0,STANDARD,1,none,1
7446.52,698,13,11,2,0.8462,wallet,invalid_account,2,25.71,3,4,PREMIUM,0,active,0
1026.15,1669,9,8,1,0.8889,upi,insufficient_funds,3,23.78,17,3,STANDARD,1,none,1
2374.07,1366,9,6,3,0.6667,upi,insufficient_funds,1,24.21,12,3,STANDARD,2,none,1
2781.18,513,10,7,3,0.7,card,invalid_account,2,25.36,2,0,STANDARD,0,none,0
1484.4,737,9,6,3,0.6667,upi,network_error,2,8.75,4,2,STANDARD,0,none,1
2998.0,1730,9,8,1,0.8889,netbanking,insufficient_funds,3,60.66,4,4,STANDARD,1,none,0
15541.07,1026,14,12,2,0.8571,upi,network_error,3,19.9,20,2,STANDARD,4,none,0
6893.62,743,6,5,1,0.8333,card,bank_decline,1,22.23,6,4,ENTERPRISE,0,active,1
2479.43,178,10,9,1,0.9,wallet,invalid_account,3,17.4,21,0,STANDARD,1,none,1
7558.51,944,6,5,1,0.8333,wallet,bank_timeout,2,76.81,5,3,STANDARD,1,none,1
9898.8,387,7,6,1,0.8571,upi,invalid_account,3,20.68,6,5,STANDARD,2,none,0
1743.99,256,9,7,2,0.7778,upi,fraud_suspected,3,27.88,18,1,PREMIUM,2,active,0
4861.71,1372,13,10,3,0.7692,card,temporary_failure,2,13.8,21,5,STANDARD,0,none,1
4202.06,616,11,9,2,0.8182,upi,insufficient_funds,3,45.82,19,5,STANDARD,2,none,0
3617.7,1297,7,4,3,0.5714,card,network_error,2,45.03,15,2,ENTERPRISE,0,active,1
4253.9,1071,9,6,3,0.6667,card,network_error,2,42.11,22,5,STANDARD,1,none,1
6556.28,1128,5,4,1,0.8,card,bank_timeout,1,26.58,9,0,PREMIUM,0,active,1
2540.67,1706,7,6,1,0.8571,upi,network_error,3,45.17,7,4,STANDARD,0,none,1
4372.97,1338,10,8,2,0.8,upi,bank_timeout,1,33.71,15,0,STANDARD,2,none,1
721.96,741,4,3,1,0.75,wallet,temporary_failure,1,14.0,15,5,STANDARD,1,none,1
2594.55,1792,8,7,1,0.875,netbanking,bank_timeout,1,58.22,5,1,STANDARD,0,none,1
817.91,828,13,9,4,0.6923,card,temporary_failure,3,89.57,22,6,STANDARD,3,none,1
2901.64,1070,12,8,4,0.6667,upi,bank_decline,3,40.28,13,2,STANDARD,0,none,0
1437.28,726,9,7,2,0.7778,netbanking,network_error,1,108.02,14,1,PREMIUM,1,active,1
3802.07,1437,9,8,1,0.8889,upi,bank_timeout,2,32.27,20,6,STANDARD,1,none,1
1933.78,511,5,5,0,1.0,upi,network_error,2,34.6,16,3,STANDARD,1,none,1
2114.72,658,5,5,0,1.0,wallet,temporary_failure,2,17.47,5,1,PREMIUM,0,active,1
4173.04,1262,11,10,1,0.9091,upi,network_error,3,24.66,23,4,PREMIUM,0,active,0
2800.14,887,13,9,4,0.6923,upi,temporary_failure,1,49.01,23,6,PREMIUM,0,active,0
4396.03,1523,6,6,0,1.0,card,insufficient_funds,3,23.22,16,3,PREMIUM,3,active,1
1516.18,297,13,7,6,0.5385,netbanking,insufficient_funds,2,82.1,18,2,ENTERPRISE,0,active,0
2671.58,623,15,11,4,0.7333,card,network_error,2,55.33,15,3,STANDARD,1,none,1
6557.31,858,8,8,0,1.0,netbanking,network_error,3,40.45,18,3,STANDARD,1,none,1
4499.89,846,14,10,4,0.7143,card,bank_decline,1,33.24,13,6,PREMIUM,2,active,1
3354.0,1534,6,6,0,1.0,upi,temporary_failure,1,37.82,5,4,STANDARD,0,none,1
1494.51,680,9,7,2,0.7778,upi,temporary_failure,3,35.33,5,1,STANDARD,0,none,1
1457.37,1035,11,7,4,0.6364,card,temporary_failure,2,22.44,21,4,STANDARD,1,none,0
2308.85,248,8,4,4,0.5,upi,insufficient_funds,1,18.98,9,3,PREMIUM,0,active,0
1721.31,1687,9,4,5,0.4444,card,invalid_account,1,131.32,8,1,STANDARD,0,none,0
2117.26,730,23,15,8,0.6522,wallet,insufficient_funds,2,56.81,21,4,STANDARD,2,none,0
2371.35,957,5,5,0,1.0,upi,temporary_failure,3,93.52,11,1,STANDARD,4,none,1
2706.12,478,6,2,4,0.3333,card,bank_decline,2,5.64,13,3,STANDARD,0,none,0
4361.07,598,10,7,3,0.7,upi,network_error,3,1.41,5,1,ENTERPRISE,1,active,0
1679.16,1027,8,6,2,0.75,upi,bank_timeout,2,18.38,19,2,STANDARD,0,none,1
2055.34,241,6,6,0,1.0,wallet,insufficient_funds,2,50.9,13,5,STANDARD,1,none,1
1266.94,804,5,4,1,0.8,netbanking,insufficient_funds,1,18.35,18,4,STANDARD,0,none,1
3781.09,1512,10,6,4,0.6,upi,network_error,1,49.1,14,3,STANDARD,1,none,0
8232.8,1044,5,4,1,0.8,upi,temporary_failure,1,38.9,2,5,STANDARD,3,none,0
4746.99,1590,14,10,4,0.7143,upi,temporary_failure,1,23.74,8,5,STANDARD,0,none,1
1097.82,250,3,1,2,0.3333,card,bank_decline,3,53.25,13,2,PREMIUM,0,active,0
799.47,1637,8,7,1,0.875,wallet,temporary_failure,1,91.01,18,6,PREMIUM,0,active,1
27469.28,1728,5,4,1,0.8,upi,invalid_account,3,72.74,17,3,STANDARD,4,none,0
6800.66,10,9,6,3,0.6667,card,temporary_failure,1,57.87,1,2,STANDARD,2,none,1
3946.32,1699,9,9,0,1.0,upi,network_error,1,78.96,23,4,STANDARD,1,none,1
7721.24,1715,10,8,2,0.8,wallet,insufficient_funds,2,13.86,1,0,STANDARD,1,none,1
3335.58,1147,8,5,3,0.625,wallet,bank_timeout,3,73.26,4,4,STANDARD,1,none,0
3747.21,937,12,11,1,0.9167,card,insufficient_funds,3,28.77,7,4,STANDARD,2,none,0
1908.94,359,8,6,2,0.75,upi,bank_decline,2,33.15,2,3,PREMIUM,0,active,1
3117.72,685,7,5,2,0.7143,netbanking,insufficient_funds,1,22.63,8,1,STANDARD,0,none,0
4262.07,1564,7,6,1,0.8571,card,temporary_failure,1,71.65,23,0,STANDARD,0,none,0
3124.2,1368,14,11,3,0.7857,upi,temporary_failure,3,22.73,3,2,PREMIUM,3,active,1
3276.19,706,11,5,6,0.4545,netbanking,invalid_account,3,58.33,15,2,ENTERPRISE,2,active,0
952.17,711,13,8,5,0.6154,wallet,bank_timeout,3,60.69,23,2,STANDARD,0,none,1
7859.65,728,10,9,1,0.9,upi,bank_decline,3,20.66,5,5,STANDARD,0,none,1
5956.82,432,6,4,2,0.6667,upi,insufficient_funds,3,63.34,8,6,PREMIUM,0,active,0
1025.0,577,5,3,2,0.6,netbanking,bank_timeout,2,8.26,13,1,STANDARD,4,none,1
2223.06,1189,7,6,1,0.8571,upi,bank_timeout,1,76.51,1,6,STANDARD,1,none,1
1044.6,119,10,8,2,0.8,card,insufficient_funds,1,25.34,23,1,PREMIUM,3,active,1
11085.26,466,6,3,3,0.5,card,temporary_failure,3,16.01,12,2,STANDARD,0,none,1
12432.99,296,7,6,1,0.8571,upi,insufficient_funds,1,7.93,5,5,PREMIUM,1,active,1
4376.45,87,6,5,1,0.8333,card,insufficient_funds,3,59.52,12,3,STANDARD,3,none,1
3698.97,61,4,4,0,1.0,upi,insufficient_funds,2,60.19,1,1,PREMIUM,2,active,1
6913.63,479,9,6,3,0.6667,wallet,bank_decline,2,84.57,9,1,STANDARD,3,none,0
7489.86,238,9,5,4,0.5556,upi,network_error,1,37.13,17,3,STANDARD,2,none,1
13128.86,989,9,7,2,0.7778,card,bank_decline,3,27.68,0,3,STANDARD,1,none,1
10755.71,708,7,7,0,1.0,wallet,temporary_failure,1,8.18,13,2,PREMIUM,0,active,1
6006.44,1535,6,4,2,0.6667,card,insufficient_funds,1,35.32,2,0,PREMIUM,3,active,1
3783.38,250,11,9,2,0.8182,netbanking,bank_decline,1,12.76,22,3,STANDARD,1,none,0
2567.9,193,5,4,1,0.8,netbanking,insufficient_funds,2,24.41,5,0,STANDARD,2,none,1
7329.35,225,8,5,3,0.625,upi,temporary_failure,3,78.37,12,0,ENTERPRISE,2,active,0
2410.28,499,7,4,3,0.5714,upi,temporary_failure,3,40.7,11,2,STANDARD,1,none,0
4483.14,347,9,5,4,0.5556,card,temporary_failure,3,17.86,14,6,STANDARD,2,none,1
2266.82,1443,3,3,0,1.0,upi,temporary_failure,1,18.41,10,6,STANDARD,1,none,1
1151.41,1403,11,8,3,0.7273,wallet,bank_decline,1,27.48,15,5,PREMIUM,0,active,1
4712.41,1330,11,8,3,0.7273,card,bank_decline,1,28.12,19,0,STANDARD,2,none,0
8078.12,516,13,8,5,0.6154,netbanking,insufficient_funds,3,7.46,14,1,PREMIUM,2,active,0
1677.64,1333,15,11,4,0.7333,upi,bank_decline,2,17.72,7,4,PREMIUM,3,active,0
2041.18,933,8,7,1,0.875,card,insufficient_funds,3,93.57,20,6,STANDARD,2,none,1
5232.48,204,9,4,5,0.4444,netbanking,temporary_failure,2,20.92,3,1,STANDARD,1,none,0
2773.2,1082,15,12,3,0.8,upi,bank_decline,1,28.22,22,1,STANDARD,3,none,1
4425.83,333,10,9,1,0.9,card,insufficient_funds,3,29.98,16,3,STANDARD,0,none,0
4899.6,505,7,5,2,0.7143,card,temporary_failure,2,15.45,16,0,STANDARD,1,none,0
14050.26,1629,9,7,2,0.7778,upi,bank_decline,3,60.68,14,0,STANDARD,1,none,0
9543.45,1137,5,4,1,0.8,upi,invalid_account,3,23.59,9,3,STANDARD,0,none,0
9400.9,472,10,9,1,0.9,card,insufficient_funds,3,17.84,1,3,ENTERPRISE,3,active,1
9039.34,67,8,7,1,0.875,upi,insufficient_funds,3,66.86,4,5,STANDARD,0,none,0
5379.68,214,7,7,0,1.0,wallet,bank_decline,3,20.55,2,3,PREMIUM,1,active,1
8267.38,1191,10,7,3,0.7,upi,bank_timeout,2,50.73,15,3,PREMIUM,1,active,1
8010.87,1697,7,4,3,0.5714,card,network_error,2,16.15,0,6,PREMIUM,1,active,0
757.81,974,11,9,2,0.8182,upi,temporary_failure,2,51.37,2,6,STANDARD,0,none,1
5732.75,123,11,10,1,0.9091,wallet,temporary_failure,3,36.46,17,2,PREMIUM,0,active,1
13243.94,1743,11,10,1,0.9091,card,network_error,3,26.86,9,4,PREMIUM,0,active,1
5298.72,1446,5,5,0,1.0,upi,bank_timeout,2,11.83,21,5,STANDARD,2,none,1
2033.76,1248,5,5,0,1.0,card,bank_timeout,2,73.12,13,4,STANDARD,0,none,1
8033.29,507,4,1,3,0.25,upi,fraud_suspected,1,50.99,0,5,STANDARD,1,none,0
1487.98,185,8,8,0,1.0,netbanking,bank_decline,1,64.5,16,5,STANDARD,1,none,1
4366.45,1759,6,5,1,0.8333,upi,insufficient_funds,1,45.13,0,1,PREMIUM,0,active,1
6002.42,1309,9,8,1,0.8889,upi,temporary_failure,2,153.76,17,2,STANDARD,0,none,1
21114.26,1505,15,12,3,0.8,netbanking,network_error,2,43.5,13,3,STANDARD,1,none,1
9866.86,1593,9,6,3,0.6667,upi,temporary_failure,2,82.15,17,6,PREMIUM,2,active,1
4100.4,1171,10,9,1,0.9,netbanking,temporary_failure,3,29.22,14,4,PREMIUM,2,active,0
5692.98,1270,11,9,2,0.8182,netbanking,network_error,3,6.64,22,6,STANDARD,0,none,1
1153.28,64,12,9,3,0.75,upi,insufficient_funds,1,29.88,23,3,ENTERPRISE,1,active,1
3449.2,1325,7,4,3,0.5714,netbanking,insufficient_funds,2,2.62,13,5,STANDARD,3,none,1
1486.31,526,7,6,1,0.8571,upi,network_error,1,4.57,13,3,STANDARD,1,none,1
23467.54,354,4,4,0,1.0,card,bank_decline,1,27.68,8,0,STANDARD,1,none,1
2553.07,1658,10,8,2,0.8,upi,insufficient_funds,1,26.15,2,5,STANDARD,0,none,1
1945.43,758,12,9,3,0.75,upi,temporary_failure,3,2.98,1,0,STANDARD,1,none,1
3248.82,525,11,10,1,0.9091,upi,network_error,3,12.09,21,5,STANDARD,1,none,1
9332.66,1490,11,9,2,0.8182,card,insufficient_funds,1,67.78,23,3,ENTERPRISE,1,active,0
3319.25,499,9,7,2,0.7778,card,bank_decline,2,21.2,17,2,PREMIUM,0,active,0
2764.83,1380,13,10,3,0.7692,upi,temporary_failure,3,36.07,23,4,STANDARD,1,none,0
3744.64,379,5,3,2,0.6,netbanking,bank_decline,2,44.87,1,5,STANDARD,0,none,0
5884.15,174,4,3,1,0.75,card,network_error,3,27.8,18,5,PREMIUM,1,active,1
1626.25,1001,15,12,3,0.8,upi,insufficient_funds,2,70.5,1,3,STANDARD,1,none,0
7886.9,1567,12,8,4,0.6667,netbanking,network_error,3,11.96,0,2,STANDARD,2,none,0
7100.73,667,9,7,2,0.7778,upi,temporary_failure,1,48.03,3,1,PREMIUM,0,active,1
9252.81,543,14,7,7,0.5,upi,temporary_failure,2,8.52,23,2,STANDARD,2,none,0
2424.59,1279,6,2,4,0.3333,upi,insufficient_funds,3,51.51,6,3,PREMIUM,3,active,0
3731.29,817,10,8,2,0.8,wallet,bank_decline,3,30.14,20,1,PREMIUM,1,active,1
7372.02,37,10,10,0,1.0,card,insufficient_funds,3,29.45,2,4,STANDARD,1,none,0
11039.24,91,11,11,0,1.0,wallet,fraud_suspected,1,59.06,20,1,STANDARD,2,none,0
13006.57,803,8,7,1,0.875,wallet,insufficient_funds,2,27.37,23,0,STANDARD,0,none,1
2187.38,1044,6,4,2,0.6667,upi,insufficient_funds,2,33.67,14,6,PREMIUM,1,active,1
3746.35,989,10,9,1,0.9,upi,temporary_failure,3,64.4,10,4,PREMIUM,0,active,1
3124.36,1239,2,2,0,1.0,card,insufficient_funds,1,29.86,21,5,PREMIUM,1,active,1
9627.76,699,12,9,3,0.75,card,insufficient_funds,2,44.23,0,1,STANDARD,2,none,0
3506.33,669,4,4,0,1.0,upi,network_error,3,69.16,20,2,STANDARD,2,none,1
7733.89,1000,11,7,4,0.6364,upi,temporary_failure,1,19.11,4,1,STANDARD,1,none,1
2444.66,1379,12,8,4,0.6667,upi,bank_timeout,2,47.47,17,1,PREMIUM,2,active,1
1033.71,424,10,8,2,0.8,upi,temporary_failure,3,47.75,6,1,STANDARD,1,none,0
3080.01,1280,5,4,1,0.8,upi,fraud_suspected,2,103.2,8,4,STANDARD,0,none,1
2616.04,963,5,4,1,0.8,upi,bank_decline,3,23.94,1,6,STANDARD,3,none,0
2017.8,315,9,7,2,0.7778,card,bank_decline,3,6.49,5,5,STANDARD,2,none,0
1974.76,1781,5,3,2,0.6,upi,insufficient_funds,3,43.19,20,6,PREMIUM,0,active,1
1187.16,118,9,8,1,0.8889,netbanking,temporary_failure,3,147.86,1,3,STANDARD,1,none,1
2276.39,982,10,7,3,0.7,wallet,bank_decline,1,35.54,15,3,PREMIUM,3,active,1
2002.59,474,11,11,0,1.0,upi,temporary_failure,2,42.66,4,1,PREMIUM,1,active,1
8187.81,345,6,5,1,0.8333,wallet,insufficient_funds,3,25.12,3,2,STANDARD,0,none,0
2326.11,478,11,8,3,0.7273,upi,insufficient_funds,2,18.62,18,2,STANDARD,0,none,1
4387.97,734,9,6,3,0.6667,upi,bank_timeout,2,58.88,6,0,PREMIUM,1,active,1
4771.91,20,8,6,2,0.75,card,network_error,1,54.6,19,6,STANDARD,2,none,1
2144.65,663,9,4,5,0.4444,upi,bank_timeout,3,34.87,9,6,PREMIUM,1,active,0
24444.49,1431,10,8,2,0.8,card,invalid_account,3,21.78,2,3,STANDARD,2,none,0
6214.91,441,8,6,2,0.75,upi,temporary_failure,3,112.24,3,1,STANDARD,2,none,1
4788.5,1103,7,6,1,0.8571,card,temporary_failure,1,32.05,2,1,STANDARD,0,none,0
5104.44,32,15,12,3,0.8,wallet,fraud_suspected,1,53.14,14,2,STANDARD,2,none,0
3422.7,199,5,5,0,1.0,netbanking,temporary_failure,3,35.16,0,3,STANDARD,1,none,1
2141.17,760,6,3,3,0.5,card,network_error,2,35.26,5,3,STANDARD,0,none,0
2672.07,1149,9,9,0,1.0,card,invalid_account,2,26.94,15,1,STANDARD,1,none,0
2302.95,218,15,12,3,0.8,netbanking,insufficient_funds,1,43.54,12,2,STANDARD,0,none,1
2392.77,941,5,5,0,1.0,upi,insufficient_funds,1,24.09,15,1,PREMIUM,0,active,0
4424.79,1511,9,6,3,0.6667,card,insufficient_funds,3,89.58,2,4,STANDARD,0,none,0
790.31,468,15,13,2,0.8667,upi,network_error,3,38.31,3,2,STANDARD,1,none,1
4036.94,1315,12,11,1,0.9167,card,temporary_failure,3,62.54,5,6,PREMIUM,1,active,1
3105.79,1134,12,9,3,0.75,netbanking,bank_timeout,3,17.4,19,4,STANDARD,0,none,0
4870.79,207,10,8,2,0.8,upi,fraud_suspected,2,80.76,20,3,STANDARD,0,none,0
24326.58,135,10,7,3,0.7,upi,temporary_failure,2,26.36,7,3,STANDARD,2,none,0
1240.91,1187,8,7,1,0.875,netbanking,fraud_suspected,3,18.61,23,5,STANDARD,0,none,0
1389.47,50,4,4,0,1.0,card,bank_timeout,2,21.25,19,2,ENTERPRISE,1,active,1
3487.1,644,11,6,5,0.5455,netbanking,network_error,1,11.14,17,3,STANDARD,0,none,0
19389.49,1358,10,9,1,0.9,upi,temporary_failure,2,41.45,11,0,STANDARD,2,none,1
1006.53,179,9,7,2,0.7778,upi,temporary_failure,1,9.67,4,1,PREMIUM,1,active,1
3531.67,1237,7,3,4,0.4286,card,temporary_failure,3,29.34,15,0,STANDARD,0,none,0
2172.7,416,7,4,3,0.5714,card,bank_decline,2,21.67,10,2,ENTERPRISE,0,active,1
3560.93,1516,14,9,5,0.6429,card,invalid_account,3,10.18,20,3,STANDARD,1,none,0
1357.73,675,13,10,3,0.7692,upi,bank_decline,1,58.17,6,5,STANDARD,1,none,1
2932.8,1512,9,7,2,0.7778,card,bank_decline,3,9.67,12,6,PREMIUM,2,active,0
5607.32,987,12,7,5,0.5833,upi,bank_timeout,1,27.24,8,1,STANDARD,0,none,1
2387.89,842,9,6,3,0.6667,netbanking,network_error,2,44.03,3,0,STANDARD,1,none,0
6837.09,1151,7,6,1,0.8571,upi,bank_timeout,3,16.26,6,3,STANDARD,1,none,1
17965.29,73,5,4,1,0.8,upi,bank_timeout,1,48.4,6,0,STANDARD,2,none,1
6777.62,698,11,8,3,0.7273,wallet,temporary_failure,1,8.28,14,1,STANDARD,1,none,1
9645.45,771,7,7,0,1.0,netbanking,network_error,1,25.92,19,6,STANDARD,2,none,1
7260.47,956,13,9,4,0.6923,card,temporary_failure,1,90.41,12,4,STANDARD,1,none,1
2880.54,1779,9,7,2,0.7778,card,insufficient_funds,2,91.07,10,5,PREMIUM,0,active,0
745.56,431,8,6,2,0.75,card,bank_decline,3,13.44,15,5,STANDARD,0,none,0
1868.53,222,11,11,0,1.0,card,insufficient_funds,2,64.22,7,0,PREMIUM,1,active,0
8627.61,1576,11,7,4,0.6364,upi,insufficient_funds,3,26.45,4,0,STANDARD,0,none,0
1438.68,1149,11,8,3,0.7273,upi,bank_decline,1,29.3,5,1,STANDARD,4,none,1
3449.43,1407,12,7,5,0.5833,netbanking,bank_decline,1,31.33,10,4,ENTERPRISE,0,active,0
3920.31,1115,8,6,2,0.75,upi,bank_decline,1,41.48,19,3,STANDARD,2,none,0
1625.15,268,5,4,1,0.8,wallet,insufficient_funds,2,16.95,23,4,STANDARD,0,none,1
13877.59,262,13,11,2,0.8462,netbanking,bank_timeout,1,31.14,20,2,PREMIUM,1,active,1
5887.82,601,12,8,4,0.6667,upi,temporary_failure,3,37.78,2,5,STANDARD,0,none,1
13526.08,1571,10,9,1,0.9,upi,fraud_suspected,1,34.3,20,5,STANDARD,0,none,1
10570.01,496,8,7,1,0.875,upi,insufficient_funds,1,71.63,16,3,ENTERPRISE,0,active,1
7711.21,753,9,5,4,0.5556,card,temporary_failure,1,22.91,8,1,STANDARD,0,none,1
873.44,1105,10,7,3,0.7,upi,temporary_failure,1,19.82,22,3,PREMIUM,2,active,1
1580.13,569,12,11,1,0.9167,card,bank_decline,1,6.95,16,4,STANDARD,2,none,1
3906.29,1723,7,6,1,0.8571,card,temporary_failure,2,32.11,4,4,STANDARD,1,none,1
3291.59,321,11,10,1,0.9091,upi,temporary_failure,1,153.48,1,3,PREMIUM,0,active,1
2556.08,677,10,8,2,0.8,upi,insufficient_funds,1,97.46,7,0,STANDARD,0,none,1
3649.86,173,8,8,0,1.0,wallet,insufficient_funds,1,30.64,21,4,STANDARD,0,none,1
34281.1,1771,6,4,2,0.6667,card,insufficient_funds,2,29.95,17,4,STANDARD,1,none,1
3613.12,1651,9,7,2,0.7778,card,insufficient_funds,1,31.48,18,3,STANDARD,0,none,1
3122.72,1105,6,5,1,0.8333,upi,bank_decline,2,37.7,7,2,STANDARD,0,none,0
3838.65,695,8,8,0,1.0,netbanking,network_error,1,13.99,6,6,STANDARD,1,none,1
5683.53,1398,7,4,3,0.5714,netbanking,temporary_failure,1,47.4,19,5,STANDARD,3,none,1
5647.93,673,8,5,3,0.625,card,bank_decline,2,35.71,7,0,STANDARD,3,none,0
4215.97,1556,9,7,2,0.7778,card,network_error,2,66.35,16,0,STANDARD,1,none,1
2238.24,203,8,7,1,0.875,upi,temporary_failure,3,56.22,4,6,ENTERPRISE,2,active,0
2096.65,548,7,7,0,1.0,netbanking,bank_decline,2,84.7,2,0,STANDARD,1,none,1
3486.3,1235,9,6,3,0.6667,card,insufficient_funds,1,20.34,5,3,STANDARD,0,none,1
2628.92,955,8,8,0,1.0,card,bank_decline,2,26.48,19,6,STANDARD,1,none,1
1585.74,641,12,11,1,0.9167,card,insufficient_funds,1,47.13,7,2,PREMIUM,0,active,1
1293.37,765,3,2,1,0.6667,card,insufficient_funds,2,11.31,9,4,STANDARD,1,none,1
6560.71,80,8,6,2,0.75,upi,insufficient_funds,1,53.06,14,2,STANDARD,1,none,1
1384.05,239,7,3,4,0.4286,upi,fraud_suspected,2,14.25,9,6,STANDARD,2,none,0
4751.42,266,8,4,4,0.5,upi,network_error,1,35.48,15,3,PREMIUM,1,active,1
17059.85,268,11,6,5,0.5455,upi,temporary_failure,2,106.39,4,0,STANDARD,1,none,0
821.27,695,5,4,1,0.8,upi,temporary_failure,3,16.83,4,2,STANDARD,1,none,1
3631.25,1590,11,9,2,0.8182,card,temporary_failure,1,10.86,10,1,STANDARD,2,none,1
2212.53,53,9,4,5,0.4444,wallet,temporary_failure,3,13.31,8,5,PREMIUM,1,active,0
3224.76,684,9,6,3,0.6667,upi,temporary_failure,3,23.37,3,0,PREMIUM,1,active,1
1373.1,1219,9,4,5,0.4444,wallet,temporary_failure,3,58.61,23,0,PREMIUM,1,active,0
1989.63,426,9,7,2,0.7778,upi,bank_decline,1,24.07,10,2,PREMIUM,2,active,1
8528.46,154,8,5,3,0.625,netbanking,network_error,3,33.37,0,3,PREMIUM,1,active,1
8984.92,592,10,7,3,0.7,wallet,bank_decline,2,23.81,5,4,STANDARD,0,none,0
4218.41,810,7,4,3,0.5714,card,temporary_failure,1,27.55,3,6,ENTERPRISE,1,active,1
1550.32,695,13,12,1,0.9231,upi,invalid_account,3,5.31,2,1,STANDARD,1,none,0
3079.4,214,5,4,1,0.8,card,invalid_account,3,12.28,4,0,STANDARD,3,none,0
17692.79,455,8,7,1,0.875,card,invalid_account,3,37.24,14,2,STANDARD,1,none,0
2555.02,605,10,9,1,0.9,netbanking,insufficient_funds,3,67.91,19,6,PREMIUM,0,active,1
31294.34,976,9,6,3,0.6667,upi,network_error,1,14.58,12,0,STANDARD,1,none,0
4940.92,839,11,8,3,0.7273,wallet,insufficient_funds,1,33.61,16,0,STANDARD,0,none,0
3552.68,700,10,9,1,0.9,netbanking,network_error,1,24.73,12,1,STANDARD,0,none,1
3561.67,610,8,7,1,0.875,netbanking,temporary_failure,2,44.49,4,4,STANDARD,0,none,1
2560.44,1574,9,7,2,0.7778,card,bank_decline,3,19.88,5,1,PREMIUM,1,active,1
2902.94,925,10,6,4,0.6,upi,temporary_failure,3,3.93,21,1,STANDARD,1,none,1
8792.9,114,5,4,1,0.8,upi,network_error,3,43.61,12,2,PREMIUM,3,active,1
14072.73,1075,13,8,5,0.6154,wallet,invalid_account,2,42.61,23,4,STANDARD,0,none,0
1742.74,1708,11,8,3,0.7273,netbanking,bank_decline,3,51.79,5,5,STANDARD,1,none,1
4572.48,1566,9,7,2,0.7778,upi,insufficient_funds,3,49.62,1,5,PREMIUM,0,active,0
742.27,55,11,8,3,0.7273,card,network_error,1,43.4,12,4,PREMIUM,1,active,1
1633.25,1517,8,7,1,0.875,upi,temporary_failure,1,77.7,20,0,PREMIUM,1,active,1
5066.28,1365,7,5,2,0.7143,card,bank_decline,2,24.02,10,0,PREMIUM,1,active,1
4332.91,742,10,8,2,0.8,card,temporary_failure,1,24.67,12,2,STANDARD,2,none,1
7506.85,1225,10,7,3,0.7,netbanking,bank_timeout,1,15.28,13,2,PREMIUM,0,active,0
4179.3,761,11,11,0,1.0,upi,fraud_suspected,3,92.52,18,6,PREMIUM,1,active,0
3431.35,690,9,6,3,0.6667,upi,insufficient_funds,1,54.86,0,6,STANDARD,1,none,0
722.96,74,7,5,2,0.7143,card,temporary_failure,2,19.74,16,0,STANDARD,3,none,1
4078.07,482,6,5,1,0.8333,netbanking,temporary_failure,2,25.46,6,4,STANDARD,2,none,0
3918.35,1459,9,8,1,0.8889,upi,bank_decline,1,27.17,13,0,STANDARD,1,none,1
1263.06,661,9,8,1,0.8889,upi,bank_timeout,1,27.78,18,2,STANDARD,0,none,1
3393.3,1423,9,9,0,1.0,upi,network_error,2,11.88,11,2,PREMIUM,0,active,1
4388.61,1349,7,6,1,0.8571,card,insufficient_funds,1,57.59,5,3,STANDARD,0,none,1
8128.09,737,6,5,1,0.8333,card,network_error,2,24.93,10,0,STANDARD,3,none,1
17104.78,598,5,3,2,0.6,upi,bank_decline,3,11.34,20,4,STANDARD,2,none,0
1132.93,1690,12,9,3,0.75,wallet,insufficient_funds,1,17.09,19,3,STANDARD,0,none,0
1199.4,193,11,10,1,0.9091,netbanking,network_error,3,28.61,11,2,PREMIUM,1,active,1
1232.92,695,11,10,1,0.9091,upi,fraud_suspected,1,6.06,22,6,STANDARD,0,none,0
4789.68,1019,12,10,2,0.8333,upi,fraud_suspected,3,5.04,4,5,STANDARD,0,none,1
1364.23,616,15,10,5,0.6667,card,insufficient_funds,3,25.66,17,5,STANDARD,0,none,0
3668.41,1724,6,6,0,1.0,wallet,network_error,2,46.98,17,6,STANDARD,2,none,1
5510.24,1117,11,9,2,0.8182,upi,insufficient_funds,3,28.09,19,0,STANDARD,0,none,0
1192.7,1262,6,2,4,0.3333,card,bank_decline,1,32.03,16,4,STANDARD,1,none,0
4163.47,1465,13,11,2,0.8462,card,bank_decline,3,22.15,14,4,STANDARD,2,none,0
5207.22,1635,7,5,2,0.7143,upi,bank_decline,1,13.65,9,6,STANDARD,1,none,1
1027.57,421,8,6,2,0.75,card,bank_decline,3,44.15,1,3,PREMIUM,1,active,0
2207.8,1132,15,11,4,0.7333,upi,bank_decline,2,36.0,2,6,STANDARD,1,none,0
1518.28,250,7,6,1,0.8571,upi,bank_timeout,2,25.52,2,6,PREMIUM,0,active,1
3609.53,613,15,11,4,0.7333,upi,network_error,1,3.25,12,5,STANDARD,1,none,1
1623.33,191,10,8,2,0.8,upi,insufficient_funds,2,48.09,21,6,STANDARD,0,none,1
51947.35,543,10,8,2,0.8,card,bank_decline,1,24.75,23,5,PREMIUM,3,active,0
5608.98,1142,9,7,2,0.7778,upi,bank_timeout,2,20.01,14,4,STANDARD,1,none,1
3027.84,921,7,5,2,0.7143,netbanking,insufficient_funds,1,43.21,14,3,STANDARD,0,none,0
4180.4,358,10,7,3,0.7,upi,network_error,1,33.46,0,2,ENTERPRISE,0,active,1
2786.87,760,10,7,3,0.7,card,temporary_failure,3,52.29,20,4,PREMIUM,2,active,1
2699.11,1674,4,3,1,0.75,card,invalid_account,2,35.23,21,1,ENTERPRISE,1,active,1
2512.29,614,7,4,3,0.5714,upi,network_error,2,67.27,5,5,ENTERPRISE,1,active,1
3067.67,1512,6,4,2,0.6667,upi,insufficient_funds,2,47.7,15,0,PREMIUM,0,active,1
4778.98,784,7,5,2,0.7143,card,fraud_suspected,2,43.62,3,1,STANDARD,2,none,0
1576.34,740,6,5,1,0.8333,card,insufficient_funds,3,1.55,6,1,STANDARD,1,none,1
1161.68,928,12,7,5,0.5833,upi,bank_timeout,3,9.31,8,4,STANDARD,2,none,1
7353.47,1335,11,9,2,0.8182,upi,network_error,1,27.13,8,1,PREMIUM,0,active,1
13050.02,1246,8,7,1,0.875,upi,network_error,1,55.07,16,6,STANDARD,2,none,1
3266.9,1355,14,11,3,0.7857,upi,bank_decline,2,47.87,15,5,PREMIUM,1,active,1
3951.89,387,8,4,4,0.5,netbanking,bank_timeout,3,15.13,0,4,STANDARD,1,none,1
3534.84,1010,10,9,1,0.9,upi,network_error,1,149.82,19,4,STANDARD,1,none,1
3321.26,703,13,13,0,1.0,card,bank_decline,2,25.7,9,5,PREMIUM,0,active,1
8571.49,344,7,7,0,1.0,card,insufficient_funds,3,16.62,5,2,STANDARD,0,none,1
2482.87,947,7,5,2,0.7143,card,insufficient_funds,1,51.32,2,1,STANDARD,0,none,1
7840.44,1746,8,3,5,0.375,upi,network_error,1,38.08,17,1,PREMIUM,4,active,1
2513.96,1182,14,12,2,0.8571,upi,temporary_failure,2,21.09,4,1,STANDARD,0,none,0
2923.68,1056,14,11,3,0.7857,netbanking,insufficient_funds,1,68.75,10,2,STANDARD,1,none,0
2404.27,1524,7,5,2,0.7143,netbanking,insufficient_funds,3,11.15,11,6,STANDARD,1,none,0
1261.07,1147,8,6,2,0.75,card,network_error,3,31.83,22,2,STANDARD,1,none,0
4748.49,828,10,9,1,0.9,upi,insufficient_funds,2,26.88,8,3,STANDARD,0,none,1
5820.38,1268,12,9,3,0.75,upi,bank_decline,2,6.34,1,0,STANDARD,1,none,0
1606.53,1480,11,7,4,0.6364,upi,network_error,3,19.8,6,2,STANDARD,0,none,1
4619.61,1499,11,10,1,0.9091,card,network_error,1,32.76,19,3,STANDARD,1,none,1
2951.78,250,10,8,2,0.8,netbanking,bank_decline,2,11.67,17,2,STANDARD,3,none,1
3239.72,1545,9,9,0,1.0,upi,bank_timeout,2,18.91,22,4,PREMIUM,0,active,1
2828.36,1282,12,8,4,0.6667,card,bank_decline,2,63.72,21,2,STANDARD,1,none,0
4261.41,737,8,3,5,0.375,netbanking,bank_decline,1,16.08,3,2,PREMIUM,0,active,0
3480.39,1661,7,6,1,0.8571,card,temporary_failure,2,32.35,20,2,STANDARD,0,none,1
3698.0,441,13,11,2,0.8462,upi,insufficient_funds,2,20.81,0,5,STANDARD,0,none,1
5798.2,1744,10,7,3,0.7,card,network_error,3,21.88,12,4,STANDARD,1,none,0
5733.07,862,11,11,0,1.0,card,bank_decline,3,40.05,13,3,STANDARD,2,none,0
1708.25,617,7,3,4,0.4286,card,temporary_failure,1,42.39,8,2,ENTERPRISE,2,active,1
7778.26,1010,10,5,5,0.5,card,invalid_account,2,57.17,23,4,PREMIUM,1,active,0
8834.53,323,9,9,0,1.0,netbanking,temporary_failure,2,15.93,16,4,STANDARD,1,none,1
2445.67,1770,9,9,0,1.0,wallet,bank_decline,1,84.86,9,5,STANDARD,0,none,1
902.33,458,6,3,3,0.5,upi,network_error,3,28.98,18,3,STANDARD,0,none,1
1478.05,826,5,4,1,0.8,wallet,temporary_failure,2,41.2,6,0,STANDARD,2,none,1
5184.62,871,10,7,3,0.7,netbanking,network_error,3,24.19,5,6,STANDARD,0,none,0
2694.07,199,11,10,1,0.9091,card,network_error,2,3.86,2,5,STANDARD,0,none,1
5369.85,534,7,7,0,1.0,upi,bank_timeout,2,40.7,16,1,STANDARD,1,none,1
16391.82,335,11,5,6,0.4545,upi,bank_timeout,2,59.81,19,2,STANDARD,1,none,0
1656.11,524,8,7,1,0.875,upi,network_error,2,4.61,12,3,STANDARD,2,none,1
3325.6,73,12,9,3,0.75,upi,invalid_account,2,33.51,22,4,ENTERPRISE,1,active,0
11406.96,1253,12,8,4,0.6667,card,bank_decline,2,25.24,2,0,STANDARD,0,none,0
2511.94,1647,9,9,0,1.0,upi,network_error,3,25.73,22,1,STANDARD,2,none,1
1107.45,715,11,10,1,0.9091,upi,network_error,1,26.67,5,5,STANDARD,0,none,1
3946.24,460,9,7,2,0.7778,card,bank_decline,2,32.28,9,5,PREMIUM,0,active,0
14044.55,618,7,4,3,0.5714,upi,temporary_failure,3,12.46,2,1,STANDARD,1,none,0
7333.4,1702,9,9,0,1.0,card,bank_decline,1,32.88,1,4,STANDARD,1,none,1
1535.45,961,11,8,3,0.7273,card,insufficient_funds,3,17.55,23,1,PREMIUM,0,active,0
1994.56,1039,8,7,1,0.875,card,invalid_account,1,8.14,20,0,STANDARD,0,none,1
836.3,257,12,7,5,0.5833,upi,fraud_suspected,1,42.15,8,3,ENTERPRISE,0,active,0
5561.94,1486,14,10,4,0.7143,card,temporary_failure,3,34.66,12,4,STANDARD,0,none,0
7227.42,380,11,10,1,0.9091,card,bank_timeout,1,97.76,12,2,STANDARD,0,none,1
4245.19,85,9,6,3,0.6667,card,network_error,3,84.77,4,3,PREMIUM,1,active,0
2349.23,562,12,11,1,0.9167,card,bank_decline,2,41.42,21,2,ENTERPRISE,0,active,1
4365.81,351,5,2,3,0.4,upi,insufficient_funds,3,7.82,9,1,STANDARD,0,none,0
1127.15,1704,11,7,4,0.6364,card,invalid_account,1,24.18,13,0,STANDARD,0,none,0
2785.16,141,9,8,1,0.8889,netbanking,network_error,3,28.2,20,6,STANDARD,0,none,1
6001.2,1291,12,9,3,0.75,card,temporary_failure,1,35.66,21,4,STANDARD,2,none,0
6381.54,1317,8,7,1,0.875,card,insufficient_funds,1,79.41,7,1,STANDARD,0,none,1
4911.49,275,8,6,2,0.75,card,network_error,2,9.5,22,5,STANDARD,0,none,1
866.82,138,9,8,1,0.8889,netbanking,bank_decline,1,12.92,1,1,PREMIUM,0,active,1
1355.14,1170,6,5,1,0.8333,netbanking,bank_decline,2,61.02,2,3,PREMIUM,2,active,0
2359.75,96,10,9,1,0.9,upi,bank_timeout,2,66.58,15,0,ENTERPRISE,1,active,1
8813.25,660,10,8,2,0.8,card,temporary_failure,3,19.9,3,6,STANDARD,2,none,0
2811.32,483,7,6,1,0.8571,upi,network_error,1,19.3,2,6,STANDARD,0,none,1
3225.49,1083,9,7,2,0.7778,upi,insufficient_funds,3,32.65,5,6,STANDARD,1,none,0
5052.06,665,7,6,1,0.8571,upi,bank_timeout,2,8.87,15,2,STANDARD,1,none,0
3538.61,222,12,11,1,0.9167,card,insufficient_funds,1,9.31,20,6,STANDARD,2,none,1
3694.52,662,5,4,1,0.8,upi,fraud_suspected,1,25.39,9,2,STANDARD,1,none,0
1797.01,1667,10,8,2,0.8,upi,invalid_account,1,21.33,17,5,PREMIUM,0,active,1
2131.49,301,10,9,1,0.9,card,insufficient_funds,2,96.42,22,0,STANDARD,1,none,1
4272.65,343,9,9,0,1.0,card,network_error,2,10.95,1,6,STANDARD,2,none,1
13313.07,898,10,7,3,0.7,card,temporary_failure,2,37.2,23,6,PREMIUM,0,active,0
1859.82,632,5,4,1,0.8,card,temporary_failure,3,33.08,6,6,STANDARD,0,none,1
2909.13,954,7,7,0,1.0,upi,temporary_failure,2,49.16,21,0,STANDARD,2,none,1
4756.41,208,8,8,0,1.0,card,insufficient_funds,1,45.32,15,5,PREMIUM,1,active,1
14135.01,737,8,7,1,0.875,card,temporary_failure,2,38.44,17,1,STANDARD,0,none,1
7720.1,685,5,4,1,0.8,upi,temporary_failure,2,31.47,1,2,ENTERPRISE,0,active,1
1313.65,866,16,15,1,0.9375,wallet,insufficient_funds,2,16.42,1,5,PREMIUM,1,active,0
2640.17,1467,10,8,2,0.8,card,temporary_failure,2,31.71,0,2,STANDARD,1,none,0
2422.51,888,11,9,2,0.8182,upi,bank_timeout,3,73.37,22,6,PREMIUM,0,active,1
1458.35,186,4,4,0,1.0,wallet,network_error,1,34.13,12,6,STANDARD,1,none,1
3627.77,850,7,4,3,0.5714,netbanking,bank_timeout,3,40.9,22,1,STANDARD,0,none,0
13121.92,180,5,2,3,0.4,card,bank_decline,1,24.03,18,3,STANDARD,3,none,0
4258.52,633,9,8,1,0.8889,card,bank_decline,3,27.43,14,1,STANDARD,0,none,0
4533.8,1592,12,10,2,0.8333,card,temporary_failure,1,7.03,4,0,STANDARD,4,none,1
1539.79,276,11,9,2,0.8182,card,network_error,2,50.65,5,1,STANDARD,3,none,1
8366.92,1512,7,5,2,0.7143,card,insufficient_funds,1,3.68,19,4,STANDARD,2,none,1
5082.9,1490,15,10,5,0.6667,upi,insufficient_funds,2,27.66,16,1,STANDARD,3,none,1
4932.59,1790,11,8,3,0.7273,upi,fraud_suspected,1,61.0,2,3,STANDARD,0,none,0
7806.49,129,5,3,2,0.6,netbanking,bank_timeout,2,20.8,3,2,ENTERPRISE,0,active,1
2312.26,632,8,6,2,0.75,upi,insufficient_funds,2,31.77,9,3,STANDARD,0,none,0
1171.88,1289,7,5,2,0.7143,card,bank_timeout,3,71.93,16,2,STANDARD,2,none,1
4628.91,194,5,4,1,0.8,upi,insufficient_funds,1,28.63,21,0,STANDARD,0,none,0
3165.59,1074,11,11,0,1.0,upi,temporary_failure,2,39.57,13,1,STANDARD,1,none,1
2745.1,1508,9,8,1,0.8889,card,insufficient_funds,2,65.12,2,5,STANDARD,2,none,0
13575.95,73,9,6,3,0.6667,upi,network_error,3,58.47,7,5,STANDARD,3,none,1
9400.04,1414,7,6,1,0.8571,card,temporary_failure,3,1.75,5,4,STANDARD,1,none,1
4627.55,855,13,10,3,0.7692,card,bank_timeout,3,21.98,18,1,STANDARD,0,none,1
1673.69,1237,11,7,4,0.6364,netbanking,bank_decline,2,23.28,20,1,PREMIUM,0,active,0
84848.71,529,12,9,3,0.75,card,fraud_suspected,2,11.67,3,2,STANDARD,2,none,1
5668.94,591,11,6,5,0.5455,upi,bank_decline,3,119.51,20,2,STANDARD,4,none,1
3706.06,83,8,5,3,0.625,card,fraud_suspected,2,42.14,17,5,STANDARD,0,none,0
2290.8,279,3,3,0,1.0,card,network_error,1,43.83,16,4,STANDARD,0,none,0
3152.14,1378,9,8,1,0.8889,card,insufficient_funds,2,46.72,19,4,STANDARD,0,none,0
1789.79,902,9,5,4,0.5556,netbanking,bank_decline,3,22.94,5,1,STANDARD,2,none,1
1429.27,1767,8,6,2,0.75,wallet,network_error,1,109.1,10,0,STANDARD,1,none,1
3215.53,275,9,9,0,1.0,upi,insufficient_funds,1,15.04,22,5,PREMIUM,2,active,1
8643.6,241,12,8,4,0.6667,upi,temporary_failure,1,64.88,10,3,STANDARD,2,none,1
3584.38,997,10,9,1,0.9,upi,fraud_suspected,3,6.11,13,3,PREMIUM,0,active,0
415.17,1673,12,9,3,0.75,upi,fraud_suspected,1,20.05,4,5,STANDARD,0,none,0
14247.0,64,8,8,0,1.0,card,temporary_failure,1,18.32,1,0,PREMIUM,1,active,1
1189.42,1652,12,10,2,0.8333,upi,insufficient_funds,3,20.25,18,0,STANDARD,0,none,1
1798.53,673,10,6,4,0.6,upi,fraud_suspected,2,66.57,23,1,STANDARD,0,none,0
8434.57,1778,9,7,2,0.7778,card,temporary_failure,2,35.89,18,3,STANDARD,0,none,1
6288.32,999,12,11,1,0.9167,card,bank_decline,1,17.47,16,6,STANDARD,3,none,1
11322.96,682,10,10,0,1.0,netbanking,insufficient_funds,3,14.34,20,1,PREMIUM,0,active,1
7240.12,1672,11,10,1,0.9091,upi,network_error,1,22.19,20,4,PREMIUM,0,active,1
8002.0,99,13,10,3,0.7692,upi,network_error,1,52.29,4,2,PREMIUM,1,active,0
2062.52,1353,4,4,0,1.0,upi,bank_timeout,2,42.54,20,5,ENTERPRISE,0,active,0
2357.79,373,10,8,2,0.8,upi,temporary_failure,2,17.8,19,0,STANDARD,1,none,1
4830.14,370,12,10,2,0.8333,upi,temporary_failure,2,41.68,23,5,STANDARD,0,none,0
2752.11,1735,7,6,1,0.8571,upi,insufficient_funds,1,31.8,4,4,STANDARD,4,none,0
4419.63,50,9,7,2,0.7778,upi,insufficient_funds,3,27.43,17,2,PREMIUM,1,active,1
10823.01,594,8,5,3,0.625,card,bank_decline,3,80.04,1,6,STANDARD,2,none,0
7205.88,1565,5,4,1,0.8,card,bank_timeout,1,61.49,6,4,STANDARD,1,none,1
11476.89,1547,7,5,2,0.7143,card,invalid_account,1,30.76,5,2,STANDARD,0,none,0
3344.38,744,9,9,0,1.0,netbanking,bank_decline,3,63.17,8,0,ENTERPRISE,1,active,0
3365.64,263,3,2,1,0.6667,card,insufficient_funds,1,27.96,12,1,ENTERPRISE,2,active,0
8266.44,102,9,8,1,0.8889,upi,bank_timeout,1,32.36,12,6,STANDARD,0,none,1
532.07,318,18,16,2,0.8889,upi,temporary_failure,1,64.03,17,5,STANDARD,0,none,1
10080.4,693,12,9,3,0.75,card,temporary_failure,3,22.37,11,4,STANDARD,1,none,1
3034.55,1018,11,8,3,0.7273,card,bank_decline,2,44.82,14,5,STANDARD,0,none,0
2648.38,1540,11,6,5,0.5455,netbanking,temporary_failure,3,45.44,2,0,STANDARD,1,none,0
1828.75,1774,8,8,0,1.0,card,temporary_failure,1,12.23,22,1,STANDARD,5,none,1
4655.44,494,4,3,1,0.75,card,network_error,1,35.96,4,5,STANDARD,0,none,1
7145.98,1449,5,4,1,0.8,upi,invalid_account,2,26.8,19,2,STANDARD,2,none,0
4581.78,212,8,6,2,0.75,upi,insufficient_funds,2,43.03,3,2,PREMIUM,0,active,0
1189.42,1230,6,5,1,0.8333,upi,bank_decline,3,32.81,17,4,STANDARD,0,none,0
11560.9,1422,7,7,0,1.0,upi,bank_decline,2,203.7,18,0,PREMIUM,0,active,1
866.55,1385,5,4,1,0.8,upi,bank_decline,3,19.1,15,5,STANDARD,0,none,1
5725.82,397,8,7,1,0.875,card,fraud_suspected,3,100.06,9,2,STANDARD,2,none,0
2000.53,1580,2,2,0,1.0,upi,temporary_failure,2,13.45,0,3,STANDARD,1,none,1
2081.36,991,10,8,2,0.8,card,temporary_failure,3,74.79,1,0,ENTERPRISE,1,active,1
830.01,917,10,9,1,0.9,netbanking,fraud_suspected,3,48.32,11,0,PREMIUM,1,active,0
1146.99,645,7,5,2,0.7143,upi,bank_timeout,1,15.94,2,4,PREMIUM,1,active,0
12650.0,1607,9,7,2,0.7778,upi,invalid_account,3,38.99,2,2,PREMIUM,1,active,0
3778.53,412,11,9,2,0.8182,card,insufficient_funds,1,27.59,13,2,STANDARD,3,none,1
3499.67,441,12,11,1,0.9167,netbanking,insufficient_funds,2,39.03,16,1,PREMIUM,1,active,1
3876.97,727,7,5,2,0.7143,netbanking,insufficient_funds,2,116.11,14,2,PREMIUM,1,active,0
7595.07,781,5,4,1,0.8,netbanking,invalid_account,3,20.24,7,2,PREMIUM,1,active,0
3891.89,1297,10,7,3,0.7,upi,temporary_failure,3,65.67,12,3,STANDARD,1,none,0
4523.34,1756,12,8,4,0.6667,upi,temporary_failure,1,63.02,14,4,STANDARD,2,none,1
4462.57,384,11,10,1,0.9091,card,invalid_account,3,29.47,4,5,STANDARD,0,none,0
3457.15,1008,5,3,2,0.6,card,temporary_failure,2,87.49,11,1,PREMIUM,1,active,1
2627.66,1717,7,5,2,0.7143,upi,invalid_account,2,123.93,14,1,STANDARD,1,none,0
6727.2,1340,14,11,3,0.7857,upi,temporary_failure,2,25.82,1,5,STANDARD,1,none,1
2219.05,1762,7,5,2,0.7143,upi,fraud_suspected,1,35.68,10,6,STANDARD,0,none,0
9632.57,907,7,6,1,0.8571,upi,temporary_failure,3,22.75,16,6,STANDARD,0,none,0
8441.75,781,9,8,1,0.8889,upi,temporary_failure,3,20.12,5,0,STANDARD,1,none,0
8564.89,1527,12,9,3,0.75,netbanking,temporary_failure,1,77.29,10,2,STANDARD,0,none,1
1714.73,1381,7,5,2,0.7143,wallet,bank_decline,1,68.41,2,1,PREMIUM,0,active,0
9949.1,631,10,7,3,0.7,netbanking,bank_timeout,2,87.35,1,1,STANDARD,3,none,1
7651.46,255,6,4,2,0.6667,netbanking,bank_timeout,3,7.14,3,5,STANDARD,3,none,0
1108.66,747,9,6,3,0.6667,upi,network_error,2,22.56,1,0,STANDARD,2,none,1
2544.7,244,19,16,3,0.8421,netbanking,bank_timeout,2,15.27,7,6,STANDARD,0,none,1
18976.82,1414,11,9,2,0.8182,upi,bank_timeout,2,52.94,13,5,ENTERPRISE,1,active,1
3196.44,293,10,6,4,0.6,upi,bank_decline,3,31.2,17,1,STANDARD,0,none,0
13646.98,178,4,4,0,1.0,card,insufficient_funds,3,36.38,21,0,STANDARD,1,none,1
9219.13,1786,12,10,2,0.8333,netbanking,bank_decline,3,5.2,20,4,STANDARD,2,none,0
2077.32,1287,7,6,1,0.8571,upi,insufficient_funds,3,38.31,13,2,PREMIUM,0,active,0
5820.64,274,15,10,5,0.6667,upi,temporary_failure,1,68.57,8,3,PREMIUM,1,active,0
3556.54,660,11,8,3,0.7273,upi,invalid_account,3,105.86,10,6,STANDARD,1,none,0
1000.2,1077,7,4,3,0.5714,card,temporary_failure,3,45.34,9,6,STANDARD,2,none,0
2673.19,1431,5,2,3,0.4,card,network_error,2,84.28,4,5,PREMIUM,1,active,0
8299.12,827,18,15,3,0.8333,netbanking,bank_timeout,2,33.88,13,1,STANDARD,0,none,0
3317.99,1746,7,6,1,0.8571,upi,bank_decline,2,32.51,20,5,STANDARD,1,none,1
1631.27,1733,10,10,0,1.0,card,network_error,1,21.08,10,5,STANDARD,0,none,1
9528.31,367,6,5,1,0.8333,upi,temporary_failure,3,94.72,18,3,PREMIUM,1,active,1
3515.02,340,10,10,0,1.0,card,bank_decline,1,54.26,5,3,STANDARD,1,none,0
11948.19,1432,10,9,1,0.9,card,insufficient_funds,3,49.04,19,6,PREMIUM,2,active,1
1612.89,193,8,6,2,0.75,wallet,temporary_failure,1,18.37,2,6,STANDARD,1,none,0
15359.31,647,13,9,4,0.6923,wallet,bank_decline,2,10.36,17,5,STANDARD,0,none,0
5715.62,883,11,11,0,1.0,upi,invalid_account,1,27.22,22,1,PREMIUM,4,active,1
7064.25,503,7,5,2,0.7143,card,bank_timeout,3,26.95,14,0,STANDARD,2,none,1
6346.76,561,6,6,0,1.0,card,bank_decline,1,74.06,15,0,STANDARD,1,none,1
3363.81,1158,6,2,4,0.3333,upi,bank_timeout,3,2.02,22,4,STANDARD,0,none,0
1369.07,390,5,3,2,0.6,upi,invalid_account,3,79.7,18,5,STANDARD,1,none,0
1545.04,1161,8,7,1,0.875,upi,network_error,2,34.18,11,4,PREMIUM,0,active,1
8611.19,976,7,4,3,0.5714,card,fraud_suspected,1,19.07,13,4,STANDARD,1,none,0
3549.42,1691,6,5,1,0.8333,wallet,bank_decline,3,31.48,6,5,PREMIUM,2,active,1
7079.37,688,6,4,2,0.6667,upi,bank_decline,2,2.79,10,6,STANDARD,0,none,0
4829.32,968,17,16,1,0.9412,netbanking,fraud_suspected,2,10.66,11,4,ENTERPRISE,2,active,1
3864.53,776,8,7,1,0.875,upi,bank_decline,1,67.14,14,0,PREMIUM,1,active,1
4281.97,1247,10,9,1,0.9,card,temporary_failure,2,4.56,12,4,STANDARD,1,none,0
9686.82,1708,10,9,1,0.9,card,invalid_account,2,37.44,23,0,PREMIUM,1,active,0
1912.37,1665,11,5,6,0.4545,upi,insufficient_funds,1,19.08,6,1,STANDARD,1,none,0
3232.96,1735,8,6,2,0.75,wallet,invalid_account,1,15.62,17,3,STANDARD,3,none,0
7122.74,1641,7,3,4,0.4286,upi,network_error,2,55.96,20,0,STANDARD,1,none,0
495.91,939,15,11,4,0.7333,upi,temporary_failure,1,27.47,1,4,STANDARD,3,none,1
4908.18,1791,9,9,0,1.0,upi,temporary_failure,2,28.89,7,4,STANDARD,1,none,1
2034.17,113,10,8,2,0.8,wallet,insufficient_funds,1,57.77,11,4,STANDARD,0,none,0
6073.74,506,9,8,1,0.8889,card,temporary_failure,2,18.08,6,3,STANDARD,0,none,1
1013.73,1373,10,10,0,1.0,upi,insufficient_funds,3,75.6,5,4,ENTERPRISE,1,active,1
7636.53,555,11,10,1,0.9091,card,bank_timeout,1,33.12,8,1,PREMIUM,0,active,1
1073.09,296,6,5,1,0.8333,wallet,fraud_suspected,2,98.24,12,2,PREMIUM,1,active,0
1894.18,351,11,7,4,0.6364,card,temporary_failure,3,34.78,20,3,STANDARD,1,none,0
4086.87,804,14,11,3,0.7857,upi,bank_timeout,2,29.53,15,6,PREMIUM,2,active,1
1780.93,149,9,7,2,0.7778,card,fraud_suspected,3,185.09,19,1,PREMIUM,1,active,0
3624.47,588,8,5,3,0.625,card,bank_decline,3,69.33,7,6,STANDARD,1,none,1
1553.13,1251,3,3,0,1.0,card,network_error,2,24.67,5,6,STANDARD,1,none,0
2651.39,679,16,13,3,0.8125,netbanking,fraud_suspected,1,33.04,10,2,STANDARD,0,none,0
7049.9,1453,7,6,1,0.8571,card,bank_decline,2,39.85,16,4,STANDARD,3,none,0
4753.7,976,6,2,4,0.3333,card,temporary_failure,2,7.51,10,3,STANDARD,2,none,0
12000.43,771,6,4,2,0.6667,card,temporary_failure,3,26.55,8,5,PREMIUM,2,active,1
2932.26,1615,11,8,3,0.7273,card,bank_decline,1,39.6,14,0,PREMIUM,1,active,0
7604.11,904,16,12,4,0.75,upi,invalid_account,3,43.0,23,1,STANDARD,3,none,1
6029.38,1051,11,7,4,0.6364,card,invalid_account,3,24.19,8,4,PREMIUM,0,active,0
20501.96,1592,13,8,5,0.6154,upi,insufficient_funds,3,53.72,5,6,PREMIUM,0,active,0
39498.46,1635,7,7,0,1.0,card,insufficient_funds,2,100.63,8,4,STANDARD,1,none,1
5806.4,1289,9,7,2,0.7778,upi,insufficient_funds,3,45.64,3,2,STANDARD,0,none,0
2242.04,295,6,4,2,0.6667,upi,bank_timeout,3,75.05,0,2,STANDARD,0,none,0
2313.54,370,8,5,3,0.625,netbanking,fraud_suspected,1,39.07,8,2,STANDARD,1,none,0
7939.96,627,13,11,2,0.8462,upi,bank_decline,3,53.0,11,2,STANDARD,1,none,0
2562.59,634,9,8,1,0.8889,upi,network_error,1,12.84,12,5,STANDARD,0,none,1
4632.8,1306,12,9,3,0.75,card,bank_decline,2,25.43,6,4,STANDARD,0,none,1
1499.35,143,11,9,2,0.8182,upi,network_error,2,34.43,18,3,STANDARD,1,none,0
3188.09,1526,8,6,2,0.75,wallet,fraud_suspected,3,56.73,5,3,STANDARD,1,none,0
3286.97,374,10,7,3,0.7,card,insufficient_funds,1,17.87,2,5,STANDARD,0,none,0
3122.95,1188,10,7,3,0.7,upi,network_error,1,27.27,15,1,STANDARD,0,none,0
10593.78,1328,3,2,1,0.6667,card,insufficient_funds,3,58.31,3,1,PREMIUM,0,active,0
5537.68,378,5,4,1,0.8,card,bank_timeout,2,14.37,1,1,STANDARD,0,none,1
7315.28,1612,5,4,1,0.8,upi,bank_decline,2,35.25,3,5,STANDARD,2,none,1
5269.88,276,11,8,3,0.7273,upi,bank_timeout,2,23.66,14,4,PREMIUM,2,active,1
1274.08,349,13,12,1,0.9231,wallet,bank_decline,2,75.88,3,4,ENTERPRISE,0,active,0
6383.01,1219,12,10,2,0.8333,card,insufficient_funds,1,18.15,12,2,STANDARD,1,none,1
1862.53,1186,6,6,0,1.0,upi,invalid_account,2,23.5,7,3,PREMIUM,1,active,1
2257.3,1281,7,4,3,0.5714,wallet,insufficient_funds,3,73.0,2,1,STANDARD,1,none,0
2306.97,1255,10,4,6,0.4,card,bank_timeout,2,22.0,2,2,PREMIUM,1,active,1
16075.54,1759,7,4,3,0.5714,card,bank_timeout,1,42.16,2,0,ENTERPRISE,0,active,1
4556.93,1411,12,8,4,0.6667,upi,insufficient_funds,3,25.95,19,3,STANDARD,3,none,0
4885.96,240,8,6,2,0.75,upi,bank_decline,1,23.65,22,2,STANDARD,0,none,0
12076.79,1070,9,7,2,0.7778,card,network_error,2,57.3,16,3,STANDARD,0,none,1
2425.66,1610,8,4,4,0.5,upi,temporary_failure,3,5.01,7,0,STANDARD,0,none,1
12099.97,82,8,7,1,0.875,netbanking,network_error,1,119.49,12,3,STANDARD,0,none,1
2575.04,371,7,5,2,0.7143,upi,bank_timeout,3,19.32,0,1,STANDARD,0,none,1
3402.59,702,8,6,2,0.75,card,temporary_failure,2,14.8,12,5,STANDARD,1,none,1
2528.74,206,11,11,0,1.0,card,fraud_suspected,1,62.16,12,5,STANDARD,2,none,1
2234.38,1230,13,12,1,0.9231,card,network_error,1,10.02,15,5,PREMIUM,2,active,1
3417.64,1293,11,11,0,1.0,wallet,fraud_suspected,2,62.78,14,3,STANDARD,1,none,0
8526.79,1224,4,4,0,1.0,upi,bank_decline,1,33.13,9,1,STANDARD,1,none,1
21581.05,1666,10,8,2,0.8,netbanking,temporary_failure,1,72.88,9,4,STANDARD,1,none,1
789.76,835,9,8,1,0.8889,netbanking,temporary_failure,1,7.79,4,1,STANDARD,0,none,1
11407.54,184,13,8,5,0.6154,card,bank_timeout,3,9.66,16,3,PREMIUM,0,active,0
4230.95,1471,10,8,2,0.8,upi,bank_decline,1,62.52,21,3,STANDARD,2,none,1
3246.54,959,9,7,2,0.7778,card,insufficient_funds,3,35.9,10,0,STANDARD,0,none,1
3587.53,609,5,3,2,0.6,upi,insufficient_funds,1,50.91,2,0,PREMIUM,0,active,1
11213.94,1479,9,8,1,0.8889,wallet,bank_decline,2,66.3,13,1,STANDARD,1,none,1
6908.66,407,10,9,1,0.9,card,bank_timeout,2,56.23,8,6,STANDARD,0,none,1
2316.33,1728,5,4,1,0.8,upi,insufficient_funds,3,29.84,3,6,STANDARD,1,none,0
7163.66,1054,9,7,2,0.7778,netbanking,invalid_account,1,17.93,7,3,PREMIUM,1,active,0
3476.6,1727,11,7,4,0.6364,netbanking,temporary_failure,3,6.26,23,2,STANDARD,0,none,1
2255.39,1350,9,8,1,0.8889,upi,bank_decline,3,26.56,4,1,STANDARD,2,none,1
1395.52,329,9,8,1,0.8889,netbanking,network_error,3,25.05,12,1,STANDARD,1,none,1
1785.38,1242,8,7,1,0.875,card,invalid_account,3,60.22,11,4,STANDARD,2,none,1
4953.83,659,10,6,4,0.6,card,invalid_account,2,7.67,7,5,STANDARD,0,none,0
2410.72,171,11,6,5,0.5455,upi,temporary_failure,1,60.31,23,1,STANDARD,1,none,0
5508.68,149,4,4,0,1.0,upi,fraud_suspected,1,47.72,13,0,STANDARD,2,none,0
8945.63,319,7,6,1,0.8571,upi,temporary_failure,1,24.33,5,3,STANDARD,4,none,1
2951.45,1387,7,6,1,0.8571,netbanking,bank_timeout,3,44.69,2,4,PREMIUM,3,active,1
3137.15,1680,12,7,5,0.5833,wallet,temporary_failure,3,47.9,6,1,STANDARD,1,none,0
1156.82,841,6,6,0,1.0,card,insufficient_funds,3,15.59,22,0,STANDARD,2,none,0
10322.26,554,7,7,0,1.0,card,bank_timeout,1,12.12,4,2,STANDARD,1,none,1
8455.05,411,6,6,0,1.0,upi,bank_timeout,3,12.45,20,5,PREMIUM,1,active,1
3351.8,581,7,5,2,0.7143,netbanking,invalid_account,1,60.46,4,2,PREMIUM,1,active,0
2854.66,1196,9,7,2,0.7778,netbanking,insufficient_funds,3,27.44,0,6,STANDARD,1,none,0
3388.49,448,10,8,2,0.8,upi,temporary_failure,2,44.56,17,5,PREMIUM,1,active,1
4419.82,356,8,4,4,0.5,card,insufficient_funds,3,4.04,12,2,PREMIUM,2,active,0
5558.83,785,11,3,8,0.2727,card,insufficient_funds,3,20.36,11,1,STANDARD,0,none,0
3644.3,1483,9,6,3,0.6667,upi,temporary_failure,2,10.65,8,4,PREMIUM,1,active,1
3686.34,1012,8,5,3,0.625,card,network_error,3,27.37,1,2,PREMIUM,0,active,0
7235.46,1545,14,11,3,0.7857,upi,bank_decline,3,48.88,19,1,STANDARD,3,none,1
6088.6,1331,12,11,1,0.9167,card,invalid_account,1,1.41,23,5,ENTERPRISE,1,active,0
16285.37,605,12,10,2,0.8333,upi,insufficient_funds,3,18.81,22,4,STANDARD,1,none,0
8736.99,282,6,3,3,0.5,card,insufficient_funds,1,43.11,13,2,STANDARD,3,none,0
1410.93,1511,20,14,6,0.7,card,temporary_failure,1,33.14,0,1,STANDARD,1,none,1
3461.19,935,8,5,3,0.625,netbanking,bank_timeout,2,34.19,9,4,STANDARD,0,none,0
2967.6,1261,8,6,2,0.75,netbanking,bank_timeout,1,35.61,9,6,PREMIUM,0,active,1
1757.52,336,13,10,3,0.7692,card,temporary_failure,2,47.63,19,2,PREMIUM,0,active,0
4077.46,1524,15,12,3,0.8,upi,temporary_failure,2,49.04,18,4,STANDARD,0,none,1
7375.84,502,11,11,0,1.0,netbanking,insufficient_funds,2,23.76,15,5,STANDARD,0,none,0
3071.06,676,9,7,2,0.7778,card,bank_timeout,1,54.03,6,4,STANDARD,4,none,1
4508.63,1328,9,7,2,0.7778,upi,bank_timeout,2,12.06,16,3,PREMIUM,1,active,1
4022.05,1097,9,8,1,0.8889,upi,fraud_suspected,2,29.96,17,3,STANDARD,0,none,0
5006.57,1231,9,8,1,0.8889,wallet,temporary_failure,1,13.7,14,2,STANDARD,2,none,1
1640.46,1434,9,9,0,1.0,netbanking,bank_decline,2,22.44,19,6,STANDARD,2,none,1
13610.26,56,8,7,1,0.875,upi,invalid_account,3,22.73,13,3,STANDARD,2,none,1
5670.18,454,7,4,3,0.5714,card,bank_decline,1,17.55,22,2,STANDARD,0,none,0
2376.17,1111,13,12,1,0.9231,upi,network_error,1,29.69,18,2,STANDARD,2,none,1
21934.23,1676,13,10,3,0.7692,wallet,bank_timeout,2,58.69,23,4,STANDARD,0,none,1
2661.33,1551,9,6,3,0.6667,wallet,temporary_failure,3,127.39,14,0,PREMIUM,1,active,0
2482.64,1066,8,6,2,0.75,upi,temporary_failure,1,9.8,17,3,STANDARD,2,none,1
4463.61,1477,9,5,4,0.5556,upi,network_error,1,52.36,6,2,PREMIUM,0,active,1
5155.82,1198,5,3,2,0.6,upi,network_error,2,13.64,21,4,STANDARD,1,none,1
8944.98,804,9,9,0,1.0,netbanking,temporary_failure,2,62.72,6,0,STANDARD,1,none,1
10451.65,1424,7,5,2,0.7143,card,bank_decline,2,15.19,3,3,PREMIUM,1,active,0
4541.13,1244,6,4,2,0.6667,wallet,insufficient_funds,3,19.01,14,3,PREMIUM,2,active,1
5216.15,1275,10,7,3,0.7,upi,temporary_failure,2,15.04,22,1,PREMIUM,0,active,1
1464.34,610,11,8,3,0.7273,upi,temporary_failure,1,67.61,0,4,STANDARD,2,none,1
15262.37,1573,9,9,0,1.0,wallet,fraud_suspected,1,35.81,8,1,STANDARD,0,none,0
1961.1,1405,5,4,1,0.8,wallet,insufficient_funds,2,26.97,11,1,STANDARD,2,none,1
4627.21,1561,6,5,1,0.8333,netbanking,temporary_failure,1,10.24,23,2,STANDARD,0,none,1
9117.48,1735,8,6,2,0.75,upi,network_error,2,30.32,17,0,STANDARD,2,none,1
2329.86,1223,9,6,3,0.6667,wallet,insufficient_funds,2,33.53,5,3,PREMIUM,0,active,1
9421.75,1280,13,11,2,0.8462,upi,invalid_account,2,10.33,14,2,STANDARD,1,none,0
2376.43,992,6,3,3,0.5,card,invalid_account,1,23.12,12,1,STANDARD,0,none,0
5465.95,147,9,8,1,0.8889,upi,insufficient_funds,2,2.7,20,5,STANDARD,1,none,1
4995.53,1657,9,8,1,0.8889,netbanking,temporary_failure,1,46.31,5,0,PREMIUM,0,active,1
966.52,1577,4,3,1,0.75,netbanking,temporary_failure,1,23.96,12,4,PREMIUM,1,active,1
4355.69,633,9,9,0,1.0,card,temporary_failure,2,13.01,3,2,STANDARD,1,none,1
2489.45,1560,6,4,2,0.6667,card,network_error,3,36.17,7,3,STANDARD,0,none,1
15417.33,276,5,5,0,1.0,netbanking,invalid_account,2,32.49,4,5,PREMIUM,0,active,0
3429.35,42,7,3,4,0.4286,upi,invalid_account,1,28.25,6,2,PREMIUM,0,active,0
3411.16,983,15,12,3,0.8,wallet,network_error,2,38.79,11,5,STANDARD,1,none,1
3324.83,164,10,9,1,0.9,wallet,network_error,1,156.56,23,0,STANDARD,1,none,1
2089.78,1159,7,6,1,0.8571,upi,bank_timeout,3,51.81,5,2,STANDARD,1,none,1
9260.64,567,7,5,2,0.7143,netbanking,network_error,3,55.62,14,3,STANDARD,1,none,0
369.23,1130,10,8,2,0.8,upi,invalid_account,2,14.43,18,0,PREMIUM,0,active,1
5909.41,1272,10,9,1,0.9,upi,bank_timeout,2,58.1,10,1,PREMIUM,0,active,1
5971.77,1751,6,5,1,0.8333,card,invalid_account,3,20.62,15,6,PREMIUM,0,active,0
1169.91,1332,8,6,2,0.75,card,temporary_failure,1,23.71,5,6,STANDARD,2,none,1
3563.76,1267,9,6,3,0.6667,card,network_error,2,12.61,19,4,PREMIUM,0,active,0
3970.13,466,13,10,3,0.7692,upi,insufficient_funds,3,99.48,23,2,PREMIUM,1,active,1
3367.93,369,5,4,1,0.8,upi,bank_decline,3,69.92,13,3,STANDARD,2,none,1
3384.3,1133,6,5,1,0.8333,netbanking,network_error,1,9.26,4,1,STANDARD,0,none,1
1145.83,414,11,10,1,0.9091,upi,bank_timeout,3,45.19,15,2,STANDARD,1,none,1
2501.48,180,6,4,2,0.6667,card,bank_decline,2,51.83,17,2,STANDARD,1,none,1
6657.52,93,10,8,2,0.8,card,temporary_failure,1,21.14,23,6,STANDARD,1,none,1
4443.06,958,4,3,1,0.75,upi,temporary_failure,3,13.76,10,0,PREMIUM,3,active,1
2202.05,569,7,4,3,0.5714,card,temporary_failure,1,27.55,16,2,STANDARD,2,none,1
3553.24,505,9,8,1,0.8889,upi,bank_decline,1,17.09,2,5,PREMIUM,0,active,1
4103.49,871,9,7,2,0.7778,upi,bank_decline,1,1.71,11,6,PREMIUM,0,active,1
2897.55,303,13,7,6,0.5385,upi,temporary_failure,2,24.95,13,0,PREMIUM,1,active,0
3799.86,1190,7,5,2,0.7143,wallet,temporary_failure,2,32.07,0,4,STANDARD,1,none,0
3315.49,1185,10,9,1,0.9,upi,invalid_account,3,92.96,3,1,PREMIUM,0,active,0
3122.95,169,10,7,3,0.7,netbanking,bank_decline,2,52.85,0,1,PREMIUM,2,active,0
1292.23,1091,10,8,2,0.8,wallet,bank_timeout,2,23.15,1,0,PREMIUM,1,active,1
9139.24,172,10,9,1,0.9,upi,insufficient_funds,3,54.45,6,3,STANDARD,0,none,0
6077.81,117,6,3,3,0.5,netbanking,invalid_account,1,9.53,12,2,STANDARD,0,none,0
1826.14,1363,12,12,0,1.0,netbanking,network_error,1,50.37,1,0,STANDARD,1,none,1
5894.1,207,13,10,3,0.7692,card,network_error,1,51.78,13,5,PREMIUM,3,active,1
8474.94,1522,9,8,1,0.8889,netbanking,insufficient_funds,1,49.32,12,5,STANDARD,0,none,1
3360.29,1046,12,8,4,0.6667,card,bank_timeout,3,5.17,7,4,PREMIUM,0,active,0
6316.05,164,9,7,2,0.7778,upi,network_error,1,23.31,17,1,PREMIUM,1,active,1
2770.53,1516,14,10,4,0.7143,wallet,bank_decline,2,26.12,3,3,PREMIUM,0,active,0
8057.11,1744,8,5,3,0.625,upi,temporary_failure,3,68.89,9,2,STANDARD,1,none,0
2693.75,913,10,8,2,0.8,netbanking,bank_timeout,3,7.93,8,3,STANDARD,1,none,1
1832.1,955,12,10,2,0.8333,upi,network_error,3,22.68,2,1,PREMIUM,0,active,1
1271.12,772,13,7,6,0.5385,upi,fraud_suspected,3,32.22,0,3,STANDARD,1,none,0
946.64,1387,3,3,0,1.0,card,insufficient_funds,2,10.61,6,0,STANDARD,0,none,1
30015.43,1459,5,4,1,0.8,card,bank_decline,3,5.73,4,1,STANDARD,1,none,1
1602.17,788,6,6,0,1.0,card,bank_decline,2,15.41,13,3,PREMIUM,0,active,1
4600.1,358,7,5,2,0.7143,card,bank_decline,1,46.7,1,1,STANDARD,2,none,0
2719.94,307,12,8,4,0.6667,card,temporary_failure,1,47.91,1,6,STANDARD,1,none,0
5207.28,1162,9,4,5,0.4444,upi,invalid_account,1,48.97,6,3,STANDARD,0,none,0
20326.11,651,14,13,1,0.9286,netbanking,bank_timeout,1,24.6,0,3,STANDARD,1,none,1
3019.83,1402,8,7,1,0.875,upi,temporary_failure,2,20.85,0,3,STANDARD,0,none,1
1701.77,206,7,5,2,0.7143,netbanking,bank_timeout,2,109.82,23,4,PREMIUM,0,active,0
2895.73,1513,4,4,0,1.0,netbanking,bank_decline,1,27.75,22,4,STANDARD,1,none,1
4654.51,504,5,2,3,0.4,upi,insufficient_funds,2,25.58,23,0,STANDARD,1,none,1
5764.02,826,8,8,0,1.0,upi,insufficient_funds,1,65.75,0,0,STANDARD,0,none,1
2935.37,1114,12,10,2,0.8333,upi,network_error,3,11.65,17,3,PREMIUM,0,active,1
8431.77,743,9,7,2,0.7778,card,bank_decline,2,39.97,16,2,STANDARD,2,none,0
3227.77,289,6,3,3,0.5,netbanking,insufficient_funds,2,82.71,17,5,ENTERPRISE,1,active,1
2974.77,854,5,5,0,1.0,upi,insufficient_funds,2,16.02,1,3,PREMIUM,3,active,0
1686.8,1272,5,4,1,0.8,upi,bank_decline,3,38.38,12,6,STANDARD,0,none,1
15558.86,694,9,7,2,0.7778,upi,insufficient_funds,3,49.13,13,5,STANDARD,2,none,1
2432.98,52,6,6,0,1.0,netbanking,network_error,3,46.29,3,4,STANDARD,0,none,0
13609.96,417,10,7,3,0.7,upi,fraud_suspected,2,36.5,16,5,PREMIUM,4,active,0
1729.69,229,9,7,2,0.7778,upi,network_error,1,14.9,5,1,ENTERPRISE,1,active,1
2135.04,1067,13,12,1,0.9231,netbanking,network_error,3,9.29,9,5,STANDARD,1,none,1
4386.16,552,10,8,2,0.8,netbanking,insufficient_funds,1,32.44,22,5,STANDARD,1,none,1
2512.3,273,12,9,3,0.75,upi,bank_timeout,1,26.57,14,6,STANDARD,1,none,0
3148.3,460,13,7,6,0.5385,netbanking,temporary_failure,2,60.45,2,6,STANDARD,0,none,0
813.16,1246,12,10,2,0.8333,upi,temporary_failure,1,58.8,1,6,STANDARD,1,none,1
1507.57,85,4,3,1,0.75,card,insufficient_funds,2,18.53,6,4,STANDARD,3,none,0
5610.88,1005,14,12,2,0.8571,wallet,bank_decline,2,8.7,2,6,STANDARD,1,none,0
5505.36,65,12,10,2,0.8333,card,fraud_suspected,3,86.51,10,4,PREMIUM,0,active,0
1725.8,678,6,6,0,1.0,netbanking,bank_decline,3,4.97,22,2,PREMIUM,2,active,1
3355.38,1285,6,6,0,1.0,upi,temporary_failure,1,45.82,22,2,STANDARD,2,none,1
1279.78,1166,6,5,1,0.8333,upi,insufficient_funds,2,9.07,11,6,STANDARD,2,none,0
5647.29,404,8,7,1,0.875,upi,temporary_failure,3,5.23,7,0,STANDARD,2,none,1
10978.97,1555,4,3,1,0.75,netbanking,temporary_failure,1,17.49,9,0,STANDARD,0,none,0
1084.26,360,7,6,1,0.8571,card,temporary_failure,1,80.61,22,0,STANDARD,0,none,1
5006.71,1644,10,9,1,0.9,card,temporary_failure,2,9.87,21,0,STANDARD,1,none,1
1049.8,70,10,9,1,0.9,card,temporary_failure,1,66.48,16,6,STANDARD,0,none,1
10750.28,731,7,7,0,1.0,netbanking,bank_timeout,3,101.41,3,2,STANDARD,1,none,1
24337.93,141,11,8,3,0.7273,upi,network_error,3,42.63,19,3,STANDARD,2,none,0
4636.7,1609,9,5,4,0.5556,netbanking,invalid_account,2,0.79,15,5,PREMIUM,1,active,0
1716.71,483,8,7,1,0.875,card,bank_decline,2,41.52,16,3,STANDARD,1,none,0
3331.28,985,9,5,4,0.5556,card,network_error,3,16.73,18,4,STANDARD,1,none,0
4716.93,440,12,10,2,0.8333,card,insufficient_funds,2,7.94,0,3,STANDARD,1,none,0
6363.97,192,7,4,3,0.5714,card,insufficient_funds,3,22.83,6,0,PREMIUM,0,active,1
1687.79,688,14,12,2,0.8571,card,bank_timeout,3,27.72,4,1,STANDARD,1,none,1
2681.37,1134,11,7,4,0.6364,upi,bank_timeout,2,58.23,16,6,STANDARD,2,none,1
8371.07,207,11,9,2,0.8182,upi,temporary_failure,1,76.07,2,3,STANDARD,2,none,1
5587.28,64,9,9,0,1.0,upi,insufficient_funds,3,23.46,23,0,STANDARD,0,none,0
2282.17,574,8,7,1,0.875,card,insufficient_funds,1,58.56,0,1,PREMIUM,3,active,1
16562.85,664,3,2,1,0.6667,netbanking,insufficient_funds,1,18.39,18,5,STANDARD,0,none,0
2723.84,678,12,9,3,0.75,upi,invalid_account,3,13.95,17,3,PREMIUM,1,active,0
962.23,1269,8,6,2,0.75,upi,bank_decline,1,47.0,22,0,STANDARD,1,none,1
1897.72,152,11,8,3,0.7273,upi,bank_timeout,1,39.91,9,6,PREMIUM,0,active,0
14858.34,984,11,9,2,0.8182,netbanking,insufficient_funds,3,31.24,16,6,STANDARD,3,none,1
8801.15,1485,6,5,1,0.8333,card,bank_timeout,3,35.97,18,6,STANDARD,3,none,1
6213.72,620,4,3,1,0.75,upi,insufficient_funds,2,19.35,22,4,STANDARD,1,none,1
8407.49,496,6,4,2,0.6667,upi,invalid_account,3,39.52,14,5,STANDARD,1,none,0
6351.06,1476,8,6,2,0.75,card,insufficient_funds,1,11.44,3,6,STANDARD,1,none,0
1965.46,1443,9,7,2,0.7778,wallet,fraud_suspected,3,16.55,12,6,PREMIUM,0,active,0
1749.07,1280,7,5,2,0.7143,wallet,bank_decline,1,18.34,22,5,STANDARD,1,none,1
2229.05,587,7,7,0,1.0,upi,network_error,2,41.17,15,4,STANDARD,2,none,1
5672.82,333,10,10,0,1.0,wallet,insufficient_funds,3,47.36,18,0,STANDARD,1,none,1
6519.89,1786,12,11,1,0.9167,upi,bank_timeout,2,40.67,17,2,STANDARD,0,none,1
9296.57,857,9,7,2,0.7778,netbanking,temporary_failure,3,23.68,13,4,STANDARD,0,none,0
16370.78,520,5,4,1,0.8,netbanking,network_error,3,74.04,16,6,STANDARD,2,none,1
11207.51,1610,9,9,0,1.0,card,bank_timeout,3,8.3,1,1,ENTERPRISE,0,active,1
10721.55,1674,8,6,2,0.75,card,bank_decline,3,45.56,4,6,STANDARD,0,none,1
5319.2,899,13,10,3,0.7692,card,invalid_account,1,29.81,7,4,PREMIUM,0,active,0
3302.82,512,9,8,1,0.8889,wallet,bank_timeout,2,25.46,22,3,STANDARD,0,none,1
4416.16,1148,5,5,0,1.0,upi,temporary_failure,2,37.27,14,1,STANDARD,0,none,1
2140.52,468,9,9,0,1.0,upi,invalid_account,3,82.35,18,5,STANDARD,0,none,1
867.57,1355,10,8,2,0.8,upi,insufficient_funds,2,14.62,13,2,STANDARD,2,none,0
15696.09,181,8,7,1,0.875,upi,invalid_account,3,22.49,12,4,STANDARD,1,none,0
2634.54,373,7,5,2,0.7143,wallet,temporary_failure,2,3.8,3,0,STANDARD,0,none,1
3647.32,1764,12,11,1,0.9167,upi,bank_decline,2,27.23,18,1,STANDARD,3,none,1
4288.11,919,12,12,0,1.0,upi,temporary_failure,1,76.37,9,1,PREMIUM,2,active,1
3773.25,1694,5,3,2,0.6,upi,invalid_account,2,103.96,9,6,STANDARD,2,none,0
2212.02,223,8,8,0,1.0,netbanking,fraud_suspected,3,43.53,11,1,STANDARD,1,none,0
1781.66,1009,10,9,1,0.9,wallet,insufficient_funds,3,89.91,3,1,PREMIUM,0,active,0
786.7,1751,16,12,4,0.75,upi,insufficient_funds,2,25.29,2,0,STANDARD,1,none,0
4853.92,601,5,4,1,0.8,wallet,insufficient_funds,3,32.18,18,6,STANDARD,1,none,0
13519.13,364,9,8,1,0.8889,upi,bank_decline,1,54.39,2,3,PREMIUM,0,active,0
4862.92,1376,9,9,0,1.0,netbanking,bank_decline,2,29.09,21,2,STANDARD,0,none,1
2033.47,1538,12,11,1,0.9167,netbanking,network_error,1,32.48,20,5,ENTERPRISE,3,active,1
3018.07,832,5,3,2,0.6,upi,network_error,1,21.28,6,2,STANDARD,1,none,0
5816.04,577,8,6,2,0.75,upi,bank_timeout,3,61.97,19,6,STANDARD,0,none,1
6835.52,1066,9,6,3,0.6667,upi,bank_timeout,3,13.42,0,2,STANDARD,1,none,0
2091.3,321,13,11,2,0.8462,card,network_error,2,80.93,7,4,STANDARD,0,none,1
1446.85,119,4,3,1,0.75,card,bank_timeout,1,55.42,6,4,STANDARD,1,none,1
1681.82,1523,9,6,3,0.6667,wallet,fraud_suspected,2,28.15,19,0,STANDARD,0,none,0
5654.75,992,7,6,1,0.8571,upi,insufficient_funds,1,8.69,13,0,STANDARD,1,none,1
1225.84,702,10,9,1,0.9,card,insufficient_funds,3,11.34,20,1,PREMIUM,1,active,1
1869.53,1165,7,7,0,1.0,upi,insufficient_funds,3,4.04,16,2,ENTERPRISE,1,active,1
3554.14,1770,6,3,3,0.5,card,bank_timeout,3,28.95,13,0,PREMIUM,2,active,1
15255.06,797,7,6,1,0.8571,upi,temporary_failure,2,69.13,9,0,PREMIUM,1,active,1
2413.44,1519,7,6,1,0.8571,upi,temporary_failure,1,81.27,23,4,STANDARD,0,none,0
7272.19,1554,6,5,1,0.8333,card,bank_decline,2,25.42,14,6,STANDARD,0,none,0
1290.21,831,12,9,3,0.75,card,bank_decline,3,56.57,4,3,STANDARD,0,none,0
3034.15,1738,7,4,3,0.5714,card,insufficient_funds,1,17.75,5,3,STANDARD,1,none,0
905.23,177,2,2,0,1.0,upi,invalid_account,1,31.22,13,1,PREMIUM,1,active,1
4586.39,204,16,11,5,0.6875,upi,temporary_failure,3,65.32,11,5,PREMIUM,1,active,0
2113.64,268,10,7,3,0.7,upi,temporary_failure,3,53.0,2,3,PREMIUM,3,active,1
4491.6,923,6,6,0,1.0,card,insufficient_funds,2,11.74,17,3,STANDARD,1,none,1
2104.25,606,10,9,1,0.9,wallet,temporary_failure,3,26.49,22,6,STANDARD,0,none,1
11888.35,1501,11,8,3,0.7273,card,network_error,3,90.57,0,4,STANDARD,1,none,1
2953.95,491,8,3,5,0.375,upi,bank_timeout,2,13.34,7,6,STANDARD,1,none,1
2998.34,334,9,6,3,0.6667,upi,temporary_failure,1,70.35,17,2,PREMIUM,1,active,1
2557.93,1595,10,9,1,0.9,upi,temporary_failure,1,74.25,11,3,ENTERPRISE,2,active,1
4257.42,739,14,12,2,0.8571,upi,temporary_failure,3,35.51,1,4,STANDARD,1,none,1
4766.9,1081,5,4,1,0.8,card,bank_timeout,2,20.37,11,2,STANDARD,1,none,1
1947.62,1764,6,3,3,0.5,upi,invalid_account,2,47.87,2,5,PREMIUM,1,active,0
3230.52,550,11,9,2,0.8182,card,bank_decline,1,49.37,17,5,PREMIUM,2,active,1
5420.87,1505,9,8,1,0.8889,card,insufficient_funds,3,4.13,8,1,STANDARD,1,none,0
12497.74,1031,15,13,2,0.8667,card,temporary_failure,3,66.3,2,5,STANDARD,1,none,0
8253.63,46,9,6,3,0.6667,wallet,insufficient_funds,2,28.29,0,5,STANDARD,1,none,0
5367.87,247,7,5,2,0.7143,netbanking,insufficient_funds,2,63.66,2,3,STANDARD,2,none,0
10764.48,1088,12,10,2,0.8333,upi,temporary_failure,2,30.82,2,2,STANDARD,1,none,1
1356.98,1183,5,3,2,0.6,upi,bank_decline,2,16.98,15,3,PREMIUM,0,active,1
11609.4,928,13,8,5,0.6154,netbanking,insufficient_funds,3,27.6,12,0,STANDARD,2,none,0
4165.75,736,6,4,2,0.6667,upi,fraud_suspected,1,63.36,18,6,STANDARD,1,none,1
2376.18,1068,10,6,4,0.6,upi,temporary_failure,1,32.35,13,6,STANDARD,0,none,0
2993.71,1126,10,10,0,1.0,card,temporary_failure,1,32.33,14,6,PREMIUM,1,active,1
7705.68,1567,11,9,2,0.8182,card,insufficient_funds,2,27.09,1,6,STANDARD,1,none,1
2720.49,400,7,4,3,0.5714,upi,insufficient_funds,1,20.13,19,1,PREMIUM,1,active,1
4117.92,1272,12,8,4,0.6667,upi,network_error,2,32.51,23,3,STANDARD,1,none,1
5466.3,1347,16,13,3,0.8125,netbanking,insufficient_funds,1,27.11,8,4,STANDARD,1,none,1
7862.49,1160,5,5,0,1.0,wallet,fraud_suspected,2,63.26,14,5,STANDARD,3,none,1
1246.16,901,11,7,4,0.6364,upi,temporary_failure,2,38.46,2,0,STANDARD,0,none,1
2941.07,676,14,12,2,0.8571,upi,insufficient_funds,1,49.87,11,4,PREMIUM,1,active,1
7371.76,566,8,6,2,0.75,card,temporary_failure,1,28.3,10,6,STANDARD,2,none,0
11458.88,1030,11,8,3,0.7273,card,bank_decline,2,54.33,11,3,STANDARD,1,none,1
2274.68,1080,16,15,1,0.9375,upi,insufficient_funds,1,41.45,10,5,STANDARD,1,none,0
15522.27,954,5,3,2,0.6,card,temporary_failure,1,54.75,6,2,PREMIUM,0,active,0
4347.97,1487,11,10,1,0.9091,upi,network_error,1,58.0,16,6,PREMIUM,1,active,1
1267.07,500,11,9,2,0.8182,upi,bank_decline,2,27.01,10,6,STANDARD,0,none,1
5517.9,765,10,7,3,0.7,netbanking,bank_timeout,3,7.89,9,5,STANDARD,1,none,1
3036.57,887,16,13,3,0.8125,card,fraud_suspected,2,38.36,15,3,PREMIUM,1,active,0
2025.41,1703,9,6,3,0.6667,upi,insufficient_funds,3,27.18,15,6,STANDARD,0,none,1
1073.65,1311,11,10,1,0.9091,netbanking,insufficient_funds,2,13.95,23,3,STANDARD,2,none,0
3561.03,933,9,8,1,0.8889,upi,temporary_failure,1,95.4,6,1,STANDARD,0,none,1
5433.23,618,12,9,3,0.75,upi,invalid_account,2,45.02,9,4,STANDARD,1,none,0
4777.88,808,11,9,2,0.8182,card,bank_decline,2,24.74,1,5,STANDARD,0,none,1
2871.9,1009,8,7,1,0.875,upi,temporary_failure,2,22.06,20,6,STANDARD,2,none,1
1303.21,348,11,8,3,0.7273,netbanking,temporary_failure,2,32.75,2,5,STANDARD,0,none,1
9869.15,797,9,8,1,0.8889,card,insufficient_funds,2,37.32,13,3,STANDARD,0,none,0
5046.06,1230,6,3,3,0.5,card,bank_decline,2,20.09,17,0,ENTERPRISE,2,active,0
218.28,457,9,4,5,0.4444,upi,bank_decline,2,49.3,16,0,STANDARD,2,none,0
2191.49,1600,9,6,3,0.6667,upi,temporary_failure,3,22.13,10,6,PREMIUM,1,active,1
6590.77,1124,8,8,0,1.0,card,insufficient_funds,1,40.24,17,3,PREMIUM,3,active,1
10565.21,1018,7,7,0,1.0,card,fraud_suspected,3,15.11,11,3,PREMIUM,2,active,0
8343.61,1126,5,4,1,0.8,upi,insufficient_funds,2,54.44,0,1,STANDARD,2,none,1
5108.41,149,5,3,2,0.6,upi,insufficient_funds,1,22.62,5,5,PREMIUM,2,active,0
1966.34,67,12,9,3,0.75,card,insufficient_funds,1,33.65,18,1,PREMIUM,0,active,0
11027.4,1556,7,7,0,1.0,upi,insufficient_funds,3,25.63,18,4,STANDARD,0,none,1
7673.91,1474,12,9,3,0.75,upi,network_error,3,35.18,7,4,STANDARD,0,none,1
3614.48,851,9,8,1,0.8889,upi,insufficient_funds,3,51.28,1,3,STANDARD,1,none,0
4778.12,543,12,7,5,0.5833,upi,bank_decline,2,7.7,6,3,PREMIUM,0,active,1
4464.89,470,11,9,2,0.8182,card,insufficient_funds,3,37.22,12,4,STANDARD,1,none,0
2434.06,1332,9,6,3,0.6667,card,bank_timeout,2,89.02,20,6,STANDARD,1,none,1
3202.86,355,20,15,5,0.75,upi,insufficient_funds,1,5.34,1,4,STANDARD,2,none,0
6660.54,622,9,6,3,0.6667,card,bank_decline,3,7.26,9,4,STANDARD,1,none,1
3787.8,548,5,5,0,1.0,card,temporary_failure,1,69.65,4,3,STANDARD,0,none,1
4105.28,1543,11,11,0,1.0,netbanking,invalid_account,3,41.22,10,2,PREMIUM,1,active,0
1897.6,305,7,7,0,1.0,card,insufficient_funds,2,89.84,16,1,STANDARD,2,none,1
8312.86,1383,5,4,1,0.8,card,bank_timeout,3,8.79,9,1,STANDARD,2,none,0
5845.29,1172,9,7,2,0.7778,card,bank_decline,1,54.25,8,3,STANDARD,1,none,0
1363.48,1146,10,10,0,1.0,card,fraud_suspected,3,3.42,0,0,STANDARD,0,none,0
4449.78,1523,11,11,0,1.0,upi,network_error,3,88.62,0,3,PREMIUM,0,active,0
3354.14,959,6,2,4,0.3333,upi,bank_decline,3,16.16,15,3,STANDARD,1,none,0
16550.78,854,10,9,1,0.9,card,invalid_account,3,82.46,8,6,STANDARD,0,none,0
2226.16,1754,9,8,1,0.8889,upi,temporary_failure,2,42.93,13,4,PREMIUM,0,active,1
2398.22,1363,8,5,3,0.625,upi,invalid_account,2,7.16,21,2,STANDARD,0,none,0
1832.91,1718,12,7,5,0.5833,upi,invalid_account,3,24.34,17,5,PREMIUM,0,active,0
18919.61,1398,7,5,2,0.7143,card,insufficient_funds,1,20.1,6,4,PREMIUM,1,active,1
14827.96,1639,6,5,1,0.8333,card,temporary_failure,2,18.21,1,0,PREMIUM,1,active,1
6562.41,1335,10,10,0,1.0,upi,temporary_failure,1,11.6,4,1,STANDARD,3,none,0
2488.88,824,9,8,1,0.8889,upi,insufficient_funds,1,22.4,9,6,STANDARD,1,none,0
836.44,332,6,5,1,0.8333,upi,temporary_failure,3,28.93,11,2,PREMIUM,1,active,1
2014.4,1713,7,4,3,0.5714,upi,temporary_failure,3,4.52,10,2,STANDARD,1,none,1
612.0,865,6,5,1,0.8333,upi,insufficient_funds,2,21.95,19,0,PREMIUM,1,active,0
1211.96,1011,10,7,3,0.7,netbanking,bank_timeout,1,15.08,20,5,PREMIUM,2,active,0
1959.59,1573,12,9,3,0.75,card,network_error,2,20.7,19,6,STANDARD,2,none,1
4917.83,825,10,7,3,0.7,upi,bank_decline,2,10.13,4,3,STANDARD,3,none,1
4887.98,521,10,8,2,0.8,upi,bank_timeout,1,17.02,16,3,STANDARD,0,none,1
4957.44,195,9,7,2,0.7778,netbanking,insufficient_funds,2,66.38,3,2,PREMIUM,0,active,1
10211.43,891,10,9,1,0.9,card,temporary_failure,2,90.27,14,4,STANDARD,1,none,1
2615.93,1297,6,5,1,0.8333,upi,invalid_account,2,18.92,19,6,STANDARD,0,none,0
1128.66,154,6,5,1,0.8333,netbanking,temporary_failure,3,47.67,17,6,STANDARD,2,none,0
1127.26,642,7,6,1,0.8571,card,bank_decline,3,10.3,6,6,STANDARD,2,none,0
1083.67,405,11,11,0,1.0,upi,temporary_failure,3,63.72,13,0,PREMIUM,1,active,1
6895.35,1022,6,5,1,0.8333,netbanking,insufficient_funds,1,52.74,15,4,STANDARD,1,none,0
1491.37,1150,9,8,1,0.8889,upi,temporary_failure,2,2.52,3,1,STANDARD,1,none,1
687.34,1481,9,7,2,0.7778,wallet,temporary_failure,3,20.8,3,6,PREMIUM,4,active,1
4824.49,1134,4,3,1,0.75,netbanking,temporary_failure,2,46.01,0,4,STANDARD,1,none,1
2387.14,599,9,5,4,0.5556,upi,insufficient_funds,3,16.77,9,0,STANDARD,2,none,0
3651.55,1258,12,7,5,0.5833,netbanking,temporary_failure,2,4.26,23,4,PREMIUM,1,active,1
3948.02,535,11,10,1,0.9091,upi,network_error,1,30.17,19,3,STANDARD,0,none,1
1410.17,217,13,9,4,0.6923,netbanking,invalid_account,1,15.35,13,1,STANDARD,1,none,0
16622.58,1757,13,10,3,0.7692,upi,insufficient_funds,1,55.29,1,6,STANDARD,1,none,0
2148.26,1307,8,6,2,0.75,card,bank_timeout,2,56.01,11,5,STANDARD,2,none,1
653.09,1602,14,13,1,0.9286,upi,temporary_failure,2,21.95,5,3,STANDARD,2,none,1
11739.7,181,7,6,1,0.8571,card,temporary_failure,1,14.66,10,2,PREMIUM,0,active,1
6011.49,56,14,9,5,0.6429,upi,insufficient_funds,2,62.72,13,5,STANDARD,0,none,0
722.01,1731,8,6,2,0.75,upi,fraud_suspected,3,50.18,5,0,STANDARD,0,none,0
970.07,1584,8,4,4,0.5,upi,temporary_failure,2,24.01,10,0,STANDARD,1,none,1
17645.68,556,7,6,1,0.8571,netbanking,network_error,2,25.65,16,1,STANDARD,1,none,1
1980.77,841,6,5,1,0.8333,upi,fraud_suspected,2,38.8,21,2,PREMIUM,2,active,1
1346.61,774,8,5,3,0.625,netbanking,fraud_suspected,2,8.99,17,1,PREMIUM,1,active,0
8718.54,10,10,8,2,0.8,netbanking,insufficient_funds,3,17.32,3,3,STANDARD,0,none,0
15776.42,979,10,8,2,0.8,upi,insufficient_funds,3,93.7,21,2,STANDARD,0,none,0
1144.25,573,13,11,2,0.8462,netbanking,insufficient_funds,2,43.86,16,3,STANDARD,1,none,0
5233.85,1406,6,3,3,0.5,upi,temporary_failure,3,19.25,13,1,PREMIUM,0,active,1
8408.15,1635,8,7,1,0.875,upi,network_error,1,45.19,22,2,STANDARD,1,none,1
1405.45,142,9,7,2,0.7778,netbanking,temporary_failure,3,24.77,4,4,PREMIUM,1,active,1
3096.14,503,5,4,1,0.8,card,network_error,2,126.55,18,2,STANDARD,1,none,1
1134.52,1664,13,11,2,0.8462,card,bank_timeout,1,55.71,14,1,PREMIUM,0,active,1
2797.76,1150,4,3,1,0.75,upi,temporary_failure,2,38.99,22,0,STANDARD,1,none,0
7733.63,1777,5,5,0,1.0,wallet,network_error,2,55.22,16,4,STANDARD,1,none,1
4568.83,1106,9,6,3,0.6667,upi,network_error,3,27.17,13,2,STANDARD,3,none,1
2009.78,1546,6,6,0,1.0,card,invalid_account,1,21.73,7,6,STANDARD,0,none,0
3743.08,119,9,8,1,0.8889,netbanking,temporary_failure,3,22.99,21,0,STANDARD,0,none,0
583.96,1228,8,8,0,1.0,card,network_error,1,36.62,12,6,STANDARD,2,none,0
1827.37,338,11,10,1,0.9091,upi,invalid_account,1,31.12,11,1,STANDARD,1,none,1
21972.87,404,11,7,4,0.6364,netbanking,insufficient_funds,3,12.0,16,4,STANDARD,0,none,0
5512.51,1759,9,5,4,0.5556,wallet,network_error,3,27.77,14,1,STANDARD,1,none,1
9113.5,830,9,7,2,0.7778,netbanking,insufficient_funds,2,10.64,4,3,ENTERPRISE,3,active,1
1781.18,1721,5,3,2,0.6,card,bank_timeout,1,24.63,14,1,STANDARD,3,none,0
1526.65,605,13,9,4,0.6923,upi,temporary_failure,2,3.29,6,3,STANDARD,2,none,1
1724.82,43,7,5,2,0.7143,upi,insufficient_funds,1,59.92,16,0,STANDARD,0,none,0
4049.54,481,7,5,2,0.7143,upi,temporary_failure,1,31.0,7,6,PREMIUM,1,active,0
13580.93,1059,11,9,2,0.8182,netbanking,temporary_failure,1,7.96,13,5,STANDARD,0,none,1
6168.26,989,5,5,0,1.0,upi,bank_decline,1,18.48,12,2,STANDARD,0,none,1
3456.89,1123,12,10,2,0.8333,card,bank_decline,2,30.17,2,5,STANDARD,0,none,1
5464.86,1016,10,6,4,0.6,upi,bank_timeout,1,8.69,22,1,STANDARD,1,none,1
15663.92,623,19,15,4,0.7895,card,network_error,3,90.88,23,4,PREMIUM,1,active,1
1706.49,949,12,11,1,0.9167,upi,temporary_failure,3,38.99,10,4,ENTERPRISE,2,active,1
16692.8,594,7,5,2,0.7143,upi,bank_decline,3,28.65,20,4,STANDARD,0,none,0
5816.48,1117,7,7,0,1.0,netbanking,insufficient_funds,1,4.42,19,3,STANDARD,2,none,1
14085.81,971,9,6,3,0.6667,card,bank_decline,3,18.31,16,1,STANDARD,2,none,0
5132.8,119,9,6,3,0.6667,card,temporary_failure,3,35.73,19,1,PREMIUM,2,active,0
14586.62,634,14,13,1,0.9286,card,temporary_failure,3,53.86,21,6,STANDARD,2,none,1
4992.52,1596,13,10,3,0.7692,netbanking,temporary_failure,1,36.24,6,4,STANDARD,1,none,1
7905.76,1145,8,6,2,0.75,wallet,bank_decline,1,15.86,0,4,STANDARD,0,none,0
5838.7,129,14,10,4,0.7143,upi,temporary_failure,1,72.52,16,4,STANDARD,2,none,1
5111.52,1038,11,6,5,0.5455,card,insufficient_funds,1,44.79,20,4,STANDARD,1,none,0
1681.12,1414,7,7,0,1.0,card,insufficient_funds,2,23.43,1,1,PREMIUM,0,active,1
2764.0,1293,16,13,3,0.8125,upi,bank_decline,1,22.36,2,0,STANDARD,0,none,0
8174.95,678,8,8,0,1.0,card,temporary_failure,1,79.34,19,5,STANDARD,2,none,1
2214.12,462,9,4,5,0.4444,upi,insufficient_funds,2,17.85,4,4,STANDARD,0,none,0
4851.31,908,8,7,1,0.875,wallet,invalid_account,1,23.23,19,5,STANDARD,2,none,0
5378.06,55,10,9,1,0.9,upi,bank_timeout,1,15.44,5,4,ENTERPRISE,0,active,1
649.24,66,7,6,1,0.8571,card,bank_decline,1,63.29,19,0,STANDARD,2,none,1
1005.69,522,8,6,2,0.75,upi,bank_timeout,2,74.2,9,0,STANDARD,0,none,1
11132.55,1020,7,7,0,1.0,upi,temporary_failure,1,31.22,20,3,PREMIUM,0,active,1
9229.87,698,12,7,5,0.5833,netbanking,network_error,1,20.03,17,3,PREMIUM,1,active,1
4686.77,1643,11,8,3,0.7273,netbanking,insufficient_funds,3,45.41,21,1,PREMIUM,0,active,0
3198.58,1677,11,9,2,0.8182,upi,temporary_failure,2,27.34,15,0,STANDARD,2,none,1
2771.05,1663,12,9,3,0.75,upi,bank_timeout,1,20.97,18,4,STANDARD,3,none,1
2293.11,588,12,10,2,0.8333,card,temporary_failure,2,31.03,19,0,PREMIUM,0,active,1
2261.14,1645,5,4,1,0.8,netbanking,invalid_account,1,6.5,9,0,STANDARD,0,none,1
2908.51,1406,13,9,4,0.6923,upi,invalid_account,3,88.05,1,2,STANDARD,0,none,0
14407.54,554,10,10,0,1.0,upi,bank_timeout,2,28.8,22,1,STANDARD,0,none,1
2674.03,799,4,4,0,1.0,netbanking,bank_timeout,1,70.47,7,6,ENTERPRISE,1,active,1
3955.63,679,1,1,0,1.0,netbanking,bank_decline,3,88.38,5,0,PREMIUM,2,active,0
848.8,1404,11,10,1,0.9091,upi,invalid_account,2,45.25,23,2,STANDARD,0,none,0
1911.44,593,13,11,2,0.8462,card,insufficient_funds,1,21.62,6,0,STANDARD,1,none,1
2797.77,1530,13,10,3,0.7692,card,invalid_account,3,7.25,0,6,STANDARD,0,none,1
3955.16,472,5,4,1,0.8,card,insufficient_funds,3,47.7,23,6,PREMIUM,1,active,0
3099.03,739,7,6,1,0.8571,card,temporary_failure,3,50.97,5,1,PREMIUM,1,active,1
845.74,1454,3,1,2,0.3333,upi,fraud_suspected,1,42.41,0,4,STANDARD,4,none,0
4605.32,574,10,9,1,0.9,netbanking,invalid_account,3,59.38,21,2,STANDARD,2,none,0
5657.87,300,8,7,1,0.875,card,bank_decline,2,60.64,5,6,ENTERPRISE,1,active,1
17001.31,233,4,3,1,0.75,upi,invalid_account,1,41.33,13,2,ENTERPRISE,1,active,0
2844.4,1452,11,10,1,0.9091,card,temporary_failure,2,38.46,4,5,PREMIUM,2,active,1
4294.07,1458,9,8,1,0.8889,netbanking,fraud_suspected,3,56.01,18,6,STANDARD,0,none,0
3027.68,1182,14,12,2,0.8571,card,bank_timeout,2,36.97,6,3,PREMIUM,0,active,1
3789.54,229,9,7,2,0.7778,card,temporary_failure,3,12.76,12,4,STANDARD,1,none,1
4892.55,934,9,7,2,0.7778,card,insufficient_funds,1,16.11,3,1,PREMIUM,1,active,0
7890.6,287,5,3,2,0.6,card,temporary_failure,3,26.21,17,2,STANDARD,1,none,1
5313.99,360,11,10,1,0.9091,card,network_error,3,60.98,15,4,STANDARD,4,none,1
1810.0,1513,6,4,2,0.6667,upi,network_error,2,23.31,9,5,PREMIUM,1,active,1
1598.5,626,8,5,3,0.625,upi,invalid_account,3,32.77,14,6,STANDARD,0,none,0
2351.18,707,9,8,1,0.8889,netbanking,insufficient_funds,1,64.99,23,4,STANDARD,2,none,0
1865.25,133,11,11,0,1.0,card,fraud_suspected,3,45.39,21,6,STANDARD,1,none,1
2191.08,1234,17,11,6,0.6471,netbanking,temporary_failure,2,63.1,6,6,STANDARD,0,none,1
1346.31,411,11,7,4,0.6364,card,bank_decline,1,36.49,4,1,STANDARD,2,none,0
7598.15,1184,7,6,1,0.8571,upi,temporary_failure,2,19.04,6,0,STANDARD,1,none,1
2357.84,1226,11,10,1,0.9091,card,network_error,1,28.91,17,3,PREMIUM,2,active,0
2874.15,87,10,10,0,1.0,upi,bank_decline,2,58.63,18,5,PREMIUM,0,active,1
9600.17,1638,6,5,1,0.8333,wallet,temporary_failure,3,21.71,18,3,STANDARD,0,none,1
2119.36,236,6,6,0,1.0,card,fraud_suspected,1,42.69,18,3,PREMIUM,2,active,1
4903.88,1689,8,7,1,0.875,card,insufficient_funds,3,9.34,12,5,STANDARD,2,none,1
12115.03,156,9,7,2,0.7778,card,bank_timeout,1,25.77,0,1,PREMIUM,3,active,1
1105.42,1468,9,8,1,0.8889,upi,fraud_suspected,3,43.08,18,2,STANDARD,1,none,0
4663.03,1136,9,8,1,0.8889,upi,insufficient_funds,3,63.85,13,0,STANDARD,1,none,1
7516.98,823,5,5,0,1.0,upi,network_error,2,43.91,12,1,STANDARD,0,none,1
3179.61,1359,7,5,2,0.7143,netbanking,insufficient_funds,1,37.71,6,3,STANDARD,0,none,0
1399.27,14,7,6,1,0.8571,upi,temporary_failure,1,13.69,8,2,ENTERPRISE,0,active,1
3350.68,1034,11,8,3,0.7273,card,invalid_account,1,122.1,0,5,STANDARD,0,none,1
10714.42,206,6,5,1,0.8333,upi,insufficient_funds,2,79.33,19,1,PREMIUM,2,active,1
1880.27,171,10,9,1,0.9,upi,insufficient_funds,1,42.0,9,6,PREMIUM,3,active,1
5573.55,1764,11,6,5,0.5455,wallet,bank_timeout,1,46.49,16,1,PREMIUM,2,active,1
2244.1,1388,9,8,1,0.8889,upi,bank_decline,1,48.72,16,3,STANDARD,1,none,1
11511.64,1065,10,7,3,0.7,netbanking,bank_decline,3,7.14,5,5,ENTERPRISE,1,active,0
3446.72,118,7,5,2,0.7143,netbanking,insufficient_funds,2,32.78,7,5,STANDARD,3,none,0
1377.77,834,10,8,2,0.8,card,insufficient_funds,3,150.06,15,5,STANDARD,0,none,1
3991.33,1378,9,4,5,0.4444,wallet,bank_timeout,3,39.25,6,1,STANDARD,1,none,0
1545.11,638,9,9,0,1.0,card,bank_decline,1,24.5,0,4,STANDARD,0,none,1
3325.54,1693,12,9,3,0.75,netbanking,invalid_account,1,56.75,14,0,STANDARD,0,none,0
5544.81,663,9,7,2,0.7778,card,insufficient_funds,2,42.89,20,0,STANDARD,2,none,1
3747.25,583,5,4,1,0.8,netbanking,fraud_suspected,3,35.49,10,4,STANDARD,2,none,0
5887.8,182,12,5,7,0.4167,netbanking,fraud_suspected,3,68.34,16,6,PREMIUM,1,active,0
14306.13,117,8,8,0,1.0,upi,insufficient_funds,1,97.47,5,4,PREMIUM,2,active,0
2446.86,1193,6,4,2,0.6667,card,insufficient_funds,1,35.24,15,6,STANDARD,3,none,0
3731.69,1041,6,4,2,0.6667,wallet,insufficient_funds,3,37.43,23,2,STANDARD,0,none,0
4462.85,106,10,5,5,0.5,card,bank_timeout,3,44.27,7,3,STANDARD,2,none,0
6020.61,402,2,2,0,1.0,card,bank_decline,1,84.15,8,0,STANDARD,0,none,1
7830.36,319,7,5,2,0.7143,upi,bank_decline,3,8.88,5,3,PREMIUM,0,active,1
2964.9,1053,7,5,2,0.7143,card,insufficient_funds,3,43.83,1,0,STANDARD,1,none,1
1241.78,808,9,6,3,0.6667,upi,bank_decline,2,15.6,23,5,STANDARD,0,none,0
5334.57,1528,11,5,6,0.4545,netbanking,insufficient_funds,2,46.04,9,2,STANDARD,1,none,0
3767.76,609,7,5,2,0.7143,wallet,invalid_account,2,79.65,18,5,STANDARD,2,none,0
13836.42,251,9,6,3,0.6667,upi,temporary_failure,3,14.59,22,0,STANDARD,1,none,0
3764.03,783,8,4,4,0.5,card,insufficient_funds,1,49.6,10,3,PREMIUM,0,active,0
3780.87,421,9,5,4,0.5556,upi,bank_decline,1,73.44,16,2,STANDARD,2,none,1
3264.78,1027,10,9,1,0.9,netbanking,bank_decline,1,43.92,17,2,STANDARD,1,none,1
809.55,1381,9,7,2,0.7778,card,bank_timeout,2,26.11,6,1,STANDARD,1,none,1
3150.1,997,8,7,1,0.875,upi,network_error,2,56.06,20,5,PREMIUM,1,active,1
2356.35,1159,12,9,3,0.75,upi,network_error,3,5.79,17,5,PREMIUM,1,active,1
510.82,1507,7,6,1,0.8571,netbanking,bank_timeout,3,11.74,3,3,STANDARD,0,none,0
4264.84,206,9,6,3,0.6667,netbanking,invalid_account,1,30.8,3,1,STANDARD,2,none,0
3251.78,1153,8,7,1,0.875,netbanking,insufficient_funds,1,35.69,20,6,STANDARD,3,none,1
661.83,17,12,8,4,0.6667,card,bank_decline,1,73.53,4,6,STANDARD,1,none,0
2217.63,565,12,9,3,0.75,upi,bank_timeout,3,26.28,15,2,PREMIUM,3,active,1
7326.78,1148,7,7,0,1.0,upi,bank_decline,3,31.79,7,2,PREMIUM,0,active,1
2375.5,292,7,6,1,0.8571,netbanking,fraud_suspected,1,59.0,16,4,STANDARD,0,none,0
2316.27,756,6,5,1,0.8333,upi,insufficient_funds,2,94.7,1,4,PREMIUM,1,active,1
2474.65,1121,9,5,4,0.5556,upi,fraud_suspected,2,22.16,17,2,STANDARD,0,none,0
8086.64,329,9,6,3,0.6667,netbanking,bank_decline,3,34.09,16,0,PREMIUM,1,active,0
13044.23,372,13,11,2,0.8462,upi,network_error,3,29.53,6,6,STANDARD,3,none,1
8782.16,613,13,10,3,0.7692,card,network_error,2,42.5,5,2,PREMIUM,0,active,0
5595.69,178,9,6,3,0.6667,upi,invalid_account,2,63.09,16,2,STANDARD,2,none,0
12063.03,1637,11,8,3,0.7273,upi,network_error,2,43.54,11,3,STANDARD,0,none,0
1884.81,313,11,8,3,0.7273,card,network_error,2,43.97,17,6,PREMIUM,1,active,1
8692.16,1511,5,4,1,0.8,netbanking,bank_timeout,2,57.81,21,0,STANDARD,0,none,1
8404.06,38,8,7,1,0.875,upi,insufficient_funds,1,37.26,14,0,PREMIUM,1,active,1
649.86,1003,12,12,0,1.0,upi,network_error,2,13.79,21,6,STANDARD,0,none,1
6120.16,937,14,12,2,0.8571,wallet,bank_decline,1,62.97,1,4,STANDARD,1,none,0
20288.24,797,13,12,1,0.9231,card,temporary_failure,3,16.29,16,0,STANDARD,0,none,1
6268.38,1788,15,14,1,0.9333,card,invalid_account,2,66.65,19,5,PREMIUM,4,active,0
12844.43,1462,7,7,0,1.0,netbanking,network_error,1,146.03,16,4,STANDARD,0,none,1
3931.27,1589,7,4,3,0.5714,upi,network_error,2,7.66,16,0,STANDARD,1,none,0
2757.89,1431,8,5,3,0.625,upi,network_error,2,8.24,20,3,PREMIUM,0,active,0
3794.79,684,8,6,2,0.75,card,bank_decline,1,82.0,0,0,PREMIUM,2,active,1
4248.0,1154,12,12,0,1.0,upi,temporary_failure,1,24.4,23,2,PREMIUM,2,active,1
2338.57,679,9,8,1,0.8889,card,bank_timeout,1,25.56,15,3,STANDARD,2,none,1
4217.01,1118,6,6,0,1.0,upi,bank_decline,2,19.67,23,0,STANDARD,1,none,1
4763.58,1616,6,5,1,0.8333,card,temporary_failure,1,13.59,22,6,PREMIUM,1,active,1
5246.01,1244,9,5,4,0.5556,wallet,insufficient_funds,2,58.58,4,5,STANDARD,2,none,0
19119.25,849,8,8,0,1.0,upi,temporary_failure,1,7.73,14,5,PREMIUM,1,active,1
8189.37,1182,10,9,1,0.9,card,insufficient_funds,1,24.54,15,2,STANDARD,1,none,1
3661.89,930,8,6,2,0.75,upi,bank_decline,1,85.94,11,4,STANDARD,1,none,1
4153.65,1109,9,7,2,0.7778,card,insufficient_funds,2,19.15,10,6,STANDARD,0,none,0
11363.91,1024,13,8,5,0.6154,netbanking,temporary_failure,2,58.35,13,1,STANDARD,0,none,1
3495.27,997,14,10,4,0.7143,wallet,temporary_failure,1,23.8,5,1,PREMIUM,0,active,0
1342.24,187,9,7,2,0.7778,upi,temporary_failure,1,47.51,1,4,STANDARD,1,none,1
2559.14,922,3,3,0,1.0,upi,bank_timeout,3,53.07,9,6,STANDARD,1,none,1
5642.41,270,12,6,6,0.5,card,insufficient_funds,1,51.64,22,4,STANDARD,0,none,0
2190.92,499,9,8,1,0.8889,card,network_error,2,26.51,23,5,PREMIUM,1,active,0
3551.47,1323,6,5,1,0.8333,wallet,insufficient_funds,2,38.52,5,6,PREMIUM,0,active,0
5072.21,1501,12,8,4,0.6667,card,temporary_failure,1,23.22,20,5,STANDARD,1,none,1
3752.6,1343,3,3,0,1.0,wallet,temporary_failure,1,24.03,19,4,PREMIUM,1,active,1
978.1,154,6,4,2,0.6667,upi,temporary_failure,2,74.0,7,1,PREMIUM,2,active,1
3704.68,1504,13,8,5,0.6154,card,insufficient_funds,3,31.43,11,1,STANDARD,1,none,0
3265.52,1191,7,7,0,1.0,upi,temporary_failure,2,14.33,12,0,STANDARD,1,none,1
2035.61,622,10,8,2,0.8,upi,network_error,3,15.69,1,3,STANDARD,2,none,1
4467.77,1360,12,11,1,0.9167,card,fraud_suspected,1,120.03,4,0,PREMIUM,1,active,1
3070.43,1184,9,5,4,0.5556,card,network_error,3,75.01,16,0,STANDARD,0,none,0
2322.93,269,4,3,1,0.75,upi,network_error,2,97.07,5,5,PREMIUM,1,active,0
2697.69,651,15,12,3,0.8,upi,insufficient_funds,1,42.41,15,5,PREMIUM,1,active,1
1783.05,123,8,6,2,0.75,card,temporary_failure,2,27.47,9,5,PREMIUM,3,active,1
4230.21,1140,6,6,0,1.0,upi,temporary_failure,1,23.98,16,0,STANDARD,1,none,0
1950.6,157,7,5,2,0.7143,upi,bank_decline,2,21.84,5,6,PREMIUM,0,active,0
2277.04,1781,14,10,4,0.7143,netbanking,network_error,3,33.9,9,0,STANDARD,1,none,1
2269.87,1114,10,8,2,0.8,card,temporary_failure,3,19.68,9,0,STANDARD,3,none,1
861.45,930,11,8,3,0.7273,card,temporary_failure,1,87.05,2,1,PREMIUM,1,active,0
2189.35,130,11,11,0,1.0,upi,bank_timeout,3,17.25,10,4,STANDARD,2,none,1
3013.6,214,7,7,0,1.0,upi,invalid_account,1,47.53,18,0,STANDARD,1,none,1
3231.67,484,12,8,4,0.6667,upi,network_error,2,39.46,7,2,STANDARD,0,none,1
10800.12,876,12,8,4,0.6667,upi,insufficient_funds,3,31.64,14,6,STANDARD,4,none,0
4691.84,320,10,9,1,0.9,card,bank_decline,3,68.94,5,2,STANDARD,1,none,0
3465.0,287,7,4,3,0.5714,card,temporary_failure,2,38.52,7,6,STANDARD,1,none,0
4876.16,745,7,5,2,0.7143,upi,insufficient_funds,1,19.32,16,3,STANDARD,1,none,0
3907.38,421,7,6,1,0.8571,upi,temporary_failure,1,43.6,13,1,STANDARD,0,none,1
5381.78,1590,10,9,1,0.9,card,network_error,3,122.71,22,3,STANDARD,2,none,0
2071.13,208,4,3,1,0.75,netbanking,bank_decline,3,22.45,7,6,STANDARD,0,none,1
3200.18,458,5,4,1,0.8,card,temporary_failure,3,37.85,18,4,PREMIUM,3,active,1
1651.56,1042,7,7,0,1.0,netbanking,fraud_suspected,3,15.71,5,3,STANDARD,0,none,1
3521.36,941,12,11,1,0.9167,upi,bank_timeout,3,80.55,5,4,STANDARD,1,none,0
2542.53,726,14,8,6,0.5714,netbanking,network_error,1,60.36,20,4,PREMIUM,2,active,0
8996.46,1062,8,8,0,1.0,upi,bank_timeout,3,99.93,21,5,STANDARD,1,none,1
4370.74,76,5,3,2,0.6,card,temporary_failure,1,25.81,7,1,STANDARD,1,none,1
16015.8,421,15,9,6,0.6,netbanking,temporary_failure,1,147.82,5,1,PREMIUM,2,active,0
5732.33,821,5,4,1,0.8,upi,bank_timeout,3,52.59,3,5,STANDARD,3,none,1
15245.2,966,5,4,1,0.8,wallet,bank_decline,1,39.59,17,5,ENTERPRISE,2,active,1
13486.05,495,12,10,2,0.8333,netbanking,temporary_failure,3,46.68,6,4,PREMIUM,0,active,1
2537.78,1295,10,9,1,0.9,upi,temporary_failure,3,33.26,10,1,STANDARD,2,none,1
9492.96,617,12,10,2,0.8333,card,temporary_failure,2,69.4,5,6,PREMIUM,0,active,1
7048.12,17,14,10,4,0.7143,netbanking,bank_timeout,3,27.35,7,6,STANDARD,2,none,1
896.37,228,5,4,1,0.8,card,bank_timeout,1,23.11,10,1,STANDARD,3,none,0
1604.6,17,9,5,4,0.5556,card,insufficient_funds,1,58.44,3,3,STANDARD,0,none,1
2148.38,1506,7,6,1,0.8571,card,network_error,1,27.17,21,6,STANDARD,0,none,1
2235.88,627,10,9,1,0.9,upi,temporary_failure,2,115.42,22,6,STANDARD,1,none,1
3989.84,1682,5,4,1,0.8,card,insufficient_funds,3,36.32,22,3,PREMIUM,1,active,1
4263.33,990,12,9,3,0.75,netbanking,insufficient_funds,2,37.4,19,2,STANDARD,0,none,1
2549.21,1654,6,6,0,1.0,netbanking,insufficient_funds,1,42.2,21,1,STANDARD,0,none,0
1271.18,516,10,9,1,0.9,netbanking,insufficient_funds,1,18.55,12,3,STANDARD,1,none,0
5436.75,1360,5,4,1,0.8,upi,bank_timeout,1,46.82,20,4,PREMIUM,2,active,0
718.97,967,12,10,2,0.8333,upi,temporary_failure,3,46.96,2,1,STANDARD,1,none,1
1466.53,63,11,6,5,0.5455,wallet,invalid_account,1,55.08,3,5,STANDARD,1,none,0
3272.89,1422,5,2,3,0.4,wallet,temporary_failure,3,28.47,14,4,STANDARD,2,none,0
776.26,526,8,6,2,0.75,card,bank_decline,1,34.0,4,4,STANDARD,0,none,0
3313.02,700,11,10,1,0.9091,card,bank_timeout,3,16.44,4,2,STANDARD,0,none,1
1937.46,10,13,12,1,0.9231,upi,insufficient_funds,2,1.41,8,4,STANDARD,1,none,1
7943.57,1710,10,8,2,0.8,card,network_error,2,54.01,8,4,STANDARD,0,none,1
1293.01,308,8,6,2,0.75,card,bank_decline,2,64.36,13,3,STANDARD,1,none,0
5809.02,1470,12,8,4,0.6667,netbanking,bank_decline,1,12.46,2,6,STANDARD,2,none,1
6461.87,1478,11,7,4,0.6364,upi,insufficient_funds,1,7.38,0,1,STANDARD,0,none,0
6513.05,36,9,7,2,0.7778,netbanking,network_error,3,50.27,2,0,STANDARD,1,none,0
4954.78,1029,15,10,5,0.6667,wallet,network_error,2,25.37,18,6,STANDARD,2,none,0
8261.65,76,8,7,1,0.875,wallet,insufficient_funds,1,39.95,17,2,STANDARD,1,none,1
4003.51,111,16,11,5,0.6875,netbanking,temporary_failure,3,70.41,0,2,PREMIUM,1,active,1
1848.67,366,8,6,2,0.75,card,fraud_suspected,2,7.08,10,6,STANDARD,0,none,0
15368.84,1006,8,8,0,1.0,upi,temporary_failure,1,30.76,16,6,STANDARD,1,none,0
6585.33,1562,7,6,1,0.8571,card,bank_timeout,1,38.55,6,1,PREMIUM,0,active,1
4470.86,199,8,6,2,0.75,wallet,bank_decline,3,47.38,20,2,PREMIUM,1,active,1
4623.98,65,8,6,2,0.75,card,insufficient_funds,2,23.43,0,2,STANDARD,3,none,1
3615.65,1239,9,8,1,0.8889,card,bank_timeout,2,9.38,20,0,PREMIUM,1,active,1
4477.94,285,6,5,1,0.8333,upi,network_error,2,26.3,7,0,STANDARD,1,none,1
11154.97,1716,6,6,0,1.0,wallet,temporary_failure,2,93.69,18,4,PREMIUM,2,active,0
1687.56,1560,7,7,0,1.0,wallet,bank_decline,1,70.99,17,0,ENTERPRISE,4,active,1
6566.07,806,10,4,6,0.4,upi,insufficient_funds,1,36.59,4,6,PREMIUM,0,active,0
2392.36,139,18,13,5,0.7222,upi,bank_decline,1,27.61,23,2,ENTERPRISE,1,active,0
849.74,104,11,10,1,0.9091,upi,bank_decline,3,74.19,11,1,PREMIUM,0,active,1
730.87,1472,12,7,5,0.5833,netbanking,temporary_failure,1,49.91,18,0,STANDARD,1,none,1
1376.55,1509,12,10,2,0.8333,card,temporary_failure,3,43.98,9,1,STANDARD,0,none,1
1805.79,1174,9,7,2,0.7778,card,temporary_failure,2,79.22,23,0,PREMIUM,2,active,0
1084.46,1369,8,5,3,0.625,netbanking,temporary_failure,1,74.39,1,3,STANDARD,0,none,0
4655.74,922,12,8,4,0.6667,netbanking,invalid_account,1,37.17,22,2,STANDARD,5,none,0
1825.8,1063,8,5,3,0.625,card,network_error,2,41.08,7,4,STANDARD,2,none,1
9314.98,1005,8,7,1,0.875,netbanking,fraud_suspected,1,44.5,17,1,STANDARD,0,none,0
11747.84,864,11,10,1,0.9091,upi,temporary_failure,3,24.64,1,5,STANDARD,2,none,1
8052.63,1212,13,11,2,0.8462,upi,insufficient_funds,1,53.88,9,5,STANDARD,0,none,1
7921.7,479,11,8,3,0.7273,upi,temporary_failure,3,9.25,11,4,PREMIUM,2,active,0
19761.23,1687,6,5,1,0.8333,upi,bank_decline,1,10.64,16,5,ENTERPRISE,0,active,1
3772.05,1172,7,5,2,0.7143,upi,temporary_failure,2,58.46,16,6,PREMIUM,2,active,1
4642.36,664,6,5,1,0.8333,upi,temporary_failure,2,10.67,3,2,STANDARD,2,none,1
5699.05,1517,5,4,1,0.8,card,network_error,1,139.71,13,0,PREMIUM,1,active,1
9569.04,39,9,5,4,0.5556,upi,insufficient_funds,3,29.53,12,3,STANDARD,2,none,1
1794.25,1585,5,4,1,0.8,upi,insufficient_funds,1,33.99,17,2,STANDARD,1,none,1
5729.82,1737,3,3,0,1.0,card,insufficient_funds,2,7.91,20,2,STANDARD,1,none,1
1660.46,668,7,5,2,0.7143,upi,bank_decline,3,9.68,19,6,STANDARD,0,none,0
17736.46,766,9,8,1,0.8889,upi,temporary_failure,3,99.3,4,1,PREMIUM,1,active,1
4302.24,211,10,9,1,0.9,upi,insufficient_funds,1,8.05,1,4,STANDARD,2,none,1
4592.27,890,5,4,1,0.8,upi,network_error,2,12.45,23,0,STANDARD,2,none,1
1971.92,1780,7,6,1,0.8571,upi,insufficient_funds,2,45.31,18,6,STANDARD,1,none,0
2037.77,696,5,4,1,0.8,wallet,temporary_failure,3,34.58,3,2,STANDARD,0,none,1
2974.09,652,18,13,5,0.7222,wallet,bank_timeout,3,35.19,0,0,STANDARD,1,none,0
9463.42,772,16,13,3,0.8125,card,network_error,3,67.22,13,0,STANDARD,0,none,1
18814.27,873,9,4,5,0.4444,card,invalid_account,3,35.34,6,2,STANDARD,0,none,0
2109.8,193,10,6,4,0.6,upi,temporary_failure,1,39.95,21,1,STANDARD,1,none,1
5195.44,1206,13,12,1,0.9231,upi,temporary_failure,3,16.17,17,4,STANDARD,0,none,0
622.52,1628,5,3,2,0.6,netbanking,bank_timeout,3,83.62,13,5,PREMIUM,1,active,1
17765.88,419,3,2,1,0.6667,netbanking,fraud_suspected,2,3.63,1,2,ENTERPRISE,2,active,0
1627.09,170,7,4,3,0.5714,netbanking,bank_decline,2,55.48,11,6,STANDARD,0,none,0
5337.93,1594,11,9,2,0.8182,card,network_error,2,85.16,18,0,STANDARD,2,none,1
13798.07,709,8,8,0,1.0,card,bank_decline,1,25.0,6,1,STANDARD,2,none,1
1345.88,168,6,5,1,0.8333,upi,temporary_failure,1,41.49,3,5,STANDARD,0,none,0
2649.71,1276,8,7,1,0.875,card,fraud_suspected,1,12.75,23,4,ENTERPRISE,2,active,0
8230.13,269,4,3,1,0.75,upi,temporary_failure,3,45.58,2,2,STANDARD,0,none,0
1897.93,778,4,3,1,0.75,netbanking,temporary_failure,1,40.64,1,4,STANDARD,2,none,1
1666.78,1459,13,6,7,0.4615,upi,temporary_failure,1,5.36,12,6,STANDARD,1,none,0
8330.25,1311,13,8,5,0.6154,card,network_error,2,49.85,1,1,STANDARD,2,none,0
5504.24,1476,2,1,1,0.5,netbanking,temporary_failure,3,38.27,17,5,STANDARD,0,none,1
2331.88,426,15,14,1,0.9333,netbanking,invalid_account,1,45.84,4,2,STANDARD,0,none,0
22539.68,806,8,8,0,1.0,upi,network_error,1,36.01,22,0,PREMIUM,1,active,1
667.42,545,12,12,0,1.0,upi,insufficient_funds,2,58.2,4,4,PREMIUM,0,active,1
1102.62,366,12,11,1,0.9167,card,network_error,2,21.08,23,0,STANDARD,2,none,1
8619.36,976,12,11,1,0.9167,upi,temporary_failure,3,26.54,23,0,ENTERPRISE,0,active,1
1141.8,1017,6,6,0,1.0,upi,temporary_failure,3,36.68,17,1,STANDARD,2,none,1
2789.65,901,6,3,3,0.5,card,bank_timeout,2,83.35,11,3,STANDARD,3,none,0
9083.88,160,5,5,0,1.0,upi,network_error,3,27.69,22,2,STANDARD,1,none,1
1024.76,1792,12,9,3,0.75,card,insufficient_funds,1,16.19,23,6,ENTERPRISE,0,active,0
5978.29,247,7,4,3,0.5714,netbanking,invalid_account,1,11.71,3,4,STANDARD,0,none,0
5202.63,342,5,4,1,0.8,card,fraud_suspected,3,31.03,16,1,ENTERPRISE,3,active,1
4334.11,1761,7,6,1,0.8571,netbanking,invalid_account,2,29.33,11,2,PREMIUM,2,active,0
43701.28,1071,8,6,2,0.75,card,network_error,2,46.44,20,6,PREMIUM,3,active,1
6180.5,370,12,9,3,0.75,upi,temporary_failure,3,17.16,14,2,PREMIUM,1,active,0
5936.91,1303,13,7,6,0.5385,upi,insufficient_funds,2,31.15,18,4,PREMIUM,2,active,1
5685.03,945,8,7,1,0.875,card,insufficient_funds,3,57.09,3,6,STANDARD,0,none,0
1971.35,1177,15,13,2,0.8667,upi,temporary_failure,1,100.03,16,3,STANDARD,2,none,1
8129.25,326,9,5,4,0.5556,upi,bank_decline,1,8.27,3,0,STANDARD,1,none,0
5258.37,1714,9,6,3,0.6667,netbanking,temporary_failure,2,32.96,23,0,STANDARD,0,none,0
2259.62,438,8,6,2,0.75,card,network_error,2,39.32,7,2,STANDARD,1,none,1
3426.94,110,13,11,2,0.8462,upi,fraud_suspected,1,17.11,6,6,STANDARD,0,none,0
2654.9,580,12,11,1,0.9167,card,bank_decline,3,15.33,16,0,STANDARD,4,none,0
2352.67,271,7,5,2,0.7143,upi,bank_decline,2,28.42,11,1,PREMIUM,0,active,0
4317.82,203,9,8,1,0.8889,card,invalid_account,3,72.0,12,0,PREMIUM,0,active,0
2244.29,1220,7,6,1,0.8571,card,network_error,1,48.02,23,6,STANDARD,1,none,0
2844.9,16,4,3,1,0.75,card,insufficient_funds,1,17.02,2,0,STANDARD,0,none,1
3444.91,1649,6,4,2,0.6667,upi,insufficient_funds,2,52.16,1,6,STANDARD,0,none,0
2770.31,1570,18,14,4,0.7778,card,insufficient_funds,2,3.38,0,4,STANDARD,0,none,0
2619.52,737,11,9,2,0.8182,upi,temporary_failure,2,17.14,14,5,STANDARD,0,none,1
5258.19,1482,7,4,3,0.5714,card,temporary_failure,3,8.74,9,0,STANDARD,1,none,1
5610.1,835,7,6,1,0.8571,netbanking,bank_timeout,2,40.68,8,3,STANDARD,0,none,1
1844.53,976,10,9,1,0.9,upi,invalid_account,2,24.21,16,1,STANDARD,0,none,0
742.57,696,8,6,2,0.75,card,insufficient_funds,2,41.99,9,4,STANDARD,1,none,0
4841.43,824,6,5,1,0.8333,card,bank_timeout,3,102.72,14,6,PREMIUM,1,active,1
2529.34,1192,17,12,5,0.7059,netbanking,bank_timeout,3,2.46,7,4,STANDARD,2,none,1
5309.26,1118,5,4,1,0.8,upi,insufficient_funds,1,42.26,3,1,STANDARD,0,none,1
6377.33,1031,5,5,0,1.0,card,fraud_suspected,1,25.06,19,1,STANDARD,0,none,0
8029.22,934,8,8,0,1.0,netbanking,network_error,1,23.84,14,0,ENTERPRISE,3,active,0
199.0,809,10,9,1,0.9,card,bank_timeout,2,23.64,12,3,PREMIUM,1,active,1
13872.17,1732,10,6,4,0.6,upi,fraud_suspected,1,32.52,0,0,PREMIUM,0,active,0
2061.96,204,4,3,1,0.75,upi,insufficient_funds,1,2.5,20,1,STANDARD,1,none,1
1136.79,573,3,3,0,1.0,upi,insufficient_funds,2,29.91,0,6,PREMIUM,0,active,1
1828.43,166,14,12,2,0.8571,card,insufficient_funds,3,38.33,19,5,PREMIUM,2,active,1
772.47,1114,10,9,1,0.9,upi,bank_decline,2,38.66,8,6,STANDARD,2,none,1
6222.57,154,9,9,0,1.0,upi,bank_timeout,2,5.29,15,6,STANDARD,1,none,1
9625.46,574,7,5,2,0.7143,upi,bank_decline,1,12.26,12,2,STANDARD,0,none,1
2244.55,695,11,8,3,0.7273,upi,network_error,1,79.36,1,1,STANDARD,0,none,1
7152.72,1486,9,7,2,0.7778,netbanking,temporary_failure,3,52.89,0,0,STANDARD,1,none,1
5051.7,1479,10,8,2,0.8,upi,insufficient_funds,2,51.71,16,5,STANDARD,2,none,0
4949.84,147,9,6,3,0.6667,upi,insufficient_funds,2,6.24,17,2,PREMIUM,2,active,1
938.14,460,5,3,2,0.6,card,network_error,1,40.7,8,3,PREMIUM,1,active,1
5276.24,567,5,3,2,0.6,upi,network_error,1,25.48,19,5,STANDARD,4,none,1
8992.16,1146,10,6,4,0.6,upi,bank_timeout,3,43.03,19,1,PREMIUM,0,active,0
2254.27,155,12,6,6,0.5,card,insufficient_funds,1,20.82,23,6,STANDARD,1,none,0
11074.85,1777,12,9,3,0.75,card,bank_decline,2,66.48,19,3,STANDARD,1,none,0
7241.34,1441,5,4,1,0.8,upi,insufficient_funds,2,37.1,4,6,STANDARD,1,none,0
20798.13,430,7,6,1,0.8571,upi,bank_decline,3,6.92,7,3,STANDARD,1,none,0
2892.03,1172,11,9,2,0.8182,card,insufficient_funds,2,9.1,1,1,ENTERPRISE,1,active,0
7845.62,1776,13,12,1,0.9231,upi,network_error,2,17.68,11,1,PREMIUM,0,active,1
7951.55,1174,5,4,1,0.8,upi,bank_decline,3,153.26,22,2,STANDARD,0,none,0
2324.45,671,9,7,2,0.7778,upi,network_error,3,51.81,15,3,STANDARD,1,none,1
806.74,925,11,9,2,0.8182,upi,insufficient_funds,3,42.63,15,1,STANDARD,2,none,1
2267.99,1508,8,2,6,0.25,upi,network_error,1,119.22,15,0,STANDARD,0,none,0
8952.96,1479,10,9,1,0.9,card,insufficient_funds,2,45.56,16,1,PREMIUM,2,active,0
7361.75,1440,10,8,2,0.8,card,bank_timeout,3,39.76,8,3,STANDARD,0,none,1
5892.86,1341,10,6,4,0.6,netbanking,insufficient_funds,3,28.95,18,3,PREMIUM,0,active,0
6351.43,1395,10,8,2,0.8,card,insufficient_funds,2,11.43,10,2,STANDARD,1,none,1
6306.31,1111,6,5,1,0.8333,netbanking,bank_timeout,3,37.61,7,0,STANDARD,1,none,1
2440.08,753,6,5,1,0.8333,card,bank_decline,1,14.81,12,6,STANDARD,1,none,1
7629.2,1624,9,5,4,0.5556,upi,bank_decline,2,25.24,15,2,ENTERPRISE,1,active,0
1986.09,1517,10,10,0,1.0,wallet,bank_timeout,1,45.64,4,4,STANDARD,0,none,1
3230.49,1113,7,5,2,0.7143,upi,bank_decline,1,10.59,14,2,STANDARD,1,none,0
2853.15,907,9,5,4,0.5556,card,bank_timeout,1,34.98,17,4,STANDARD,1,none,0
11474.53,767,5,4,1,0.8,wallet,insufficient_funds,3,16.75,3,4,STANDARD,0,none,0
2568.7,168,4,2,2,0.5,card,temporary_failure,1,89.52,18,3,STANDARD,1,none,1
2833.48,1209,6,6,0,1.0,upi,bank_decline,1,60.35,19,1,STANDARD,1,none,1
4343.94,1466,10,7,3,0.7,upi,temporary_failure,3,19.2,9,4,STANDARD,0,none,0
3410.36,874,13,13,0,1.0,upi,insufficient_funds,3,51.59,12,4,STANDARD,1,none,1
1506.61,477,4,3,1,0.75,upi,fraud_suspected,1,81.09,5,4,STANDARD,1,none,1
8307.47,1750,7,7,0,1.0,card,network_error,1,55.31,14,2,PREMIUM,2,active,1
696.3,201,7,6,1,0.8571,wallet,temporary_failure,1,44.03,8,3,STANDARD,0,none,1
5650.53,1141,7,5,2,0.7143,card,insufficient_funds,1,33.63,21,4,PREMIUM,4,active,1
9293.87,453,7,5,2,0.7143,netbanking,bank_decline,3,19.78,10,2,PREMIUM,0,active,1
2135.59,1623,8,5,3,0.625,upi,invalid_account,3,30.95,15,3,STANDARD,0,none,0
1984.9,1425,7,4,3,0.5714,card,network_error,1,8.8,17,0,STANDARD,1,none,1
1404.1,1237,8,8,0,1.0,upi,fraud_suspected,2,4.53,10,2,STANDARD,2,none,1
1997.39,1690,10,8,2,0.8,upi,insufficient_funds,2,40.02,13,1,ENTERPRISE,2,active,1
1185.76,465,8,7,1,0.875,upi,insufficient_funds,3,47.18,7,1,STANDARD,0,none,0
16327.89,1243,14,13,1,0.9286,card,network_error,1,12.38,15,1,ENTERPRISE,0,active,1
1541.37,424,6,3,3,0.5,netbanking,network_error,2,23.29,14,3,PREMIUM,2,active,0
6083.01,461,12,12,0,1.0,card,temporary_failure,2,20.61,6,5,STANDARD,1,none,1
17208.56,693,8,5,3,0.625,upi,bank_decline,3,63.08,3,5,STANDARD,1,none,0
557.25,1682,11,10,1,0.9091,upi,network_error,2,47.27,15,6,PREMIUM,0,active,1
8460.53,1496,11,9,2,0.8182,upi,insufficient_funds,3,90.19,7,2,STANDARD,0,none,0
1893.47,719,7,6,1,0.8571,card,bank_decline,1,14.37,1,4,STANDARD,2,none,1
4781.06,475,12,11,1,0.9167,upi,insufficient_funds,1,56.88,22,1,STANDARD,1,none,1
3073.79,1405,5,4,1,0.8,wallet,temporary_failure,2,21.54,20,0,PREMIUM,0,active,1
2021.0,1646,5,4,1,0.8,card,temporary_failure,1,102.97,9,4,STANDARD,0,none,1
3240.91,37,6,2,4,0.3333,card,bank_timeout,3,86.19,4,6,STANDARD,0,none,0
2763.07,1319,7,6,1,0.8571,upi,bank_timeout,1,22.34,22,0,PREMIUM,0,active,1
9899.17,671,10,7,3,0.7,upi,network_error,1,37.24,13,3,STANDARD,0,none,0
2609.19,254,4,4,0,1.0,card,temporary_failure,3,36.19,5,6,PREMIUM,2,active,1
4320.36,819,8,7,1,0.875,upi,temporary_failure,2,33.09,17,3,STANDARD,2,none,1
3080.51,44,6,6,0,1.0,card,insufficient_funds,2,68.15,4,5,STANDARD,3,none,1
2296.8,479,9,7,2,0.7778,card,fraud_suspected,2,53.93,12,2,STANDARD,3,none,0
4604.97,753,13,9,4,0.6923,upi,network_error,2,71.14,5,3,STANDARD,1,none,0
6285.44,1179,10,8,2,0.8,upi,temporary_failure,3,50.69,22,0,STANDARD,0,none,1
2925.29,1329,6,5,1,0.8333,card,temporary_failure,3,40.63,21,6,PREMIUM,0,active,1
19679.14,714,12,8,4,0.6667,card,insufficient_funds,2,84.08,22,5,STANDARD,2,none,0
6848.59,828,8,6,2,0.75,upi,temporary_failure,3,14.44,4,1,PREMIUM,0,active,1
7618.37,152,6,4,2,0.6667,netbanking,temporary_failure,2,31.56,19,1,PREMIUM,1,active,0
6902.22,1767,8,4,4,0.5,card,bank_decline,2,39.91,21,3,PREMIUM,4,active,0
21577.84,1205,14,12,2,0.8571,wallet,insufficient_funds,2,105.0,19,4,STANDARD,1,none,0
7554.41,166,10,9,1,0.9,upi,invalid_account,1,17.62,10,3,STANDARD,2,none,1
16861.27,428,5,3,2,0.6,card,bank_decline,3,14.45,3,2,PREMIUM,0,active,0
7165.52,700,10,8,2,0.8,card,network_error,1,23.68,12,4,PREMIUM,3,active,0
3221.83,1256,6,5,1,0.8333,netbanking,insufficient_funds,3,22.94,22,1,STANDARD,0,none,0
1080.63,1273,5,4,1,0.8,wallet,network_error,1,55.38,8,6,STANDARD,0,none,0
6691.99,46,6,6,0,1.0,card,temporary_failure,1,2.38,7,2,STANDARD,0,none,1
1346.81,583,7,5,2,0.7143,card,bank_timeout,1,108.17,20,4,PREMIUM,1,active,1
4262.08,1246,6,6,0,1.0,card,fraud_suspected,1,12.63,4,6,STANDARD,0,none,1
3875.6,715,11,8,3,0.7273,upi,bank_decline,3,132.98,6,3,STANDARD,1,none,0
3699.93,214,7,6,1,0.8571,netbanking,temporary_failure,3,42.02,18,3,STANDARD,1,none,0
8055.68,1433,12,9,3,0.75,upi,network_error,3,14.49,6,6,STANDARD,0,none,1
1582.1,239,11,8,3,0.7273,netbanking,insufficient_funds,1,15.65,0,0,PREMIUM,0,active,1
8363.82,566,10,7,3,0.7,netbanking,insufficient_funds,3,148.73,23,2,ENTERPRISE,0,active,0
1504.3,1030,8,6,2,0.75,wallet,network_error,1,31.31,14,4,STANDARD,3,none,1
8598.73,963,9,5,4,0.5556,upi,bank_timeout,3,30.9,10,3,STANDARD,0,none,1
4574.93,346,5,4,1,0.8,card,bank_decline,2,54.36,16,0,STANDARD,1,none,1
6725.89,1779,15,14,1,0.9333,wallet,fraud_suspected,1,42.55,12,4,STANDARD,0,none,0
19245.41,1388,12,9,3,0.75,upi,network_error,2,31.64,5,3,STANDARD,0,none,1
1565.7,1713,11,10,1,0.9091,upi,temporary_failure,1,34.66,13,0,STANDARD,1,none,1
955.04,455,13,11,2,0.8462,upi,insufficient_funds,3,55.19,13,3,STANDARD,1,none,0
5797.35,192,9,7,2,0.7778,upi,bank_timeout,1,49.1,7,1,ENTERPRISE,0,active,1
2255.72,677,5,5,0,1.0,upi,insufficient_funds,3,90.73,13,4,PREMIUM,1,active,1
9818.3,67,11,9,2,0.8182,card,network_error,1,35.06,4,5,PREMIUM,1,active,1
1918.23,1644,9,6,3,0.6667,upi,insufficient_funds,2,57.29,15,1,STANDARD,1,none,0
7947.39,1152,9,6,3,0.6667,card,temporary_failure,1,72.3,5,0,PREMIUM,1,active,1
4988.93,1593,11,10,1,0.9091,upi,temporary_failure,1,37.18,20,4,PREMIUM,0,active,1
2235.53,1419,8,6,2,0.75,upi,invalid_account,3,33.41,4,2,STANDARD,1,none,1
10302.25,993,8,7,1,0.875,upi,temporary_failure,1,66.35,6,1,STANDARD,0,none,0
1780.01,1707,6,3,3,0.5,card,bank_timeout,3,19.71,13,3,ENTERPRISE,0,active,0
4292.76,581,10,6,4,0.6,card,bank_timeout,2,52.28,16,1,STANDARD,1,none,1
2275.63,188,9,7,2,0.7778,card,bank_timeout,1,53.96,6,1,STANDARD,1,none,1
6215.53,1058,8,5,3,0.625,upi,fraud_suspected,2,77.66,22,6,PREMIUM,0,active,0
5486.79,1558,5,3,2,0.6,netbanking,bank_timeout,3,55.81,0,2,STANDARD,1,none,1
3891.48,1608,8,7,1,0.875,card,insufficient_funds,1,70.75,5,5,PREMIUM,0,active,1
1246.78,662,14,9,5,0.6429,netbanking,bank_timeout,2,64.56,2,5,STANDARD,1,none,0
3170.68,658,12,7,5,0.5833,netbanking,insufficient_funds,2,18.09,10,1,STANDARD,0,none,0
2058.41,825,4,3,1,0.75,card,fraud_suspected,2,55.09,14,1,STANDARD,1,none,0
2781.31,1249,9,7,2,0.7778,card,invalid_account,1,82.2,22,6,STANDARD,0,none,0
2525.89,752,11,8,3,0.7273,card,invalid_account,2,40.28,3,4,STANDARD,1,none,0
11050.43,109,9,7,2,0.7778,card,bank_decline,2,56.89,16,2,ENTERPRISE,2,active,0
4105.68,1532,9,6,3,0.6667,upi,insufficient_funds,1,30.18,20,0,STANDARD,2,none,0
6499.47,646,8,7,1,0.875,card,insufficient_funds,2,96.01,9,1,PREMIUM,0,active,1
9582.49,1266,10,7,3,0.7,netbanking,insufficient_funds,1,13.16,10,0,PREMIUM,2,active,0
1696.96,825,4,3,1,0.75,upi,temporary_failure,1,71.24,18,1,STANDARD,1,none,0
25511.15,457,11,8,3,0.7273,upi,bank_decline,2,9.89,9,1,PREMIUM,2,active,0
3868.62,116,11,8,3,0.7273,upi,insufficient_funds,2,81.77,3,4,PREMIUM,0,active,0
1031.24,534,13,13,0,1.0,card,insufficient_funds,2,28.65,1,0,STANDARD,2,none,1
5000.55,725,9,8,1,0.8889,card,insufficient_funds,1,4.99,13,0,STANDARD,1,none,0
5057.58,1356,4,3,1,0.75,card,bank_decline,2,27.39,4,1,PREMIUM,2,active,1
1954.52,186,4,4,0,1.0,upi,temporary_failure,3,45.47,8,6,STANDARD,0,none,1
31603.34,725,13,10,3,0.7692,netbanking,invalid_account,3,49.35,18,3,STANDARD,4,none,0
988.46,1404,8,7,1,0.875,upi,temporary_failure,1,44.41,20,0,STANDARD,2,none,1
5041.49,1121,9,5,4,0.5556,upi,insufficient_funds,2,7.69,17,0,STANDARD,0,none,1
5102.13,874,9,7,2,0.7778,card,insufficient_funds,2,32.01,21,3,STANDARD,0,none,1
10017.71,589,10,6,4,0.6,card,temporary_failure,2,10.91,13,5,STANDARD,2,none,1
7829.77,1675,9,6,3,0.6667,upi,invalid_account,2,20.68,5,0,STANDARD,0,none,0
3117.36,1504,8,6,2,0.75,upi,bank_timeout,1,65.04,0,1,STANDARD,0,none,1
1838.17,393,2,1,1,0.5,netbanking,bank_decline,1,31.55,23,1,PREMIUM,2,active,0
7356.91,1378,11,8,3,0.7273,card,bank_timeout,2,34.61,14,5,PREMIUM,2,active,1
2851.79,1234,17,11,6,0.6471,wallet,invalid_account,3,12.54,21,4,STANDARD,1,none,0
6678.87,1335,10,8,2,0.8,card,temporary_failure,2,22.6,4,0,STANDARD,0,none,1
3187.7,1005,9,7,2,0.7778,upi,invalid_account,2,33.43,16,0,STANDARD,3,none,1
3798.13,1350,8,7,1,0.875,card,invalid_account,2,39.28,22,5,STANDARD,1,none,0
17091.13,92,8,6,2,0.75,card,bank_decline,3,27.3,16,6,STANDARD,0,none,1
1402.98,363,9,7,2,0.7778,card,insufficient_funds,2,54.73,16,6,PREMIUM,1,active,0
1997.12,991,9,6,3,0.6667,upi,fraud_suspected,3,6.04,19,3,STANDARD,3,none,0
5929.53,597,4,3,1,0.75,upi,network_error,2,47.13,6,6,PREMIUM,2,active,1
2047.55,153,8,8,0,1.0,upi,insufficient_funds,1,84.81,8,6,STANDARD,0,none,1
13407.66,993,9,6,3,0.6667,upi,insufficient_funds,3,87.79,11,0,STANDARD,4,none,1
289.45,271,11,11,0,1.0,upi,temporary_failure,1,41.72,23,6,STANDARD,2,none,1
1241.66,1317,6,4,2,0.6667,netbanking,insufficient_funds,1,28.89,7,6,STANDARD,2,none,1
3431.93,1282,13,10,3,0.7692,upi,bank_timeout,2,15.1,14,3,STANDARD,1,none,1
6915.49,31,5,5,0,1.0,wallet,temporary_failure,1,11.11,17,5,PREMIUM,2,active,1
2789.17,25,13,11,2,0.8462,card,network_error,2,22.0,16,2,STANDARD,0,none,0
4362.89,136,9,7,2,0.7778,upi,temporary_failure,2,32.99,8,2,ENTERPRISE,3,active,0
12455.52,288,8,5,3,0.625,card,fraud_suspected,3,14.84,21,0,STANDARD,1,none,0
8863.5,1276,11,6,5,0.5455,card,temporary_failure,2,29.75,17,4,STANDARD,1,none,0
3255.12,580,10,9,1,0.9,card,bank_timeout,1,42.29,23,2,PREMIUM,2,active,1
4625.52,1744,8,5,3,0.625,wallet,temporary_failure,1,73.13,8,4,PREMIUM,0,active,1
2739.94,1069,14,10,4,0.7143,netbanking,bank_timeout,3,42.05,12,3,STANDARD,1,none,1
31001.18,1189,2,1,1,0.5,card,insufficient_funds,2,47.99,16,6,PREMIUM,0,active,0
1418.18,1643,9,7,2,0.7778,upi,insufficient_funds,1,33.82,3,4,PREMIUM,2,active,1
2487.27,594,10,7,3,0.7,netbanking,insufficient_funds,3,19.91,23,2,STANDARD,1,none,0
9177.93,454,10,7,3,0.7,card,temporary_failure,2,102.95,12,0,PREMIUM,2,active,0
4045.84,1781,10,6,4,0.6,netbanking,insufficient_funds,2,60.26,20,5,STANDARD,0,none,0
12854.44,1535,12,8,4,0.6667,upi,temporary_failure,1,34.57,5,4,STANDARD,3,none,1
23679.01,296,8,6,2,0.75,netbanking,insufficient_funds,2,19.09,22,1,PREMIUM,0,active,1
5302.87,443,9,6,3,0.6667,upi,network_error,3,62.8,1,2,ENTERPRISE,1,active,1
2978.77,856,5,4,1,0.8,card,bank_timeout,1,125.81,21,0,ENTERPRISE,2,active,1
1158.85,723,8,7,1,0.875,card,temporary_failure,1,32.89,10,2,STANDARD,1,none,1
1316.61,644,8,5,3,0.625,card,network_error,1,42.68,18,0,PREMIUM,0,active,1
518.2,173,9,4,5,0.4444,card,insufficient_funds,1,54.87,7,6,STANDARD,1,none,1
3773.4,404,7,5,2,0.7143,upi,network_error,2,74.99,1,1,STANDARD,0,none,1
14190.43,1691,9,5,4,0.5556,card,insufficient_funds,2,50.12,18,1,PREMIUM,0,active,0
1711.34,713,7,5,2,0.7143,netbanking,invalid_account,1,19.77,0,1,STANDARD,1,none,0
6873.26,109,11,10,1,0.9091,card,temporary_failure,1,27.0,13,5,STANDARD,0,none,1
6248.43,1786,4,4,0,1.0,card,bank_decline,3,68.09,0,4,PREMIUM,0,active,1
1425.87,863,15,11,4,0.7333,upi,insufficient_funds,3,65.82,14,5,PREMIUM,0,active,0
8360.87,1693,8,7,1,0.875,upi,fraud_suspected,3,20.99,9,4,STANDARD,0,none,1
3817.51,1275,13,10,3,0.7692,card,fraud_suspected,2,51.11,17,1,PREMIUM,1,active,0
17257.82,1776,3,3,0,1.0,wallet,bank_decline,2,8.43,9,6,STANDARD,0,none,1
2979.04,1025,8,8,0,1.0,upi,bank_decline,3,21.59,21,2,STANDARD,3,none,0
14633.18,1397,8,5,3,0.625,upi,insufficient_funds,3,25.86,20,6,STANDARD,1,none,1
484.12,862,8,8,0,1.0,upi,bank_timeout,1,23.48,6,4,STANDARD,2,none,1
4876.6,1530,9,8,1,0.8889,upi,bank_decline,3,22.04,21,0,ENTERPRISE,1,active,1
623.11,37,6,6,0,1.0,upi,temporary_failure,3,46.75,6,6,PREMIUM,1,active,1
716.07,931,8,8,0,1.0,upi,insufficient_funds,1,15.98,21,0,STANDARD,0,none,1
5173.94,1188,14,12,2,0.8571,upi,insufficient_funds,3,28.12,18,5,STANDARD,2,none,0
974.79,747,5,3,2,0.6,card,temporary_failure,2,112.64,15,1,STANDARD,2,none,1
946.83,600,12,8,4,0.6667,upi,network_error,1,18.65,23,6,STANDARD,0,none,0
2227.75,1368,9,8,1,0.8889,upi,temporary_failure,1,24.95,22,0,STANDARD,0,none,1
5725.89,636,14,10,4,0.7143,wallet,temporary_failure,3,30.02,16,1,STANDARD,0,none,1
5820.63,626,13,10,3,0.7692,netbanking,bank_timeout,1,52.77,15,2,PREMIUM,1,active,1
4796.49,442,5,4,1,0.8,upi,invalid_account,3,28.89,11,2,STANDARD,1,none,0
4310.05,1499,5,5,0,1.0,card,temporary_failure,3,42.02,6,4,STANDARD,1,none,1
1439.21,988,10,10,0,1.0,wallet,temporary_failure,3,38.41,9,5,PREMIUM,1,active,1
1255.13,1598,15,12,3,0.8,upi,fraud_suspected,2,26.55,13,2,PREMIUM,0,active,1
9884.82,479,6,6,0,1.0,wallet,bank_timeout,1,42.84,13,5,STANDARD,4,none,1
3829.67,242,10,6,4,0.6,card,network_error,3,8.39,14,1,STANDARD,3,none,1
6171.53,762,5,4,1,0.8,upi,insufficient_funds,1,30.63,5,5,STANDARD,2,none,1
2931.46,1679,9,8,1,0.8889,netbanking,invalid_account,1,61.39,3,6,STANDARD,1,none,0
3786.74,908,8,7,1,0.875,card,bank_decline,2,17.64,18,5,PREMIUM,1,active,0
5980.19,396,12,10,2,0.8333,upi,temporary_failure,1,35.87,10,5,PREMIUM,2,active,1
4060.14,159,6,4,2,0.6667,upi,insufficient_funds,1,16.07,10,2,STANDARD,1,none,0
1547.63,796,9,7,2,0.7778,upi,bank_timeout,2,23.06,21,1,STANDARD,1,none,0
2330.27,1046,10,6,4,0.6,card,insufficient_funds,3,46.43,16,4,STANDARD,0,none,0
766.4,370,10,8,2,0.8,card,temporary_failure,3,44.51,21,4,STANDARD,2,none,1
5780.29,878,6,5,1,0.8333,card,bank_decline,2,20.36,7,6,PREMIUM,1,active,1
2054.41,354,10,6,4,0.6,netbanking,bank_decline,1,14.1,13,2,STANDARD,0,none,0
4138.19,1273,7,6,1,0.8571,upi,insufficient_funds,1,46.1,15,4,PREMIUM,0,active,0
1849.2,1673,10,6,4,0.6,upi,temporary_failure,1,66.04,19,6,STANDARD,1,none,1
3662.06,267,2,2,0,1.0,upi,invalid_account,1,7.45,8,6,STANDARD,2,none,1
15475.45,1156,7,6,1,0.8571,upi,insufficient_funds,1,54.23,18,0,STANDARD,1,none,1
2624.43,1635,10,7,3,0.7,wallet,network_error,1,20.1,6,2,STANDARD,2,none,1
4480.31,348,7,4,3,0.5714,card,insufficient_funds,3,11.84,11,4,STANDARD,3,none,0
8574.84,1073,9,8,1,0.8889,upi,bank_timeout,1,15.4,12,1,STANDARD,0,none,1
7960.44,1621,12,11,1,0.9167,upi,insufficient_funds,1,23.38,11,3,STANDARD,2,none,1
2390.49,166,8,8,0,1.0,upi,insufficient_funds,1,37.78,11,3,STANDARD,0,none,1
10929.28,577,9,6,3,0.6667,wallet,temporary_failure,2,31.29,23,5,STANDARD,1,none,1
8020.54,906,12,8,4,0.6667,netbanking,bank_timeout,2,10.85,4,3,PREMIUM,3,active,0
5261.36,301,7,5,2,0.7143,upi,insufficient_funds,3,35.96,5,6,STANDARD,3,none,0
578.33,1078,10,7,3,0.7,netbanking,bank_timeout,3,17.61,3,6,PREMIUM,2,active,0
7481.23,210,6,5,1,0.8333,card,insufficient_funds,2,67.75,20,6,STANDARD,0,none,0
5534.32,553,11,8,3,0.7273,wallet,temporary_failure,2,19.24,12,1,STANDARD,2,none,0
10990.75,608,15,10,5,0.6667,upi,invalid_account,3,56.47,17,1,STANDARD,0,none,0
8685.04,1129,8,7,1,0.875,upi,bank_timeout,3,14.5,12,0,STANDARD,1,none,0
5935.46,68,10,9,1,0.9,card,insufficient_funds,2,29.99,12,3,ENTERPRISE,1,active,1
1296.78,680,5,5,0,1.0,card,insufficient_funds,1,38.55,4,1,STANDARD,2,none,1
662.01,128,14,11,3,0.7857,upi,invalid_account,2,137.6,17,4,PREMIUM,0,active,1
7743.32,677,14,11,3,0.7857,card,bank_decline,2,15.48,12,5,STANDARD,1,none,0
8226.85,483,15,9,6,0.6,netbanking,bank_decline,3,51.06,3,6,STANDARD,0,none,0
2354.78,888,8,5,3,0.625,card,insufficient_funds,1,11.41,19,1,STANDARD,0,none,0
2159.0,1790,10,8,2,0.8,card,insufficient_funds,2,75.12,14,1,STANDARD,2,none,1
2025.05,1430,5,4,1,0.8,card,network_error,3,78.86,5,4,STANDARD,0,none,1
2734.87,553,8,7,1,0.875,card,network_error,3,11.43,9,5,STANDARD,1,none,1
2502.96,663,9,7,2,0.7778,netbanking,temporary_failure,2,32.7,22,5,STANDARD,1,none,1
5413.85,601,14,12,2,0.8571,card,network_error,1,7.12,14,2,STANDARD,0,none,1
2718.41,1036,12,6,6,0.5,upi,bank_decline,3,12.6,18,3,STANDARD,0,none,0
1420.29,1059,10,10,0,1.0,upi,insufficient_funds,3,68.8,14,3,STANDARD,5,none,1
7683.59,155,11,8,3,0.7273,upi,bank_timeout,1,99.45,9,3,STANDARD,1,none,0
4271.13,412,12,8,4,0.6667,upi,bank_decline,3,48.23,14,4,ENTERPRISE,0,active,1
10087.14,517,7,4,3,0.5714,card,insufficient_funds,3,48.85,13,5,PREMIUM,1,active,0
5087.58,345,8,4,4,0.5,upi,bank_timeout,1,42.8,9,1,STANDARD,0,none,0
3044.41,350,12,10,2,0.8333,wallet,temporary_failure,1,13.18,7,2,STANDARD,2,none,0
1825.15,1580,14,10,4,0.7143,upi,fraud_suspected,1,27.09,17,3,STANDARD,1,none,0
17258.76,575,12,8,4,0.6667,upi,network_error,1,48.94,20,2,STANDARD,0,none,0
4762.63,1225,7,4,3,0.5714,wallet,bank_decline,2,1.82,6,2,STANDARD,1,none,1
3245.38,1246,14,14,0,1.0,upi,temporary_failure,3,42.81,1,2,STANDARD,1,none,1
1683.39,1243,9,8,1,0.8889,netbanking,bank_decline,1,27.88,10,0,STANDARD,1,none,0
1139.81,1194,6,4,2,0.6667,upi,bank_decline,3,36.55,2,5,STANDARD,0,none,1
2632.62,1220,6,4,2,0.6667,card,insufficient_funds,1,22.5,13,0,STANDARD,1,none,0
13979.43,136,7,7,0,1.0,card,network_error,1,57.94,0,4,STANDARD,1,none,1
9029.76,1058,7,6,1,0.8571,upi,invalid_account,1,62.76,9,0,STANDARD,2,none,1
785.41,1463,12,9,3,0.75,card,network_error,2,30.73,21,2,STANDARD,1,none,1
1836.92,498,8,7,1,0.875,upi,network_error,3,16.18,9,3,STANDARD,1,none,1
2437.84,1183,9,6,3,0.6667,upi,temporary_failure,1,23.68,21,4,ENTERPRISE,2,active,1
3329.57,1785,10,7,3,0.7,card,insufficient_funds,3,17.36,4,0,STANDARD,1,none,1
5665.8,688,14,13,1,0.9286,card,bank_decline,1,58.69,23,1,STANDARD,2,none,1
1175.94,366,6,5,1,0.8333,wallet,temporary_failure,2,7.19,21,5,PREMIUM,1,active,1
7293.3,648,12,9,3,0.75,netbanking,insufficient_funds,3,20.24,20,1,STANDARD,2,none,0
2851.66,180,11,9,2,0.8182,wallet,invalid_account,3,153.31,0,4,ENTERPRISE,1,active,0
4544.05,1219,11,10,1,0.9091,netbanking,bank_decline,1,25.79,3,0,STANDARD,1,none,1
5178.35,729,12,9,3,0.75,card,network_error,1,16.02,5,0,STANDARD,2,none,1
3026.86,727,10,8,2,0.8,card,bank_timeout,1,26.21,6,2,STANDARD,0,none,1
4547.89,1703,3,1,2,0.3333,card,temporary_failure,1,49.34,13,5,STANDARD,0,none,0
3306.51,765,10,10,0,1.0,netbanking,temporary_failure,2,61.39,15,1,PREMIUM,2,active,1
5509.85,1313,15,11,4,0.7333,netbanking,bank_decline,2,10.34,13,0,STANDARD,1,none,0
5088.28,1014,10,9,1,0.9,card,temporary_failure,3,35.48,21,1,STANDARD,1,none,1
6984.46,1741,8,6,2,0.75,netbanking,insufficient_funds,3,18.42,14,0,STANDARD,2,none,0
13635.57,343,13,11,2,0.8462,netbanking,invalid_account,3,18.24,16,6,PREMIUM,2,active,0
2489.31,1509,10,6,4,0.6,card,temporary_failure,3,57.93,23,1,STANDARD,0,none,0
5653.41,1241,8,7,1,0.875,wallet,temporary_failure,1,14.97,6,6,STANDARD,3,none,1
2964.45,1178,7,6,1,0.8571,card,temporary_failure,1,21.29,10,3,ENTERPRISE,1,active,1
4388.01,1658,10,7,3,0.7,card,insufficient_funds,2,93.61,21,6,STANDARD,2,none,1
3028.16,1624,10,8,2,0.8,wallet,network_error,2,39.57,14,2,PREMIUM,0,active,1
3949.5,221,6,3,3,0.5,upi,insufficient_funds,3,69.49,19,3,STANDARD,1,none,0
1534.22,296,9,7,2,0.7778,upi,bank_decline,2,7.34,8,5,STANDARD,1,none,0
2088.32,1126,12,10,2,0.8333,card,bank_timeout,2,45.08,11,2,STANDARD,3,none,0
16922.23,326,7,6,1,0.8571,upi,temporary_failure,1,84.6,12,1,PREMIUM,0,active,1
28779.03,242,9,7,2,0.7778,netbanking,temporary_failure,3,55.0,16,3,STANDARD,0,none,1
6057.59,155,13,11,2,0.8462,netbanking,insufficient_funds,1,30.15,19,5,STANDARD,2,none,1
2055.25,1175,9,9,0,1.0,card,temporary_failure,1,44.94,20,1,STANDARD,0,none,1
7775.72,1055,9,5,4,0.5556,upi,insufficient_funds,1,41.34,14,2,STANDARD,0,none,1
19440.03,1390,8,6,2,0.75,upi,temporary_failure,1,4.84,18,0,STANDARD,3,none,1
2409.5,1684,13,9,4,0.6923,wallet,network_error,2,24.95,4,5,STANDARD,0,none,1
3396.65,266,11,8,3,0.7273,card,bank_decline,3,69.59,9,2,STANDARD,1,none,1
3843.78,874,9,6,3,0.6667,card,bank_decline,1,48.62,22,1,PREMIUM,1,active,1
5871.16,1043,6,5,1,0.8333,upi,network_error,2,9.01,2,6,PREMIUM,0,active,1
3429.5,786,11,8,3,0.7273,card,insufficient_funds,3,16.6,1,0,STANDARD,2,none,0
4652.42,1436,9,8,1,0.8889,upi,insufficient_funds,2,75.48,4,5,ENTERPRISE,1,active,1
4923.3,1296,10,7,3,0.7,card,insufficient_funds,2,41.67,23,1,PREMIUM,1,active,0
893.01,1063,10,6,4,0.6,wallet,invalid_account,2,50.04,9,5,STANDARD,2,none,0
2025.13,350,7,7,0,1.0,netbanking,insufficient_funds,1,4.75,11,6,STANDARD,0,none,1
1239.11,1550,9,6,3,0.6667,upi,insufficient_funds,3,46.83,20,3,PREMIUM,0,active,1
5080.21,852,10,8,2,0.8,upi,insufficient_funds,1,48.69,14,3,STANDARD,2,none,1
2190.83,1436,7,6,1,0.8571,upi,bank_timeout,2,13.21,13,2,STANDARD,0,none,1
2009.04,911,13,10,3,0.7692,upi,bank_decline,1,13.36,8,1,STANDARD,1,none,0
2183.62,994,7,7,0,1.0,card,temporary_failure,3,14.29,8,5,PREMIUM,0,active,1
2748.53,954,13,7,6,0.5385,upi,bank_decline,3,9.42,20,0,STANDARD,1,none,1
4461.5,1677,6,5,1,0.8333,card,temporary_failure,3,15.6,17,3,PREMIUM,1,active,1
3840.55,1145,8,7,1,0.875,netbanking,network_error,2,49.96,6,0,PREMIUM,2,active,1
6145.55,607,9,8,1,0.8889,upi,bank_decline,2,82.26,20,6,STANDARD,2,none,0
7935.63,122,4,4,0,1.0,upi,insufficient_funds,2,21.78,11,3,PREMIUM,3,active,1
751.91,231,8,5,3,0.625,upi,insufficient_funds,3,66.7,20,1,ENTERPRISE,2,active,1
8242.6,1240,8,7,1,0.875,upi,bank_timeout,3,32.8,20,2,PREMIUM,2,active,1
2057.18,790,11,7,4,0.6364,card,fraud_suspected,3,49.31,1,5,STANDARD,0,none,0
2731.22,123,4,4,0,1.0,upi,network_error,1,13.62,16,4,STANDARD,3,none,1
15035.99,1522,10,8,2,0.8,card,temporary_failure,3,14.64,17,2,PREMIUM,1,active,1
2615.38,582,11,9,2,0.8182,card,network_error,3,71.76,5,6,STANDARD,1,none,0
4750.17,891,11,8,3,0.7273,upi,temporary_failure,2,14.14,4,5,PREMIUM,0,active,0
2492.42,829,7,4,3,0.5714,upi,fraud_suspected,2,11.56,9,0,STANDARD,2,none,0
4583.38,1634,5,4,1,0.8,card,invalid_account,3,14.27,17,5,STANDARD,4,none,0
13082.19,527,10,9,1,0.9,upi,bank_decline,1,30.73,11,1,PREMIUM,1,active,1
2636.08,1406,7,6,1,0.8571,card,bank_decline,1,25.97,0,6,PREMIUM,1,active,0
2763.34,1474,10,7,3,0.7,card,temporary_failure,2,12.35,12,5,STANDARD,0,none,0
12632.58,533,8,7,1,0.875,netbanking,bank_timeout,2,67.08,11,2,PREMIUM,0,active,1
2233.45,45,9,6,3,0.6667,upi,network_error,3,22.37,8,2,ENTERPRISE,2,active,0
8508.55,189,12,9,3,0.75,card,temporary_failure,1,17.68,1,0,STANDARD,0,none,1
3517.95,756,11,11,0,1.0,card,bank_decline,1,26.53,10,3,STANDARD,0,none,1
3347.34,201,8,5,3,0.625,upi,invalid_account,3,19.12,10,1,PREMIUM,1,active,1
8449.34,559,11,9,2,0.8182,upi,insufficient_funds,3,83.51,0,6,ENTERPRISE,1,active,0
2875.49,1292,4,2,2,0.5,netbanking,temporary_failure,3,33.84,2,6,STANDARD,0,none,1
7245.51,1505,11,9,2,0.8182,upi,invalid_account,3,85.6,4,0,PREMIUM,1,active,0
4377.94,24,8,7,1,0.875,upi,bank_decline,2,17.23,1,3,STANDARD,3,none,1
1270.37,1485,12,8,4,0.6667,upi,temporary_failure,2,26.63,15,2,STANDARD,0,none,0
5090.28,543,2,2,0,1.0,netbanking,insufficient_funds,2,44.8,11,4,STANDARD,1,none,0
3964.63,1475,7,7,0,1.0,netbanking,temporary_failure,3,48.22,22,5,STANDARD,2,none,0
1120.58,358,12,9,3,0.75,netbanking,network_error,3,8.66,23,2,PREMIUM,0,active,0
2178.69,1608,9,7,2,0.7778,upi,temporary_failure,3,6.14,22,0,PREMIUM,1,active,0
6164.07,499,9,8,1,0.8889,netbanking,bank_decline,1,58.79,3,3,STANDARD,0,none,0
3750.93,1288,7,7,0,1.0,wallet,insufficient_funds,3,21.51,23,6,STANDARD,1,none,0
1026.2,1614,14,10,4,0.7143,card,bank_timeout,2,21.36,21,4,STANDARD,0,none,0
18172.77,531,0,0,0,0.0,card,bank_decline,3,46.13,5,4,STANDARD,0,none,0
6444.24,790,6,3,3,0.5,upi,bank_decline,3,36.57,9,3,STANDARD,2,none,0
990.38,1751,8,8,0,1.0,card,insufficient_funds,3,17.28,9,1,STANDARD,1,none,1
2112.32,1239,8,6,2,0.75,upi,temporary_failure,3,26.77,18,2,STANDARD,0,none,1
8883.48,1346,9,6,3,0.6667,netbanking,fraud_suspected,1,57.79,6,2,STANDARD,1,none,0
7261.4,1598,9,5,4,0.5556,upi,invalid_account,2,49.31,13,6,STANDARD,1,none,0
7786.9,1732,9,9,0,1.0,upi,bank_timeout,2,21.77,9,4,PREMIUM,2,active,1
440.55,12,8,6,2,0.75,card,invalid_account,2,15.08,6,3,STANDARD,1,none,0
9423.32,1694,8,8,0,1.0,upi,network_error,3,63.52,2,4,STANDARD,1,none,1
6710.89,974,8,8,0,1.0,card,temporary_failure,3,21.86,14,2,PREMIUM,2,active,1
20168.79,1275,15,12,3,0.8,netbanking,network_error,3,40.86,13,3,PREMIUM,1,active,0
2983.23,1787,10,5,5,0.5,upi,bank_decline,1,16.32,19,3,STANDARD,0,none,1
4129.29,30,10,8,2,0.8,card,temporary_failure,2,73.03,21,1,PREMIUM,2,active,1
15792.51,29,8,4,4,0.5,upi,invalid_account,3,41.3,23,5,PREMIUM,2,active,0
6225.4,931,8,7,1,0.875,card,invalid_account,3,96.23,17,3,PREMIUM,1,active,0
877.65,8,8,6,2,0.75,card,temporary_failure,3,26.3,7,4,STANDARD,0,none,0
6991.54,1430,9,8,1,0.8889,upi,bank_timeout,1,14.94,0,1,PREMIUM,2,active,1
1837.66,458,5,5,0,1.0,wallet,bank_decline,1,21.55,18,5,STANDARD,1,none,0
3423.57,1191,10,5,5,0.5,netbanking,fraud_suspected,2,12.97,4,6,ENTERPRISE,3,active,0
5979.86,281,10,8,2,0.8,upi,bank_decline,1,100.23,4,1,STANDARD,2,none,0
3210.55,975,8,5,3,0.625,card,temporary_failure,3,61.59,22,2,PREMIUM,2,active,1
3614.83,1208,6,4,2,0.6667,netbanking,network_error,2,79.04,21,2,PREMIUM,1,active,1
7476.86,1074,7,5,2,0.7143,upi,bank_timeout,3,39.17,17,0,STANDARD,1,none,1
2641.51,250,9,8,1,0.8889,card,network_error,1,116.13,5,4,STANDARD,0,none,1
9154.75,753,8,7,1,0.875,card,insufficient_funds,1,43.76,1,6,STANDARD,2,none,1
8978.19,398,8,7,1,0.875,netbanking,insufficient_funds,3,11.85,14,4,STANDARD,1,none,1
8107.55,714,10,10,0,1.0,wallet,insufficient_funds,3,14.65,20,5,STANDARD,2,none,1
7449.92,777,5,5,0,1.0,upi,temporary_failure,3,28.42,6,6,PREMIUM,1,active,1
16891.43,336,13,13,0,1.0,wallet,temporary_failure,1,47.47,4,1,PREMIUM,1,active,0
17374.74,1483,9,6,3,0.6667,upi,bank_decline,2,30.76,10,6,STANDARD,2,none,0
2230.46,994,10,6,4,0.6,card,fraud_suspected,2,37.76,10,2,PREMIUM,0,active,0
432.21,232,6,2,4,0.3333,upi,insufficient_funds,3,6.36,2,3,ENTERPRISE,2,active,1
2764.26,436,9,8,1,0.8889,card,bank_decline,2,35.04,12,4,STANDARD,0,none,0
16534.72,291,10,9,1,0.9,card,temporary_failure,1,10.66,7,1,STANDARD,0,none,1
3581.81,75,10,8,2,0.8,upi,temporary_failure,1,12.16,5,0,STANDARD,1,none,1
7289.68,1481,7,5,2,0.7143,upi,invalid_account,2,111.42,6,4,STANDARD,1,none,0
4696.2,485,12,7,5,0.5833,upi,bank_decline,2,14.7,20,1,STANDARD,3,none,0
2481.47,1511,15,15,0,1.0,upi,bank_timeout,1,17.43,18,1,STANDARD,0,none,1
10028.34,1566,5,5,0,1.0,upi,fraud_suspected,2,52.45,20,0,PREMIUM,2,active,0
6163.59,460,5,5,0,1.0,upi,bank_decline,2,54.54,13,2,STANDARD,4,none,1
7151.01,1580,10,7,3,0.7,card,bank_timeout,3,54.05,21,6,STANDARD,2,none,1
22985.81,895,14,10,4,0.7143,netbanking,temporary_failure,2,147.0,20,6,STANDARD,0,none,1
2182.11,687,7,5,2,0.7143,card,bank_timeout,1,35.02,11,3,STANDARD,0,none,1
4583.39,738,8,5,3,0.625,upi,insufficient_funds,2,24.17,3,3,STANDARD,0,none,1
1912.28,1019,5,5,0,1.0,netbanking,temporary_failure,2,8.47,18,1,STANDARD,1,none,1
4433.23,322,7,4,3,0.5714,card,temporary_failure,1,18.25,1,6,PREMIUM,0,active,1
1828.62,32,9,6,3,0.6667,netbanking,bank_timeout,2,36.32,2,2,STANDARD,3,none,0
2512.11,944,11,7,4,0.6364,card,network_error,3,42.33,6,6,STANDARD,2,none,0
5432.17,692,9,8,1,0.8889,upi,network_error,3,4.76,2,0,PREMIUM,3,active,1
9405.35,1003,12,9,3,0.75,upi,invalid_account,3,54.98,9,2,STANDARD,2,none,0
4745.33,79,7,7,0,1.0,netbanking,insufficient_funds,3,15.87,2,2,STANDARD,2,none,0
2812.18,355,13,10,3,0.7692,netbanking,insufficient_funds,3,16.04,1,5,PREMIUM,1,active,1
4863.93,214,8,8,0,1.0,upi,bank_decline,2,6.14,19,1,ENTERPRISE,0,active,1
3969.67,267,10,7,3,0.7,card,insufficient_funds,2,91.76,6,3,STANDARD,1,none,0
1662.79,688,10,9,1,0.9,card,insufficient_funds,2,6.54,9,2,STANDARD,2,none,0
6479.29,1207,14,12,2,0.8571,card,network_error,3,62.34,1,5,STANDARD,2,none,1
3915.54,570,10,6,4,0.6,card,fraud_suspected,2,35.29,4,4,STANDARD,1,none,0
2231.72,635,8,6,2,0.75,card,bank_decline,3,46.34,17,0,STANDARD,0,none,0
5129.69,818,9,9,0,1.0,upi,insufficient_funds,1,36.48,5,3,PREMIUM,0,active,1
758.61,154,9,7,2,0.7778,netbanking,network_error,1,20.35,20,3,STANDARD,1,none,1
942.12,118,8,8,0,1.0,card,temporary_failure,3,7.43,9,5,PREMIUM,2,active,1
6120.51,577,14,11,3,0.7857,netbanking,insufficient_funds,3,16.04,5,3,STANDARD,0,none,0
917.81,1560,9,8,1,0.8889,wallet,bank_timeout,2,71.11,4,1,STANDARD,2,none,1
30054.18,1688,9,8,1,0.8889,card,insufficient_funds,1,22.08,0,6,STANDARD,0,none,1
4175.42,788,11,9,2,0.8182,upi,temporary_failure,3,87.48,22,1,STANDARD,0,none,1
1414.76,224,6,5,1,0.8333,upi,bank_decline,2,76.93,4,3,STANDARD,0,none,0
2310.29,843,6,5,1,0.8333,netbanking,bank_decline,3,56.68,21,0,STANDARD,0,none,1
4372.35,1212,9,9,0,1.0,card,bank_decline,2,129.93,0,2,STANDARD,5,none,1
3841.22,210,8,8,0,1.0,card,bank_decline,1,55.65,11,0,STANDARD,2,none,0
1206.69,1695,16,15,1,0.9375,card,network_error,2,22.43,0,6,STANDARD,0,none,1
4735.45,1405,6,5,1,0.8333,upi,temporary_failure,3,20.2,22,0,PREMIUM,0,active,1
824.4,1317,12,9,3,0.75,upi,insufficient_funds,3,22.06,11,1,STANDARD,0,none,0
11923.11,364,9,7,2,0.7778,card,insufficient_funds,1,53.72,10,1,STANDARD,1,none,0
2120.7,805,6,4,2,0.6667,card,insufficient_funds,3,12.09,15,4,PREMIUM,1,active,1
2655.37,836,13,10,3,0.7692,upi,bank_timeout,2,51.39,19,2,PREMIUM,2,active,1
8351.13,556,14,13,1,0.9286,upi,insufficient_funds,1,9.01,22,4,PREMIUM,1,active,1
6219.73,1063,5,1,4,0.2,upi,insufficient_funds,1,48.89,16,1,STANDARD,0,none,1
8428.93,862,8,5,3,0.625,upi,bank_decline,3,59.76,23,1,STANDARD,1,none,0
7390.51,1452,10,9,1,0.9,upi,invalid_account,1,42.99,12,0,ENTERPRISE,0,active,0
4573.09,581,7,4,3,0.5714,wallet,temporary_failure,1,29.35,9,0,PREMIUM,4,active,0
1360.35,1496,10,8,2,0.8,upi,insufficient_funds,3,30.9,17,0,STANDARD,1,none,0
955.99,208,15,9,6,0.6,upi,insufficient_funds,3,24.48,18,3,STANDARD,1,none,1
3935.34,137,5,5,0,1.0,netbanking,insufficient_funds,2,16.19,8,4,STANDARD,1,none,0
3356.6,1383,8,7,1,0.875,upi,temporary_failure,2,9.75,3,3,STANDARD,2,none,1
6385.44,1269,11,8,3,0.7273,upi,temporary_failure,1,79.34,9,5,ENTERPRISE,1,active,1
1972.25,255,10,7,3,0.7,netbanking,network_error,3,13.73,7,5,PREMIUM,0,active,1
1695.54,578,11,8,3,0.7273,netbanking,bank_timeout,2,27.91,2,0,STANDARD,0,none,0
3341.94,40,11,8,3,0.7273,upi,network_error,2,45.46,22,6,STANDARD,2,none,1
2659.99,1347,7,5,2,0.7143,upi,bank_timeout,1,38.3,15,5,STANDARD,3,none,1
1068.05,1140,14,13,1,0.9286,wallet,temporary_failure,3,56.5,20,4,PREMIUM,1,active,1
3856.51,1546,12,8,4,0.6667,card,insufficient_funds,3,24.74,19,5,STANDARD,3,none,0
24717.72,1350,11,7,4,0.6364,upi,temporary_failure,1,41.16,2,3,STANDARD,0,none,1
4106.15,249,8,6,2,0.75,card,bank_decline,1,50.1,5,0,STANDARD,1,none,1
9596.34,633,9,5,4,0.5556,card,insufficient_funds,3,9.88,16,4,ENTERPRISE,1,active,0
14177.74,464,7,6,1,0.8571,upi,network_error,2,40.07,16,1,STANDARD,0,none,1
4201.96,1089,9,8,1,0.8889,upi,network_error,1,36.8,15,0,PREMIUM,1,active,1
5947.11,1234,9,7,2,0.7778,netbanking,temporary_failure,1,83.44,19,1,PREMIUM,2,active,1
2519.44,776,9,7,2,0.7778,upi,bank_timeout,2,69.92,21,4,PREMIUM,1,active,1
1508.22,1592,6,6,0,1.0,card,bank_decline,1,17.51,9,2,STANDARD,2,none,1
2078.33,723,8,8,0,1.0,netbanking,bank_timeout,3,49.0,12,5,STANDARD,2,none,1
12802.69,152,10,8,2,0.8,upi,insufficient_funds,1,12.5,3,5,STANDARD,1,none,1
2786.25,318,18,15,3,0.8333,netbanking,bank_decline,1,65.26,14,6,PREMIUM,0,active,1
3524.15,704,6,5,1,0.8333,card,insufficient_funds,1,53.82,23,3,PREMIUM,1,active,0
2020.1,907,5,5,0,1.0,netbanking,temporary_failure,3,31.4,4,1,STANDARD,0,none,1
4315.48,703,10,9,1,0.9,card,bank_timeout,1,21.59,0,1,PREMIUM,2,active,1
7932.95,461,9,7,2,0.7778,card,temporary_failure,1,91.77,20,6,STANDARD,1,none,1
17625.72,1245,9,7,2,0.7778,card,network_error,1,38.33,17,4,STANDARD,2,none,1
787.68,1723,12,9,3,0.75,netbanking,insufficient_funds,1,35.15,22,1,PREMIUM,3,active,1
3058.85,1044,13,13,0,1.0,card,temporary_failure,3,13.17,3,0,STANDARD,0,none,1
6486.65,1220,11,6,5,0.5455,card,bank_timeout,3,103.06,3,2,PREMIUM,0,active,0
7470.74,444,13,11,2,0.8462,upi,insufficient_funds,1,22.83,16,6,STANDARD,1,none,1
9243.36,734,4,4,0,1.0,netbanking,bank_timeout,2,6.81,18,5,STANDARD,0,none,1
2496.27,1420,10,7,3,0.7,netbanking,insufficient_funds,1,6.81,1,3,STANDARD,2,none,0
956.3,1257,3,2,1,0.6667,upi,fraud_suspected,2,15.84,19,1,ENTERPRISE,1,active,1
12134.56,139,9,8,1,0.8889,card,network_error,1,63.4,18,4,STANDARD,0,none,1
5585.99,1372,6,6,0,1.0,upi,bank_decline,1,31.08,23,4,STANDARD,1,none,1
4107.48,1043,9,7,2,0.7778,upi,bank_timeout,2,37.99,8,6,STANDARD,0,none,1
6813.05,829,7,6,1,0.8571,upi,fraud_suspected,3,29.0,8,6,STANDARD,1,none,1
3820.15,1509,8,7,1,0.875,upi,bank_decline,3,14.6,1,3,STANDARD,0,none,1
6464.63,1588,8,7,1,0.875,upi,bank_decline,3,40.84,23,0,STANDARD,1,none,1
719.46,796,9,7,2,0.7778,upi,insufficient_funds,2,15.96,23,0,PREMIUM,1,active,1
6942.01,1475,13,9,4,0.6923,netbanking,bank_timeout,1,18.94,3,1,PREMIUM,3,active,1
8130.89,546,7,6,1,0.8571,wallet,bank_timeout,3,29.37,0,2,PREMIUM,0,active,1
5117.23,1370,9,6,3,0.6667,card,bank_decline,3,9.39,20,1,STANDARD,0,none,0
2409.62,1114,6,4,2,0.6667,wallet,network_error,3,23.18,21,0,STANDARD,2,none,0
3631.22,781,13,11,2,0.8462,netbanking,invalid_account,1,75.55,16,4,STANDARD,2,none,0
8937.37,1587,7,5,2,0.7143,upi,temporary_failure,2,79.2,3,1,ENTERPRISE,2,active,1
6625.17,1255,12,11,1,0.9167,card,bank_decline,3,55.37,8,4,STANDARD,2,none,1
5600.33,1736,14,12,2,0.8571,netbanking,bank_decline,3,12.72,7,1,STANDARD,2,none,0
6514.87,1116,7,7,0,1.0,upi,insufficient_funds,1,40.69,16,3,STANDARD,3,none,1
6123.2,571,7,6,1,0.8571,card,invalid_account,2,34.06,4,5,STANDARD,0,none,0
2429.18,1271,7,5,2,0.7143,card,temporary_failure,1,13.63,0,6,PREMIUM,2,active,1
3703.69,194,8,5,3,0.625,card,bank_timeout,2,12.29,15,5,STANDARD,1,none,1
9360.87,817,7,5,2,0.7143,upi,temporary_failure,3,39.17,17,5,ENTERPRISE,0,active,0
3970.31,1582,10,6,4,0.6,netbanking,network_error,1,5.26,12,6,PREMIUM,0,active,1
1542.9,1307,6,5,1,0.8333,upi,bank_decline,3,75.74,5,1,PREMIUM,3,active,0
1995.72,652,9,6,3,0.6667,upi,bank_timeout,2,51.03,7,0,STANDARD,0,none,0
1973.82,549,10,9,1,0.9,upi,bank_timeout,1,36.01,9,0,STANDARD,1,none,1
1459.77,229,14,9,5,0.6429,card,bank_timeout,1,4.29,21,2,STANDARD,1,none,1
1812.36,909,7,5,2,0.7143,upi,insufficient_funds,2,11.36,17,3,PREMIUM,2,active,1
17342.28,30,15,12,3,0.8,upi,insufficient_funds,3,45.3,11,0,STANDARD,0,none,0
3393.87,1001,7,6,1,0.8571,upi,bank_decline,2,9.12,22,0,ENTERPRISE,1,active,1
14388.83,319,5,3,2,0.6,upi,insufficient_funds,1,37.08,16,4,STANDARD,2,none,1
9257.45,740,5,4,1,0.8,upi,invalid_account,1,55.85,15,4,STANDARD,0,none,0
1473.33,1582,6,5,1,0.8333,netbanking,bank_decline,1,29.31,3,0,STANDARD,2,none,1
2678.83,142,11,9,2,0.8182,wallet,temporary_failure,2,34.32,17,3,STANDARD,1,none,0
1850.28,1393,13,10,3,0.7692,netbanking,temporary_failure,1,43.91,2,3,STANDARD,0,none,1
6284.65,1749,11,10,1,0.9091,upi,temporary_failure,1,41.64,16,5,PREMIUM,2,active,1
4177.6,647,7,5,2,0.7143,upi,bank_decline,1,26.94,15,2,PREMIUM,0,active,1
1096.11,736,11,9,2,0.8182,upi,bank_timeout,3,97.34,8,5,PREMIUM,1,active,1
3019.27,1435,3,3,0,1.0,upi,bank_decline,2,29.87,8,1,PREMIUM,1,active,1
4062.69,1329,10,10,0,1.0,upi,bank_decline,3,33.7,13,6,PREMIUM,2,active,1
4863.54,723,7,6,1,0.8571,card,bank_decline,1,31.57,2,2,PREMIUM,1,active,1
1594.49,1115,13,12,1,0.9231,card,insufficient_funds,3,38.67,8,3,PREMIUM,1,active,1
2428.56,1732,7,3,4,0.4286,card,bank_decline,2,52.05,20,6,STANDARD,0,none,1
4128.67,474,14,11,3,0.7857,card,invalid_account,1,34.28,7,1,PREMIUM,0,active,1
4272.39,1625,7,6,1,0.8571,card,bank_decline,1,14.92,3,3,STANDARD,1,none,1
1723.89,194,10,7,3,0.7,card,temporary_failure,2,38.78,18,3,STANDARD,2,none,1
3511.67,40,11,8,3,0.7273,netbanking,network_error,1,82.3,9,6,PREMIUM,3,active,1
2713.31,846,8,4,4,0.5,upi,insufficient_funds,3,14.83,5,2,STANDARD,1,none,0
7224.06,59,8,8,0,1.0,card,insufficient_funds,1,107.14,16,0,STANDARD,1,none,1
3013.3,987,7,7,0,1.0,upi,insufficient_funds,2,16.7,23,6,STANDARD,1,none,1
5972.2,1087,9,5,4,0.5556,card,network_error,1,26.61,0,0,STANDARD,2,none,1
7521.03,923,6,5,1,0.8333,upi,bank_decline,2,15.1,2,4,PREMIUM,1,active,0
6468.25,355,10,7,3,0.7,card,bank_decline,2,26.97,7,6,PREMIUM,2,active,1
7844.44,1424,19,14,5,0.7368,card,bank_decline,1,60.85,10,6,STANDARD,1,none,1
3139.88,969,6,5,1,0.8333,netbanking,insufficient_funds,2,112.95,14,2,PREMIUM,1,active,1
1417.77,1141,15,11,4,0.7333,upi,bank_decline,1,33.78,17,2,PREMIUM,0,active,0
1426.55,560,17,14,3,0.8235,wallet,bank_decline,1,35.84,21,1,STANDARD,1,none,1
5699.14,1608,6,6,0,1.0,netbanking,temporary_failure,2,9.64,19,4,STANDARD,1,none,1
19528.6,1488,5,1,4,0.2,card,bank_timeout,3,12.73,21,2,STANDARD,3,none,0
2245.67,501,8,8,0,1.0,upi,temporary_failure,2,38.81,22,2,STANDARD,2,none,1
11828.01,470,14,11,3,0.7857,card,fraud_suspected,2,38.63,2,5,PREMIUM,0,active,0
1229.64,983,8,6,2,0.75,upi,network_error,3,36.19,7,5,STANDARD,1,none,1
4135.0,663,6,5,1,0.8333,upi,temporary_failure,3,39.78,1,4,STANDARD,2,none,0
1073.78,427,11,6,5,0.5455,upi,insufficient_funds,1,129.89,4,1,STANDARD,1,none,0
2117.23,193,11,10,1,0.9091,wallet,network_error,1,23.11,3,5,STANDARD,2,none,1
1541.16,1306,9,6,3,0.6667,upi,temporary_failure,3,32.94,0,5,STANDARD,0,none,0
9120.87,867,8,6,2,0.75,netbanking,insufficient_funds,2,36.8,13,6,STANDARD,0,none,1
17807.32,202,10,8,2,0.8,netbanking,temporary_failure,3,20.77,8,2,PREMIUM,0,active,0
909.06,1140,11,8,3,0.7273,netbanking,temporary_failure,2,106.36,6,1,STANDARD,0,none,1
1864.93,1389,12,10,2,0.8333,card,network_error,3,70.3,0,3,PREMIUM,0,active,1
25063.48,1762,14,8,6,0.5714,card,bank_timeout,1,32.36,13,2,STANDARD,0,none,0
16265.29,449,9,6,3,0.6667,upi,fraud_suspected,3,2.21,16,2,ENTERPRISE,1,active,0
6025.87,104,5,5,0,1.0,upi,temporary_failure,2,16.52,20,6,STANDARD,0,none,1
2975.98,338,8,5,3,0.625,card,temporary_failure,1,40.23,0,5,STANDARD,1,none,1
1724.12,904,11,10,1,0.9091,netbanking,bank_decline,3,37.59,14,4,ENTERPRISE,0,active,0
2618.49,913,3,2,1,0.6667,wallet,insufficient_funds,3,13.59,2,0,PREMIUM,0,active,1
2192.86,853,15,14,1,0.9333,upi,temporary_failure,2,39.26,18,3,PREMIUM,0,active,0
8554.46,899,4,4,0,1.0,upi,insufficient_funds,1,69.9,16,5,STANDARD,1,none,1
2988.48,637,4,3,1,0.75,card,bank_decline,1,19.92,1,3,STANDARD,3,none,0
4386.54,232,5,5,0,1.0,upi,temporary_failure,3,22.33,9,2,PREMIUM,2,active,1
31508.46,922,8,5,3,0.625,upi,bank_decline,3,18.78,13,3,STANDARD,1,none,0
3593.82,913,13,10,3,0.7692,card,fraud_suspected,2,14.37,13,4,STANDARD,2,none,0
3583.94,50,8,7,1,0.875,netbanking,invalid_account,1,56.27,20,2,STANDARD,2,none,0
9997.09,827,15,11,4,0.7333,upi,network_error,1,18.71,23,4,STANDARD,2,none,1
7297.48,281,6,4,2,0.6667,upi,insufficient_funds,3,47.84,9,4,STANDARD,1,none,0
5453.79,278,5,3,2,0.6,upi,network_error,1,38.9,9,6,STANDARD,2,none,1
908.62,1424,12,10,2,0.8333,upi,bank_decline,1,37.78,21,2,STANDARD,0,none,1
21465.18,939,8,5,3,0.625,card,insufficient_funds,3,14.38,18,2,STANDARD,0,none,1
7080.76,1134,9,7,2,0.7778,upi,insufficient_funds,3,19.09,9,0,STANDARD,1,none,0
6983.36,170,6,6,0,1.0,upi,network_error,2,46.13,6,0,STANDARD,1,none,1
11061.02,475,5,3,2,0.6,wallet,bank_decline,2,88.32,12,1,PREMIUM,0,active,0
9557.81,660,7,7,0,1.0,upi,temporary_failure,2,56.42,15,0,PREMIUM,1,active,1
3273.13,420,8,3,5,0.375,upi,bank_decline,1,96.25,3,1,PREMIUM,0,active,0
19615.69,244,6,5,1,0.8333,upi,bank_decline,2,70.46,5,4,ENTERPRISE,1,active,0
2360.76,1726,11,8,3,0.7273,upi,temporary_failure,2,30.76,10,4,STANDARD,0,none,1
726.21,1289,10,8,2,0.8,card,bank_timeout,2,14.73,5,4,STANDARD,1,none,1
3033.36,798,6,4,2,0.6667,netbanking,bank_decline,3,19.5,4,0,STANDARD,3,none,1
1315.5,1724,9,9,0,1.0,card,bank_decline,2,55.41,16,1,STANDARD,2,none,0
5026.27,222,11,5,6,0.4545,netbanking,invalid_account,1,20.69,13,1,PREMIUM,1,active,0
2100.61,1646,14,11,3,0.7857,netbanking,invalid_account,2,27.08,6,2,PREMIUM,1,active,1
4516.33,1248,8,8,0,1.0,upi,invalid_account,3,48.31,7,1,STANDARD,2,none,0
2982.3,1138,7,5,2,0.7143,upi,insufficient_funds,2,55.86,9,5,PREMIUM,1,active,1
4779.22,622,7,6,1,0.8571,upi,temporary_failure,1,5.06,2,3,STANDARD,1,none,1
1986.45,325,11,6,5,0.5455,upi,temporary_failure,3,56.58,4,6,STANDARD,1,none,0
2393.34,205,9,6,3,0.6667,netbanking,bank_decline,3,3.05,22,0,STANDARD,3,none,1
1012.73,215,13,13,0,1.0,wallet,temporary_failure,3,54.44,9,6,PREMIUM,2,active,1
5035.18,883,9,8,1,0.8889,wallet,temporary_failure,3,9.08,0,5,PREMIUM,2,active,1
7388.39,762,8,6,2,0.75,card,insufficient_funds,3,37.82,20,2,STANDARD,1,none,0
6700.08,728,3,1,2,0.3333,wallet,insufficient_funds,1,3.59,23,6,PREMIUM,0,active,1
2170.08,1433,8,8,0,1.0,upi,insufficient_funds,2,53.49,13,6,STANDARD,1,none,0
5082.73,1665,6,6,0,1.0,card,insufficient_funds,1,17.2,1,3,STANDARD,2,none,1
2270.15,223,6,5,1,0.8333,card,invalid_account,3,25.65,21,4,STANDARD,0,none,0
2530.99,1004,6,4,2,0.6667,upi,insufficient_funds,3,41.06,7,1,STANDARD,0,none,0
707.56,1764,5,4,1,0.8,card,network_error,1,33.7,21,1,PREMIUM,0,active,1
4691.08,1777,12,11,1,0.9167,card,insufficient_funds,1,32.17,2,6,PREMIUM,3,active,1
4093.26,489,10,8,2,0.8,netbanking,bank_timeout,1,8.28,22,1,STANDARD,2,none,1
5158.09,168,12,9,3,0.75,card,temporary_failure,1,34.24,17,1,STANDARD,1,none,1
25038.86,206,9,7,2,0.7778,netbanking,temporary_failure,3,64.2,6,3,ENTERPRISE,0,active,0
1429.99,371,10,7,3,0.7,card,insufficient_funds,2,60.69,3,4,PREMIUM,2,active,0
10959.62,1784,5,5,0,1.0,card,bank_decline,2,106.03,21,5,PREMIUM,1,active,0
5726.83,942,12,10,2,0.8333,upi,insufficient_funds,1,65.39,8,3,STANDARD,0,none,0
2364.88,178,14,10,4,0.7143,upi,temporary_failure,3,34.24,14,1,STANDARD,1,none,1
7959.64,1033,5,2,3,0.4,netbanking,insufficient_funds,2,25.82,10,0,ENTERPRISE,2,active,0
3935.0,923,12,9,3,0.75,upi,bank_timeout,2,8.7,6,1,STANDARD,0,none,1
5051.61,1118,9,9,0,1.0,card,network_error,3,80.13,21,3,PREMIUM,1,active,1
2013.05,985,8,7,1,0.875,upi,bank_timeout,1,36.62,12,3,STANDARD,0,none,1
2998.54,1696,9,7,2,0.7778,upi,insufficient_funds,3,43.28,18,5,STANDARD,1,none,1
1431.56,204,6,4,2,0.6667,upi,insufficient_funds,2,15.75,22,6,STANDARD,0,none,1
7153.38,473,7,5,2,0.7143,card,network_error,1,19.23,19,2,STANDARD,2,none,1
18506.67,627,10,8,2,0.8,card,invalid_account,1,29.14,20,1,ENTERPRISE,1,active,0
2433.62,235,5,4,1,0.8,netbanking,bank_decline,3,53.43,22,5,PREMIUM,1,active,1
5174.48,651,8,6,2,0.75,wallet,temporary_failure,3,35.69,1,5,STANDARD,0,none,1
2404.88,196,15,11,4,0.7333,card,bank_decline,1,17.69,13,3,STANDARD,2,none,0
944.35,1288,14,9,5,0.6429,upi,insufficient_funds,2,18.92,9,6,PREMIUM,0,active,1
2994.81,1408,10,6,4,0.6,card,temporary_failure,1,11.12,3,2,PREMIUM,2,active,1
3724.57,1156,14,10,4,0.7143,card,bank_timeout,3,8.07,0,5,PREMIUM,0,active,1
8927.44,292,2,1,1,0.5,upi,temporary_failure,2,17.37,0,5,STANDARD,2,none,1
7105.64,249,9,6,3,0.6667,card,fraud_suspected,2,35.69,22,1,PREMIUM,0,active,0
4806.7,1443,5,3,2,0.6,card,bank_decline,1,47.48,8,4,STANDARD,0,none,1
5768.73,1538,7,6,1,0.8571,card,invalid_account,2,89.47,9,1,STANDARD,1,none,0
921.2,766,11,9,2,0.8182,card,insufficient_funds,1,27.82,0,6,STANDARD,1,none,0
43670.5,1494,5,5,0,1.0,wallet,invalid_account,2,48.58,3,1,STANDARD,1,none,1
897.15,169,7,6,1,0.8571,card,temporary_failure,2,31.5,17,1,STANDARD,0,none,1
13108.17,1511,11,8,3,0.7273,upi,insufficient_funds,2,37.22,19,6,STANDARD,1,none,1
1620.41,459,9,7,2,0.7778,netbanking,temporary_failure,1,34.06,4,3,STANDARD,0,none,0
3947.53,62,14,7,7,0.5,upi,invalid_account,2,24.11,1,6,STANDARD,1,none,0
11169.19,1159,7,4,3,0.5714,upi,temporary_failure,1,57.5,20,2,STANDARD,4,none,1
15640.5,343,9,7,2,0.7778,wallet,insufficient_funds,2,65.41,9,6,STANDARD,0,none,1
3669.55,44,5,5,0,1.0,upi,insufficient_funds,1,32.78,15,0,PREMIUM,0,active,1
2269.04,427,8,7,1,0.875,card,temporary_failure,1,68.01,23,1,STANDARD,0,none,1
1647.53,1056,13,11,2,0.8462,upi,insufficient_funds,2,69.7,22,4,STANDARD,0,none,1
2639.17,1137,10,7,3,0.7,wallet,bank_timeout,3,13.94,7,2,STANDARD,3,none,1
2116.39,201,7,7,0,1.0,upi,temporary_failure,2,57.01,15,3,PREMIUM,1,active,1
13367.01,828,11,6,5,0.5455,netbanking,bank_decline,3,7.18,9,0,STANDARD,1,none,0
1715.13,1146,11,11,0,1.0,card,network_error,3,65.08,19,3,STANDARD,0,none,0
1216.06,1569,5,5,0,1.0,card,temporary_failure,3,27.97,0,5,PREMIUM,2,active,1
2250.35,724,8,5,3,0.625,upi,temporary_failure,3,9.39,4,5,STANDARD,1,none,0
17331.24,1139,10,7,3,0.7,upi,insufficient_funds,1,30.66,3,6,STANDARD,1,none,1
2037.21,1377,13,13,0,1.0,card,bank_timeout,3,35.75,15,6,ENTERPRISE,1,active,1
6161.31,49,8,7,1,0.875,upi,fraud_suspected,1,35.97,17,0,PREMIUM,1,active,0
7222.74,1278,10,6,4,0.6,card,fraud_suspected,1,45.32,17,6,PREMIUM,2,active,1
1473.26,1257,10,9,1,0.9,upi,temporary_failure,3,69.8,7,3,PREMIUM,0,active,1
3986.57,1487,9,9,0,1.0,upi,temporary_failure,1,46.44,4,4,STANDARD,0,none,1
4118.17,65,5,3,2,0.6,upi,insufficient_funds,3,56.89,1,3,STANDARD,1,none,1
6063.3,629,8,6,2,0.75,upi,temporary_failure,2,8.51,4,0,PREMIUM,1,active,1
7751.21,1157,9,6,3,0.6667,upi,bank_timeout,2,61.78,17,5,STANDARD,1,none,1
2259.13,1047,7,6,1,0.8571,card,temporary_failure,2,27.7,8,4,STANDARD,1,none,1
2900.65,517,10,8,2,0.8,wallet,bank_timeout,1,79.66,14,6,STANDARD,2,none,1
3639.68,1100,9,6,3,0.6667,card,temporary_failure,1,71.45,6,5,STANDARD,1,none,1
33862.54,376,14,8,6,0.5714,netbanking,fraud_suspected,1,18.05,23,5,STANDARD,0,none,0
1253.31,592,5,2,3,0.4,upi,temporary_failure,2,4.93,19,4,STANDARD,1,none,0
3364.8,1317,6,6,0,1.0,upi,temporary_failure,3,23.12,12,6,STANDARD,0,none,1
4449.69,576,5,4,1,0.8,upi,temporary_failure,3,26.73,21,6,ENTERPRISE,0,active,1
1853.12,238,8,5,3,0.625,upi,network_error,1,46.74,2,2,STANDARD,1,none,0
6899.56,193,6,5,1,0.8333,netbanking,temporary_failure,3,18.1,12,0,STANDARD,1,none,0
1847.85,533,11,10,1,0.9091,netbanking,bank_timeout,3,40.71,8,1,STANDARD,4,none,0
3646.33,721,7,7,0,1.0,netbanking,bank_timeout,3,45.76,18,3,STANDARD,1,none,1
1483.68,1371,6,5,1,0.8333,card,bank_decline,1,24.63,4,0,STANDARD,1,none,1
1379.89,1607,6,6,0,1.0,wallet,bank_decline,3,26.7,15,6,STANDARD,1,none,1
2759.84,994,10,6,4,0.6,upi,invalid_account,1,10.89,13,4,PREMIUM,3,active,0
2562.53,1367,9,7,2,0.7778,upi,invalid_account,2,20.38,15,5,STANDARD,3,none,0
4106.18,1222,12,7,5,0.5833,card,network_error,2,35.02,6,3,STANDARD,0,none,0
4685.51,1421,5,4,1,0.8,card,network_error,1,62.72,10,6,STANDARD,0,none,1
14075.49,1694,9,8,1,0.8889,upi,bank_decline,1,21.6,6,2,STANDARD,1,none,1
2157.38,1528,5,2,3,0.4,card,network_error,1,49.15,3,2,PREMIUM,1,active,1
701.7,500,5,3,2,0.6,upi,bank_decline,3,25.02,14,0,PREMIUM,1,active,0
1101.83,1543,6,6,0,1.0,card,fraud_suspected,3,13.73,21,2,ENTERPRISE,0,active,0
2581.35,200,10,8,2,0.8,upi,bank_timeout,2,32.54,11,3,STANDARD,3,none,1
1401.01,1585,12,10,2,0.8333,wallet,invalid_account,3,50.49,21,2,STANDARD,2,none,0
5141.16,239,2,2,0,1.0,netbanking,bank_timeout,2,62.59,16,5,STANDARD,0,none,1
780.62,1685,7,5,2,0.7143,wallet,insufficient_funds,2,70.94,22,3,PREMIUM,0,active,1
1422.17,471,12,9,3,0.75,card,bank_decline,3,13.28,15,0,STANDARD,0,none,0
1434.86,1130,7,5,2,0.7143,upi,bank_decline,2,33.87,18,6,PREMIUM,0,active,0
2067.7,1437,7,6,1,0.8571,card,temporary_failure,2,105.8,2,4,STANDARD,1,none,0
1982.08,791,9,5,4,0.5556,upi,temporary_failure,2,51.97,4,6,STANDARD,1,none,0
3612.17,1211,4,3,1,0.75,card,bank_decline,1,82.87,1,6,STANDARD,0,none,1
4646.31,148,7,4,3,0.5714,wallet,bank_timeout,3,96.9,2,1,PREMIUM,0,active,0
3368.57,540,12,8,4,0.6667,wallet,insufficient_funds,3,11.56,10,0,STANDARD,1,none,1
3640.02,1432,8,4,4,0.5,upi,bank_timeout,3,5.05,9,1,PREMIUM,0,active,0
3381.33,1479,11,8,3,0.7273,card,invalid_account,2,19.69,21,4,STANDARD,0,none,0
1242.54,1627,11,8,3,0.7273,netbanking,insufficient_funds,2,23.41,0,6,STANDARD,0,none,0
5596.47,1259,10,8,2,0.8,upi,bank_timeout,1,6.09,19,6,PREMIUM,0,active,1
2645.08,772,11,11,0,1.0,card,invalid_account,2,84.11,18,4,STANDARD,0,none,1
603.61,30,9,8,1,0.8889,card,temporary_failure,1,85.13,21,0,STANDARD,1,none,1
2016.66,1438,12,10,2,0.8333,upi,insufficient_funds,2,39.03,9,1,STANDARD,2,none,0
1482.04,32,7,5,2,0.7143,netbanking,network_error,1,96.5,23,0,STANDARD,1,none,1
3690.64,942,9,9,0,1.0,card,temporary_failure,2,23.17,13,2,STANDARD,1,none,1
5625.5,1477,9,7,2,0.7778,netbanking,bank_timeout,2,50.0,9,0,PREMIUM,1,active,1
1679.42,823,11,8,3,0.7273,card,bank_decline,2,41.11,7,1,STANDARD,1,none,0
3446.33,325,5,4,1,0.8,netbanking,bank_timeout,2,12.79,19,0,STANDARD,1,none,1
8528.39,1567,11,10,1,0.9091,upi,temporary_failure,1,64.33,3,3,STANDARD,1,none,1
2050.61,772,7,6,1,0.8571,card,insufficient_funds,2,19.43,8,6,STANDARD,0,none,1
4346.57,953,12,9,3,0.75,netbanking,bank_timeout,2,16.0,18,0,STANDARD,2,none,1
3584.71,1657,9,6,3,0.6667,wallet,insufficient_funds,1,9.73,0,0,STANDARD,0,none,1
3942.77,427,12,10,2,0.8333,upi,bank_timeout,3,142.83,12,5,PREMIUM,2,active,0
4862.88,1793,11,7,4,0.6364,upi,network_error,1,47.45,9,4,STANDARD,0,none,0
5320.41,417,3,3,0,1.0,wallet,invalid_account,1,21.21,17,5,PREMIUM,0,active,1
3451.54,1010,4,1,3,0.25,upi,insufficient_funds,3,2.48,7,3,STANDARD,0,none,1
1594.66,575,10,9,1,0.9,upi,bank_decline,2,20.49,0,3,PREMIUM,1,active,0
3660.8,1505,8,5,3,0.625,card,network_error,1,15.81,6,5,PREMIUM,1,active,1
4254.57,1100,12,7,5,0.5833,upi,insufficient_funds,2,28.98,5,3,PREMIUM,2,active,0
2000.1,443,10,8,2,0.8,netbanking,network_error,3,20.3,15,2,STANDARD,3,none,0
2899.88,623,7,3,4,0.4286,upi,insufficient_funds,2,83.16,0,6,PREMIUM,0,active,0
3637.2,694,5,4,1,0.8,card,temporary_failure,1,51.22,14,3,PREMIUM,3,active,1
7019.05,994,15,12,3,0.8,upi,fraud_suspected,3,46.73,21,1,STANDARD,1,none,0
25553.24,1409,14,14,0,1.0,card,temporary_failure,2,32.71,1,5,PREMIUM,1,active,0
3960.1,199,10,10,0,1.0,wallet,network_error,1,41.45,17,2,PREMIUM,1,active,1
5928.72,1725,8,6,2,0.75,netbanking,temporary_failure,3,50.56,17,5,PREMIUM,0,active,0
6232.52,815,10,10,0,1.0,card,network_error,3,9.13,8,2,STANDARD,0,none,1
4557.9,812,11,8,3,0.7273,upi,temporary_failure,1,19.21,22,3,STANDARD,1,none,1
1193.74,1535,10,8,2,0.8,netbanking,invalid_account,3,28.95,7,6,STANDARD,2,none,0
1470.03,662,10,7,3,0.7,upi,network_error,3,18.18,7,5,PREMIUM,1,active,0
2787.02,489,9,7,2,0.7778,upi,insufficient_funds,2,6.49,23,5,STANDARD,3,none,0
1722.31,1068,10,6,4,0.6,card,insufficient_funds,2,58.53,14,0,STANDARD,0,none,0
1932.3,393,7,4,3,0.5714,card,temporary_failure,3,3.82,19,0,STANDARD,1,none,1
1292.93,1374,9,6,3,0.6667,card,fraud_suspected,1,74.16,4,1,STANDARD,1,none,0
6366.1,1375,9,8,1,0.8889,card,invalid_account,1,27.89,8,6,STANDARD,0,none,0
713.82,916,11,9,2,0.8182,card,temporary_failure,1,45.41,3,1,PREMIUM,1,active,1
6937.42,492,11,8,3,0.7273,netbanking,fraud_suspected,2,15.56,10,4,PREMIUM,0,active,0
10931.4,471,12,9,3,0.75,upi,fraud_suspected,2,53.25,0,1,STANDARD,3,none,1
6962.23,919,18,17,1,0.9444,card,insufficient_funds,1,32.95,3,3,PREMIUM,0,active,1
1709.38,1709,10,9,1,0.9,card,temporary_failure,2,11.84,16,0,STANDARD,0,none,0
4982.08,896,9,9,0,1.0,wallet,temporary_failure,3,35.26,14,5,PREMIUM,1,active,1
5460.4,1527,7,4,3,0.5714,card,insufficient_funds,1,68.29,1,3,STANDARD,1,none,0
1097.13,443,11,10,1,0.9091,card,insufficient_funds,3,14.12,20,0,PREMIUM,1,active,1
9535.39,1674,8,7,1,0.875,upi,invalid_account,2,20.75,7,6,STANDARD,1,none,0
3883.8,1229,8,6,2,0.75,netbanking,bank_decline,3,93.47,18,0,PREMIUM,1,active,1
8734.49,1523,10,9,1,0.9,upi,bank_timeout,2,28.86,11,4,STANDARD,1,none,1
1083.01,538,17,14,3,0.8235,netbanking,bank_decline,2,60.86,9,0,STANDARD,2,none,0
8221.05,576,8,8,0,1.0,card,bank_decline,3,66.45,2,4,PREMIUM,0,active,1
7744.85,411,11,9,2,0.8182,upi,bank_timeout,1,45.27,21,0,PREMIUM,1,active,1
27667.16,465,14,12,2,0.8571,upi,insufficient_funds,3,24.26,18,0,STANDARD,0,none,1
2056.81,108,8,5,3,0.625,card,insufficient_funds,1,23.51,8,0,STANDARD,1,none,1
495.23,1507,10,8,2,0.8,upi,network_error,3,28.23,23,1,STANDARD,0,none,0
7236.72,1665,6,6,0,1.0,upi,network_error,2,5.7,6,1,STANDARD,0,none,0
1757.01,1790,9,5,4,0.5556,upi,insufficient_funds,1,47.55,15,3,STANDARD,1,none,0
8138.37,162,12,8,4,0.6667,upi,invalid_account,3,106.87,4,2,PREMIUM,2,active,0
1508.13,753,11,10,1,0.9091,upi,bank_decline,3,45.7,10,3,PREMIUM,1,active,0
6806.34,159,9,8,1,0.8889,upi,temporary_failure,1,3.83,11,1,PREMIUM,0,active,1
2681.86,597,12,12,0,1.0,upi,temporary_failure,2,44.01,13,0,STANDARD,1,none,1
6726.32,639,6,5,1,0.8333,upi,invalid_account,3,6.56,22,6,STANDARD,1,none,0
5185.19,358,10,7,3,0.7,card,network_error,1,55.14,13,0,STANDARD,2,none,1
6813.75,800,6,6,0,1.0,card,insufficient_funds,3,38.06,11,4,PREMIUM,0,active,1
7283.14,1419,9,7,2,0.7778,upi,temporary_failure,1,15.92,18,5,STANDARD,0,none,1
5759.74,1225,12,11,1,0.9167,netbanking,bank_timeout,1,29.84,11,6,STANDARD,0,none,1
1487.85,1275,12,9,3,0.75,upi,network_error,2,9.1,0,3,STANDARD,1,none,1
11962.22,957,10,8,2,0.8,upi,fraud_suspected,1,96.85,2,0,STANDARD,0,none,0
3840.85,1609,11,9,2,0.8182,netbanking,network_error,2,37.85,23,1,STANDARD,1,none,1
5820.03,1305,6,6,0,1.0,card,temporary_failure,3,13.27,9,6,PREMIUM,0,active,1
2909.26,887,7,5,2,0.7143,card,bank_decline,2,33.62,17,4,STANDARD,1,none,0
7808.16,965,8,7,1,0.875,upi,bank_timeout,3,23.51,17,6,STANDARD,0,none,1
4651.0,1306,17,12,5,0.7059,netbanking,bank_decline,3,22.14,19,1,STANDARD,0,none,1
5709.56,1771,11,10,1,0.9091,upi,temporary_failure,3,106.68,17,3,STANDARD,1,none,1
1884.23,1200,6,4,2,0.6667,wallet,bank_timeout,1,15.53,12,4,STANDARD,0,none,1
8244.19,1072,8,6,2,0.75,netbanking,temporary_failure,2,7.27,12,1,STANDARD,2,none,1
4740.72,204,10,9,1,0.9,upi,temporary_failure,3,6.45,7,6,STANDARD,0,none,1
1035.18,489,13,9,4,0.6923,upi,network_error,2,20.37,5,1,PREMIUM,2,active,0
2122.72,450,7,5,2,0.7143,upi,temporary_failure,3,106.22,14,5,STANDARD,0,none,0
5172.36,1148,5,5,0,1.0,wallet,insufficient_funds,2,24.04,6,2,STANDARD,0,none,1
7376.79,1413,9,8,1,0.8889,upi,fraud_suspected,2,34.3,9,6,ENTERPRISE,1,active,0
7218.0,1235,12,12,0,1.0,netbanking,invalid_account,3,57.91,0,6,STANDARD,5,none,0
1656.01,1755,7,3,4,0.4286,card,insufficient_funds,1,29.85,7,5,STANDARD,0,none,0
4261.35,826,4,3,1,0.75,upi,bank_timeout,3,72.07,6,1,STANDARD,3,none,1
1766.16,906,12,11,1,0.9167,netbanking,invalid_account,3,24.44,13,1,PREMIUM,3,active,0
3143.29,983,8,8,0,1.0,card,insufficient_funds,1,16.56,4,6,PREMIUM,1,active,1
2026.06,1569,12,9,3,0.75,netbanking,bank_decline,3,80.39,14,1,STANDARD,1,none,0
5348.16,340,10,8,2,0.8,upi,insufficient_funds,2,51.56,20,2,STANDARD,2,none,0
9411.36,1280,7,5,2,0.7143,upi,network_error,1,81.6,20,6,PREMIUM,2,active,1
14242.94,777,10,9,1,0.9,upi,network_error,3,42.81,14,4,STANDARD,1,none,0
4689.7,89,16,12,4,0.75,upi,invalid_account,1,18.69,7,2,STANDARD,0,none,1
2626.19,856,4,3,1,0.75,netbanking,insufficient_funds,1,46.63,8,5,STANDARD,0,none,1
920.51,1076,14,12,2,0.8571,upi,network_error,1,54.82,15,3,PREMIUM,2,active,0
6158.53,1680,9,4,5,0.4444,card,temporary_failure,3,58.94,1,3,STANDARD,0,none,0
9893.8,1172,5,4,1,0.8,card,bank_timeout,1,45.71,21,2,PREMIUM,3,active,1
12067.04,1269,3,3,0,1.0,card,network_error,2,46.91,2,2,PREMIUM,0,active,1
2675.81,465,6,5,1,0.8333,netbanking,bank_timeout,1,84.91,9,3,STANDARD,2,none,1
3487.78,990,9,8,1,0.8889,card,insufficient_funds,3,18.18,22,0,PREMIUM,1,active,1
5178.24,474,13,10,3,0.7692,card,insufficient_funds,3,17.78,22,0,STANDARD,0,none,0
4026.42,1679,9,8,1,0.8889,upi,invalid_account,1,19.93,15,1,ENTERPRISE,0,active,0
1514.79,1782,8,5,3,0.625,upi,insufficient_funds,1,19.23,12,2,PREMIUM,0,active,1
1299.97,1606,7,6,1,0.8571,wallet,invalid_account,3,3.34,14,6,PREMIUM,0,active,1
8584.72,96,9,7,2,0.7778,upi,fraud_suspected,1,35.61,23,5,STANDARD,0,none,0
11384.21,1444,5,5,0,1.0,card,temporary_failure,2,77.54,17,5,ENTERPRISE,2,active,1
2339.48,598,5,5,0,1.0,wallet,temporary_failure,3,68.35,1,6,STANDARD,0,none,1
8575.14,645,8,8,0,1.0,wallet,invalid_account,2,14.85,16,6,PREMIUM,1,active,0
5587.26,1358,6,3,3,0.5,netbanking,temporary_failure,3,18.98,0,6,PREMIUM,0,active,1
3326.53,320,11,10,1,0.9091,netbanking,temporary_failure,3,50.75,19,0,STANDARD,1,none,0
4412.69,333,9,7,2,0.7778,upi,temporary_failure,3,65.12,22,1,PREMIUM,2,active,0
9732.38,1670,5,3,2,0.6,upi,insufficient_funds,2,18.76,22,4,STANDARD,1,none,0
2390.37,579,12,12,0,1.0,wallet,insufficient_funds,2,18.67,18,2,PREMIUM,2,active,1
3335.73,1767,9,7,2,0.7778,upi,temporary_failure,3,8.48,16,3,ENTERPRISE,2,active,1
1928.73,1444,10,8,2,0.8,upi,insufficient_funds,3,75.54,18,0,STANDARD,0,none,0
1063.88,1086,7,6,1,0.8571,netbanking,temporary_failure,1,58.08,4,5,PREMIUM,1,active,1
8022.46,1661,12,10,2,0.8333,upi,bank_decline,3,23.55,19,5,STANDARD,0,none,0
1534.76,128,8,7,1,0.875,upi,temporary_failure,1,45.59,8,3,ENTERPRISE,0,active,1
4713.02,1012,8,7,1,0.875,upi,network_error,2,36.74,3,2,STANDARD,1,none,1
6655.24,1444,10,9,1,0.9,upi,insufficient_funds,1,43.55,14,0,STANDARD,1,none,0
3146.39,1648,6,6,0,1.0,wallet,insufficient_funds,3,26.44,20,4,STANDARD,1,none,0
5958.13,1157,8,6,2,0.75,card,insufficient_funds,2,108.62,16,6,STANDARD,0,none,0
2379.19,428,6,5,1,0.8333,upi,temporary_failure,3,50.66,9,0,STANDARD,1,none,0
16523.57,1172,12,9,3,0.75,card,network_error,2,65.08,6,3,STANDARD,2,none,1
2213.22,1053,9,8,1,0.8889,upi,network_error,2,29.0,5,0,STANDARD,0,none,1
27681.25,372,8,7,1,0.875,upi,fraud_suspected,1,21.84,23,3,STANDARD,0,none,1
1438.47,199,6,6,0,1.0,upi,bank_decline,2,28.39,4,5,STANDARD,2,none,1
1811.58,927,8,4,4,0.5,card,fraud_suspected,2,49.12,4,1,PREMIUM,1,active,0
2486.29,1384,8,7,1,0.875,upi,insufficient_funds,1,41.87,13,4,STANDARD,0,none,0
7127.63,242,7,4,3,0.5714,card,insufficient_funds,2,36.52,7,0,STANDARD,1,none,1
2632.33,1303,13,10,3,0.7692,card,network_error,3,64.29,14,1,STANDARD,1,none,1
18814.9,324,7,5,2,0.7143,card,temporary_failure,1,35.52,5,4,PREMIUM,3,active,1
3573.12,1659,11,11,0,1.0,card,insufficient_funds,2,17.99,8,1,STANDARD,1,none,1
6482.96,715,5,2,3,0.4,upi,bank_decline,2,72.77,14,1,PREMIUM,2,active,0
3446.94,1545,7,5,2,0.7143,card,insufficient_funds,1,63.34,1,2,ENTERPRISE,0,active,1
2022.99,976,6,2,4,0.3333,upi,invalid_account,3,42.57,7,5,STANDARD,1,none,0
1813.86,1627,12,10,2,0.8333,upi,bank_timeout,3,95.71,18,2,STANDARD,0,none,1
5431.3,809,12,12,0,1.0,card,temporary_failure,2,66.01,7,6,PREMIUM,0,active,1
4205.95,1617,6,4,2,0.6667,card,temporary_failure,2,36.23,7,3,PREMIUM,1,active,1
319.32,823,13,9,4,0.6923,netbanking,temporary_failure,1,86.48,17,0,STANDARD,2,none,1
6435.8,1193,5,2,3,0.4,card,insufficient_funds,2,87.78,12,5,STANDARD,0,none,1
3326.94,672,11,8,3,0.7273,upi,network_error,1,7.33,17,0,STANDARD,0,none,1
10225.15,1630,8,6,2,0.75,upi,bank_timeout,2,68.15,1,6,STANDARD,1,none,1
2975.24,595,8,8,0,1.0,card,bank_timeout,2,34.27,13,1,STANDARD,2,none,1
4587.25,791,4,3,1,0.75,upi,insufficient_funds,1,28.02,19,0,STANDARD,1,none,0
4325.49,418,5,4,1,0.8,card,bank_timeout,1,92.17,7,6,PREMIUM,3,active,1
2066.25,942,6,4,2,0.6667,upi,bank_decline,2,55.7,3,2,ENTERPRISE,3,active,0
4169.74,1281,6,6,0,1.0,netbanking,bank_timeout,1,31.46,6,3,STANDARD,2,none,1
4058.22,1732,12,8,4,0.6667,card,fraud_suspected,2,53.63,7,4,STANDARD,1,none,0
9903.59,1516,5,3,2,0.6,card,insufficient_funds,3,36.09,22,4,PREMIUM,1,active,1
2235.35,279,5,4,1,0.8,netbanking,network_error,3,137.09,3,6,PREMIUM,2,active,1
1854.57,1225,8,6,2,0.75,upi,bank_decline,1,21.91,18,6,PREMIUM,2,active,1
10007.73,757,10,9,1,0.9,card,network_error,3,23.74,23,3,STANDARD,0,none,1
11480.89,34,5,3,2,0.6,upi,bank_timeout,3,14.16,17,3,STANDARD,2,none,1
1730.48,967,16,12,4,0.75,upi,network_error,2,82.88,1,4,STANDARD,0,none,0
2901.9,1235,15,12,3,0.8,card,bank_decline,3,55.27,1,0,STANDARD,2,none,1
7126.33,327,6,5,1,0.8333,upi,insufficient_funds,2,86.24,21,5,STANDARD,2,none,1
1089.53,740,13,8,5,0.6154,upi,network_error,1,21.47,1,4,STANDARD,3,none,0
2465.04,551,7,4,3,0.5714,upi,bank_decline,2,34.86,2,3,PREMIUM,1,active,1
3259.66,316,15,14,1,0.9333,card,temporary_failure,1,40.27,22,2,STANDARD,1,none,1
3649.47,20,4,2,2,0.5,upi,bank_timeout,1,66.18,1,1,STANDARD,1,none,1
4425.18,845,10,8,2,0.8,card,network_error,2,4.75,12,0,ENTERPRISE,1,active,1
1892.13,1697,11,9,2,0.8182,netbanking,bank_decline,2,37.14,5,2,STANDARD,1,none,1
8136.59,1186,4,2,2,0.5,upi,bank_decline,2,103.85,13,4,STANDARD,0,none,0
3295.63,135,11,11,0,1.0,card,bank_decline,3,77.74,0,5,STANDARD,1,none,0
2153.0,475,7,5,2,0.7143,card,temporary_failure,1,123.44,13,2,PREMIUM,2,active,0
6669.56,1746,8,5,3,0.625,card,insufficient_funds,2,10.25,15,1,STANDARD,1,none,1
7833.72,141,5,2,3,0.4,card,network_error,2,60.85,20,3,STANDARD,0,none,1
4924.99,1604,9,7,2,0.7778,card,fraud_suspected,1,39.27,17,4,STANDARD,1,none,0
13144.92,1372,6,5,1,0.8333,card,insufficient_funds,3,26.54,11,5,PREMIUM,0,active,1
1442.66,788,7,4,3,0.5714,card,invalid_account,3,13.35,23,6,STANDARD,1,none,0
5759.08,754,9,6,3,0.6667,card,insufficient_funds,2,47.9,13,3,STANDARD,1,none,1
2011.13,513,7,6,1,0.8571,upi,network_error,3,117.09,0,2,STANDARD,1,none,1
11780.74,1067,8,6,2,0.75,netbanking,invalid_account,2,45.29,12,1,STANDARD,3,none,1
5612.53,1572,11,8,3,0.7273,upi,bank_timeout,2,37.08,14,2,ENTERPRISE,0,active,1
9014.45,313,6,4,2,0.6667,upi,temporary_failure,3,38.19,2,0,STANDARD,0,none,1
12334.6,608,6,5,1,0.8333,card,bank_timeout,3,78.45,6,6,STANDARD,2,none,1
6446.52,373,7,7,0,1.0,upi,fraud_suspected,1,19.77,0,5,STANDARD,1,none,0
2905.24,47,8,8,0,1.0,upi,temporary_failure,2,34.93,21,4,STANDARD,1,none,1
1351.04,754,11,8,3,0.7273,netbanking,temporary_failure,3,52.47,21,6,STANDARD,1,none,1
3178.57,893,8,6,2,0.75,card,temporary_failure,3,43.85,2,0,PREMIUM,0,active,0
2746.94,189,8,7,1,0.875,card,insufficient_funds,2,11.81,0,5,STANDARD,1,none,1
3250.06,1562,15,9,6,0.6,upi,bank_decline,1,41.9,12,4,STANDARD,1,none,0
7136.29,1062,6,5,1,0.8333,card,temporary_failure,1,34.65,18,4,PREMIUM,0,active,1
2907.15,1388,7,7,0,1.0,netbanking,bank_decline,3,24.73,9,2,STANDARD,2,none,1
9617.43,1389,11,8,3,0.7273,card,temporary_failure,1,58.67,1,4,PREMIUM,0,active,1
3959.85,1377,13,11,2,0.8462,card,bank_timeout,3,55.62,4,0,STANDARD,0,none,1
2051.8,427,14,13,1,0.9286,upi,bank_decline,3,85.41,6,6,PREMIUM,0,active,0
6291.69,487,15,12,3,0.8,upi,invalid_account,1,23.82,6,5,STANDARD,0,none,0
2488.61,1158,10,9,1,0.9,card,fraud_suspected,1,23.28,5,5,STANDARD,2,none,0
6000.41,244,7,6,1,0.8571,upi,network_error,1,12.78,17,4,STANDARD,2,none,1
3071.49,1148,5,2,3,0.4,card,fraud_suspected,2,8.18,15,5,PREMIUM,1,active,0
1601.21,859,6,6,0,1.0,netbanking,bank_decline,2,24.34,5,4,STANDARD,1,none,1
8504.07,303,10,7,3,0.7,wallet,insufficient_funds,2,21.86,1,1,STANDARD,1,none,1
1131.39,748,15,12,3,0.8,card,insufficient_funds,2,17.82,23,3,STANDARD,1,none,0
7699.25,371,9,8,1,0.8889,wallet,insufficient_funds,3,36.63,23,5,STANDARD,1,none,1
8921.75,449,13,10,3,0.7692,netbanking,invalid_account,2,6.66,8,2,PREMIUM,0,active,1
6970.65,636,11,8,3,0.7273,upi,bank_timeout,1,64.82,10,6,STANDARD,3,none,1
10467.21,1237,7,7,0,1.0,card,bank_decline,1,37.63,17,4,ENTERPRISE,0,active,1
4393.46,127,11,5,6,0.4545,upi,bank_decline,3,25.06,11,6,STANDARD,2,none,0
16790.79,1163,11,8,3,0.7273,upi,temporary_failure,2,16.7,16,1,ENTERPRISE,3,active,1
4333.3,996,7,6,1,0.8571,upi,bank_timeout,1,6.27,17,0,STANDARD,1,none,1
1690.65,710,11,9,2,0.8182,card,bank_decline,2,23.38,19,2,STANDARD,1,none,1
3749.41,298,6,4,2,0.6667,upi,fraud_suspected,2,15.57,5,3,STANDARD,0,none,0
2186.46,1036,13,10,3,0.7692,card,temporary_failure,3,14.27,16,0,STANDARD,0,none,1
8490.51,1019,7,7,0,1.0,upi,fraud_suspected,3,32.61,10,4,STANDARD,2,none,0
5024.91,1089,7,5,2,0.7143,upi,invalid_account,2,74.66,18,3,STANDARD,2,none,0
2844.37,687,14,13,1,0.9286,upi,insufficient_funds,3,20.96,11,5,PREMIUM,1,active,1
10785.16,1362,13,11,2,0.8462,upi,bank_timeout,1,55.0,22,6,STANDARD,1,none,1
4565.08,168,8,6,2,0.75,card,invalid_account,2,51.27,3,0,PREMIUM,0,active,0
7082.44,819,7,5,2,0.7143,upi,network_error,2,22.49,14,2,STANDARD,1,none,1
2468.11,68,13,10,3,0.7692,card,temporary_failure,1,16.68,5,6,STANDARD,1,none,1
13267.34,1239,10,9,1,0.9,card,temporary_failure,2,18.46,22,2,STANDARD,0,none,1
660.88,1104,17,12,5,0.7059,upi,bank_timeout,1,64.27,18,0,STANDARD,4,none,0
5270.5,746,12,10,2,0.8333,card,insufficient_funds,2,85.73,17,3,STANDARD,1,none,1
9231.27,362,11,10,1,0.9091,upi,network_error,3,41.4,18,6,PREMIUM,1,active,1
3851.88,1632,13,11,2,0.8462,upi,temporary_failure,1,39.45,21,4,PREMIUM,2,active,1
3293.35,1636,6,5,1,0.8333,netbanking,temporary_failure,1,40.44,9,4,STANDARD,0,none,1
17717.5,851,6,5,1,0.8333,card,bank_decline,1,98.55,6,3,PREMIUM,3,active,1
8996.67,1771,10,8,2,0.8,upi,bank_timeout,3,12.29,23,5,PREMIUM,0,active,1
3282.48,1640,8,7,1,0.875,card,insufficient_funds,2,30.03,13,3,STANDARD,3,none,0
1893.97,251,6,4,2,0.6667,upi,network_error,2,94.54,7,4,PREMIUM,0,active,1
2298.51,1508,8,8,0,1.0,card,temporary_failure,3,60.51,8,0,STANDARD,1,none,1
1060.16,170,9,5,4,0.5556,upi,temporary_failure,3,27.54,18,0,STANDARD,0,none,1
6588.86,1068,18,16,2,0.8889,wallet,temporary_failure,3,57.38,14,6,STANDARD,0,none,0
1242.15,1483,10,9,1,0.9,card,bank_timeout,3,58.17,7,6,STANDARD,0,none,1
6864.11,1160,9,8,1,0.8889,upi,temporary_failure,3,21.13,3,4,STANDARD,0,none,1
4947.82,73,10,9,1,0.9,netbanking,fraud_suspected,2,57.29,17,5,PREMIUM,2,active,0
1208.56,961,7,3,4,0.4286,wallet,bank_timeout,2,29.9,19,0,PREMIUM,1,active,1
15344.68,1192,8,6,2,0.75,card,invalid_account,2,35.12,12,4,STANDARD,0,none,1
8468.34,773,8,8,0,1.0,upi,temporary_failure,3,28.41,18,6,STANDARD,2,none,1
2900.05,1442,5,5,0,1.0,wallet,temporary_failure,1,56.78,6,0,STANDARD,3,none,1
1274.28,1374,6,3,3,0.5,card,insufficient_funds,3,105.85,1,4,STANDARD,0,none,0
1175.67,1591,13,10,3,0.7692,netbanking,bank_decline,1,61.82,14,5,STANDARD,0,none,0
4804.26,160,14,8,6,0.5714,upi,bank_decline,2,20.73,19,3,STANDARD,2,none,0
7709.28,415,9,7,2,0.7778,upi,network_error,1,32.82,7,6,STANDARD,0,none,1
3800.76,1071,9,6,3,0.6667,upi,bank_timeout,2,12.35,17,2,STANDARD,0,none,0
2226.32,1088,12,8,4,0.6667,wallet,insufficient_funds,3,30.92,19,6,PREMIUM,0,active,0
1324.18,1045,4,4,0,1.0,upi,network_error,2,89.59,18,6,STANDARD,1,none,1
12842.37,477,16,12,4,0.75,card,temporary_failure,2,60.95,2,6,STANDARD,2,none,0
5519.36,1341,6,4,2,0.6667,netbanking,bank_timeout,1,19.24,7,2,STANDARD,0,none,0
1969.21,154,9,5,4,0.5556,upi,bank_timeout,2,23.17,6,3,ENTERPRISE,1,active,0
3349.63,135,12,10,2,0.8333,upi,network_error,2,59.35,14,6,STANDARD,0,none,1
12079.36,911,5,4,1,0.8,netbanking,bank_timeout,3,18.67,5,1,STANDARD,1,none,1
4067.6,1001,8,5,3,0.625,upi,temporary_failure,1,50.47,22,5,STANDARD,1,none,1
5899.28,946,8,7,1,0.875,card,insufficient_funds,1,11.67,0,6,PREMIUM,0,active,1
14267.91,148,8,7,1,0.875,netbanking,bank_decline,1,12.2,13,5,STANDARD,0,none,0
11302.68,574,14,12,2,0.8571,card,network_error,1,27.93,19,0,PREMIUM,0,active,1
9585.42,644,8,6,2,0.75,card,invalid_account,3,39.33,6,3,STANDARD,2,none,0
4731.99,714,6,4,2,0.6667,upi,temporary_failure,3,14.36,12,3,STANDARD,2,none,1
6817.44,695,10,5,5,0.5,card,fraud_suspected,1,30.3,6,6,STANDARD,2,none,0
11369.39,975,7,5,2,0.7143,wallet,fraud_suspected,3,23.18,16,0,STANDARD,1,none,1
6010.37,747,9,7,2,0.7778,upi,insufficient_funds,2,83.67,8,4,STANDARD,0,none,0
4334.38,1310,5,3,2,0.6,upi,insufficient_funds,2,17.56,18,5,STANDARD,1,none,0
2498.65,655,7,6,1,0.8571,upi,bank_decline,1,58.91,5,4,STANDARD,2,none,1
6735.24,305,3,3,0,1.0,upi,temporary_failure,2,26.16,7,1,STANDARD,0,none,1
935.58,901,10,4,6,0.4,upi,network_error,3,15.59,12,0,STANDARD,1,none,0
1484.64,1444,7,5,2,0.7143,upi,network_error,1,63.15,12,4,STANDARD,1,none,1
9209.07,34,5,4,1,0.8,wallet,network_error,1,36.36,17,2,STANDARD,1,none,1
13186.8,1195,8,8,0,1.0,wallet,network_error,1,72.29,12,2,PREMIUM,1,active,1
4751.3,1791,15,11,4,0.7333,card,insufficient_funds,2,16.01,6,5,STANDARD,0,none,0
7809.94,212,8,6,2,0.75,card,bank_timeout,1,48.16,0,5,STANDARD,1,none,1
13705.88,259,13,9,4,0.6923,wallet,network_error,1,25.27,16,2,STANDARD,3,none,1
1046.54,124,12,7,5,0.5833,upi,bank_decline,1,5.37,19,2,STANDARD,0,none,0
687.1,179,9,9,0,1.0,upi,bank_decline,3,28.97,3,4,STANDARD,4,none,1
1765.55,1636,9,6,3,0.6667,netbanking,temporary_failure,1,74.35,14,0,PREMIUM,2,active,0
1634.33,1568,7,7,0,1.0,upi,bank_timeout,1,39.43,1,6,STANDARD,1,none,1
2606.46,12,11,9,2,0.8182,card,network_error,2,48.85,7,4,STANDARD,1,none,1
55394.26,757,5,2,3,0.4,upi,insufficient_funds,3,38.23,7,1,STANDARD,1,none,1
862.75,1261,6,5,1,0.8333,card,bank_timeout,2,17.2,15,5,STANDARD,1,none,1
1571.46,1662,4,4,0,1.0,netbanking,insufficient_funds,3,37.67,18,2,PREMIUM,2,active,1
12082.8,37,12,7,5,0.5833,card,bank_decline,1,24.37,0,5,STANDARD,1,none,0
15886.54,501,8,8,0,1.0,upi,bank_timeout,2,11.0,4,4,PREMIUM,1,active,1
5177.62,1665,8,8,0,1.0,card,insufficient_funds,1,27.91,17,5,PREMIUM,1,active,0
653.21,1126,9,9,0,1.0,card,network_error,3,26.18,2,5,STANDARD,2,none,1
2175.24,866,10,8,2,0.8,card,temporary_failure,1,56.78,21,1,STANDARD,0,none,1
2156.56,493,12,10,2,0.8333,upi,network_error,1,23.69,10,4,STANDARD,1,none,1
3376.06,26,10,10,0,1.0,upi,network_error,3,26.72,9,3,STANDARD,0,none,1
2936.31,1508,12,10,2,0.8333,upi,insufficient_funds,2,11.35,13,1,STANDARD,0,none,0
25218.4,283,9,7,2,0.7778,upi,insufficient_funds,1,61.12,13,0,PREMIUM,1,active,1
6500.22,1633,7,5,2,0.7143,card,bank_timeout,1,45.11,11,6,STANDARD,0,none,1
3569.02,81,6,3,3,0.5,upi,bank_timeout,1,59.47,17,0,STANDARD,0,none,1
4013.9,1655,5,5,0,1.0,wallet,insufficient_funds,3,40.65,8,0,PREMIUM,1,active,1
851.73,1730,9,5,4,0.5556,card,network_error,3,17.76,11,1,PREMIUM,3,active,1
921.34,289,9,3,6,0.3333,card,bank_decline,2,48.4,7,4,STANDARD,2,none,1
22924.78,1242,11,8,3,0.7273,card,bank_timeout,2,16.51,15,6,STANDARD,0,none,1
2542.25,801,10,8,2,0.8,upi,bank_timeout,3,69.17,4,5,PREMIUM,0,active,1
643.98,1694,8,7,1,0.875,upi,insufficient_funds,1,41.27,12,0,ENTERPRISE,1,active,1
7534.68,789,14,11,3,0.7857,upi,bank_timeout,3,6.39,10,5,STANDARD,2,none,0
12616.49,1153,8,6,2,0.75,card,temporary_failure,1,62.47,18,0,STANDARD,0,none,0
17392.59,1610,13,11,2,0.8462,wallet,bank_timeout,1,15.61,9,6,STANDARD,3,none,1
3854.27,538,10,10,0,1.0,card,bank_decline,2,50.98,11,5,PREMIUM,0,active,1
4549.97,1574,7,7,0,1.0,card,fraud_suspected,1,6.99,20,2,STANDARD,0,none,1
4291.85,1495,13,12,1,0.9231,upi,bank_decline,3,66.26,16,6,STANDARD,2,none,1
3623.98,1586,7,5,2,0.7143,card,network_error,1,47.63,13,6,STANDARD,0,none,1
3146.07,1290,8,5,3,0.625,upi,network_error,2,13.59,7,0,STANDARD,0,none,1
794.79,285,7,6,1,0.8571,card,bank_decline,1,13.33,7,4,PREMIUM,1,active,0
1926.55,635,7,5,2,0.7143,upi,insufficient_funds,3,14.52,1,0,PREMIUM,1,active,1
3104.08,999,6,6,0,1.0,card,bank_decline,1,93.0,6,6,STANDARD,2,none,0
915.35,1660,11,10,1,0.9091,upi,network_error,3,37.41,8,4,STANDARD,1,none,1
1108.07,446,9,5,4,0.5556,upi,network_error,1,18.54,19,4,STANDARD,1,none,0
1776.78,1154,9,7,2,0.7778,wallet,insufficient_funds,2,32.39,5,0,STANDARD,0,none,0
6953.24,404,7,6,1,0.8571,wallet,network_error,1,77.93,12,6,STANDARD,1,none,0
2302.78,668,11,8,3,0.7273,card,bank_timeout,1,27.78,3,4,STANDARD,1,none,1
2846.91,719,8,4,4,0.5,card,fraud_suspected,3,37.46,17,1,STANDARD,0,none,0
2354.09,139,7,6,1,0.8571,wallet,bank_timeout,1,23.4,19,4,PREMIUM,1,active,1
4140.0,855,9,7,2,0.7778,wallet,bank_decline,2,7.68,13,5,STANDARD,1,none,0
2988.96,229,9,7,2,0.7778,upi,bank_decline,1,34.81,14,4,STANDARD,1,none,0
2329.67,112,14,10,4,0.7143,upi,insufficient_funds,3,26.86,22,2,STANDARD,4,none,1
19525.65,1055,10,8,2,0.8,netbanking,fraud_suspected,2,39.45,11,3,STANDARD,2,none,0
1657.58,241,13,12,1,0.9231,upi,bank_timeout,2,92.5,12,3,STANDARD,3,none,0
3309.02,1069,8,7,1,0.875,card,bank_timeout,1,45.41,0,6,STANDARD,1,none,0
2590.36,1411,3,2,1,0.6667,wallet,temporary_failure,3,56.8,13,3,PREMIUM,2,active,0
5653.67,1658,11,7,4,0.6364,upi,insufficient_funds,2,46.72,1,5,STANDARD,1,none,1
8312.41,472,19,11,8,0.5789,upi,network_error,1,12.81,23,2,STANDARD,0,none,0
4870.94,1578,8,6,2,0.75,upi,bank_timeout,1,17.35,1,4,STANDARD,0,none,1
3239.36,1502,7,7,0,1.0,upi,bank_decline,1,45.6,5,2,STANDARD,2,none,0
2563.44,82,8,7,1,0.875,upi,bank_decline,2,7.0,23,4,STANDARD,0,none,1
3735.58,272,9,8,1,0.8889,upi,temporary_failure,2,13.62,16,3,STANDARD,0,none,1
1193.56,1545,11,10,1,0.9091,card,bank_decline,1,38.08,22,5,STANDARD,1,none,1
6862.61,1290,11,9,2,0.8182,wallet,insufficient_funds,1,36.94,4,4,STANDARD,2,none,0
14748.09,534,9,8,1,0.8889,upi,bank_decline,3,5.8,10,1,STANDARD,1,none,0
76170.12,678,15,11,4,0.7333,wallet,temporary_failure,1,38.34,7,6,STANDARD,2,none,1
6608.09,708,6,4,2,0.6667,card,insufficient_funds,2,17.1,7,5,STANDARD,1,none,1
887.51,647,8,5,3,0.625,wallet,temporary_failure,2,62.77,20,4,STANDARD,1,none,1
12805.6,780,8,7,1,0.875,card,insufficient_funds,1,19.04,12,5,STANDARD,1,none,0
3676.66,1799,9,8,1,0.8889,card,temporary_failure,3,38.08,12,1,STANDARD,0,none,0
4802.65,156,15,9,6,0.6,upi,temporary_failure,3,28.63,22,6,STANDARD,2,none,0
2727.99,625,5,5,0,1.0,upi,temporary_failure,1,60.5,14,4,PREMIUM,2,active,0
10074.68,364,10,8,2,0.8,upi,insufficient_funds,1,16.52,10,2,PREMIUM,0,active,1
2256.44,769,6,2,4,0.3333,upi,insufficient_funds,2,11.37,8,6,STANDARD,1,none,0
3138.64,1230,5,5,0,1.0,card,insufficient_funds,2,31.12,15,1,STANDARD,4,none,1
1381.6,1659,11,10,1,0.9091,card,bank_timeout,1,84.49,1,4,STANDARD,3,none,1
3086.43,1147,5,4,1,0.8,card,insufficient_funds,3,103.45,11,1,PREMIUM,1,active,0
5759.25,549,5,4,1,0.8,card,bank_timeout,3,57.65,9,2,PREMIUM,1,active,1
6672.51,364,12,7,5,0.5833,card,insufficient_funds,3,63.39,16,6,PREMIUM,1,active,0
5391.7,1727,11,7,4,0.6364,upi,invalid_account,2,13.59,12,2,ENTERPRISE,0,active,0
1101.83,1208,7,3,4,0.4286,netbanking,network_error,3,7.79,20,5,PREMIUM,3,active,0
1060.99,756,5,5,0,1.0,upi,insufficient_funds,3,13.75,1,1,STANDARD,1,none,0
6519.82,1087,7,5,2,0.7143,card,temporary_failure,1,24.31,5,2,STANDARD,2,none,1
27445.17,514,6,5,1,0.8333,upi,bank_decline,3,18.27,10,3,STANDARD,2,none,1
2264.38,889,5,3,2,0.6,upi,temporary_failure,3,48.76,23,5,PREMIUM,2,active,1
7458.93,227,7,5,2,0.7143,netbanking,bank_decline,1,20.83,5,3,STANDARD,0,none,0
3448.73,985,13,9,4,0.6923,upi,temporary_failure,1,5.02,19,0,STANDARD,1,none,1
6751.3,841,7,6,1,0.8571,card,network_error,1,35.12,23,0,PREMIUM,0,active,1
4250.71,355,14,13,1,0.9286,upi,insufficient_funds,3,88.31,23,5,STANDARD,1,none,1
4345.41,587,6,6,0,1.0,card,temporary_failure,2,97.41,18,6,STANDARD,3,none,1
2422.11,1281,10,7,3,0.7,netbanking,invalid_account,2,46.59,19,2,STANDARD,0,none,0
3824.15,846,11,9,2,0.8182,wallet,insufficient_funds,2,28.18,18,6,ENTERPRISE,1,active,1
4810.27,934,12,11,1,0.9167,card,bank_timeout,2,50.99,9,0,STANDARD,3,none,0
1871.6,1557,13,11,2,0.8462,upi,insufficient_funds,2,26.74,0,2,STANDARD,1,none,0
6888.01,1715,4,2,2,0.5,card,invalid_account,1,43.16,4,0,PREMIUM,0,active,0
2748.96,1793,16,14,2,0.875,upi,network_error,3,12.56,7,3,STANDARD,0,none,1
42690.45,1662,10,8,2,0.8,card,bank_timeout,2,15.55,23,4,STANDARD,2,none,0
8217.03,777,9,6,3,0.6667,card,temporary_failure,2,99.12,2,2,STANDARD,2,none,1
8160.82,1020,12,10,2,0.8333,card,invalid_account,3,35.16,9,4,PREMIUM,0,active,0
3024.27,609,12,9,3,0.75,netbanking,fraud_suspected,2,62.72,4,1,STANDARD,1,none,0
6405.35,950,9,6,3,0.6667,netbanking,network_error,3,31.65,18,0,PREMIUM,1,active,1
6034.7,1689,13,9,4,0.6923,upi,insufficient_funds,1,34.02,11,2,STANDARD,0,none,0
935.17,1030,6,6,0,1.0,card,bank_decline,2,73.99,8,4,STANDARD,1,none,1
4917.3,17,4,3,1,0.75,card,network_error,3,75.46,4,5,STANDARD,0,none,0
22429.33,93,9,7,2,0.7778,card,invalid_account,2,58.59,16,3,PREMIUM,0,active,0
818.16,725,12,12,0,1.0,card,insufficient_funds,2,69.0,19,1,PREMIUM,0,active,0
14613.9,1160,3,3,0,1.0,wallet,bank_decline,3,38.62,21,5,STANDARD,0,none,1
11445.72,767,6,4,2,0.6667,wallet,insufficient_funds,3,94.68,13,5,STANDARD,1,none,0
1412.7,1582,10,10,0,1.0,upi,bank_decline,1,38.08,18,6,STANDARD,2,none,0
1839.89,1149,4,3,1,0.75,netbanking,bank_timeout,3,41.03,22,5,STANDARD,1,none,1
7215.71,1033,12,10,2,0.8333,upi,insufficient_funds,2,30.59,14,2,PREMIUM,1,active,0
717.94,1587,15,13,2,0.8667,card,invalid_account,3,87.74,18,1,STANDARD,2,none,0
5277.35,1271,11,8,3,0.7273,card,insufficient_funds,1,25.24,16,2,STANDARD,1,none,0
8377.54,1074,11,10,1,0.9091,netbanking,network_error,2,32.2,11,4,STANDARD,3,none,1
7640.43,341,9,8,1,0.8889,card,bank_decline,2,47.76,19,5,STANDARD,0,none,0
2796.24,1277,6,5,1,0.8333,card,bank_decline,2,21.25,5,4,STANDARD,3,none,0
4425.79,643,12,11,1,0.9167,netbanking,invalid_account,2,67.75,2,3,STANDARD,2,none,0
4780.3,1570,9,4,5,0.4444,upi,insufficient_funds,3,3.07,22,3,STANDARD,1,none,1
4308.5,942,12,9,3,0.75,card,network_error,1,14.79,15,5,STANDARD,1,none,1
4392.32,185,5,5,0,1.0,card,insufficient_funds,3,54.27,22,6,PREMIUM,1,active,1
13770.71,97,5,5,0,1.0,upi,network_error,2,17.06,18,0,STANDARD,2,none,1
2466.99,1630,6,5,1,0.8333,upi,insufficient_funds,1,10.74,21,3,STANDARD,0,none,0
15805.42,1004,12,9,3,0.75,upi,network_error,1,31.43,20,3,PREMIUM,0,active,1
19170.34,1784,2,2,0,1.0,netbanking,network_error,2,27.26,15,5,STANDARD,0,none,1
1751.21,1086,11,9,2,0.8182,netbanking,bank_decline,1,63.13,18,4,STANDARD,1,none,0
2073.59,867,8,8,0,1.0,netbanking,insufficient_funds,1,71.64,13,4,STANDARD,1,none,1
650.87,1252,9,8,1,0.8889,netbanking,insufficient_funds,1,23.12,21,6,STANDARD,1,none,1
929.92,345,10,5,5,0.5,netbanking,bank_decline,1,38.78,6,3,PREMIUM,1,active,0
1759.36,217,6,6,0,1.0,wallet,network_error,1,32.68,0,2,STANDARD,0,none,1
2331.24,1427,9,6,3,0.6667,netbanking,network_error,3,32.62,6,0,PREMIUM,0,active,0
5164.03,199,6,5,1,0.8333,card,temporary_failure,1,15.79,9,1,STANDARD,0,none,1
2027.91,862,10,7,3,0.7,netbanking,temporary_failure,1,27.67,8,2,STANDARD,2,none,0
2499.18,226,8,6,2,0.75,upi,network_error,1,31.92,3,0,ENTERPRISE,1,active,1
16449.81,105,12,11,1,0.9167,card,network_error,2,99.34,23,1,STANDARD,1,none,1
12930.47,1007,8,6,2,0.75,netbanking,bank_decline,3,14.11,7,0,STANDARD,0,none,0
4988.9,375,6,5,1,0.8333,upi,network_error,1,21.97,9,0,STANDARD,0,none,0
23726.95,820,6,5,1,0.8333,upi,invalid_account,2,39.72,13,0,PREMIUM,0,active,1
2804.27,1729,10,9,1,0.9,netbanking,bank_timeout,1,11.35,16,4,STANDARD,1,none,0
2718.61,335,2,1,1,0.5,upi,insufficient_funds,2,30.62,5,3,STANDARD,0,none,1
7547.53,532,7,5,2,0.7143,upi,network_error,2,86.6,4,5,PREMIUM,2,active,1
6764.15,543,13,11,2,0.8462,upi,insufficient_funds,2,13.81,4,3,PREMIUM,0,active,1
4414.12,1432,6,3,3,0.5,upi,temporary_failure,1,22.44,15,6,STANDARD,0,none,1
2244.78,867,6,6,0,1.0,card,temporary_failure,2,19.34,13,0,STANDARD,3,none,1
3641.69,595,8,6,2,0.75,upi,bank_timeout,2,13.56,14,6,ENTERPRISE,0,active,1
4689.03,1613,12,10,2,0.8333,card,insufficient_funds,1,27.77,6,0,PREMIUM,1,active,1
1706.66,252,12,11,1,0.9167,card,invalid_account,2,4.65,2,6,PREMIUM,1,active,1
2316.29,1703,13,7,6,0.5385,upi,bank_decline,2,17.37,5,6,PREMIUM,1,active,0
2233.18,744,8,7,1,0.875,upi,bank_decline,3,69.78,16,1,STANDARD,1,none,1
2438.62,1464,15,13,2,0.8667,card,insufficient_funds,1,15.14,17,6,PREMIUM,1,active,1
2494.71,725,4,2,2,0.5,card,bank_timeout,1,33.98,1,1,STANDARD,1,none,0
2825.12,225,14,13,1,0.9286,netbanking,invalid_account,3,58.41,7,3,STANDARD,1,none,0
1394.51,1016,8,6,2,0.75,upi,temporary_failure,1,36.76,19,6,STANDARD,0,none,0
2367.71,619,8,7,1,0.875,upi,temporary_failure,3,22.7,1,1,ENTERPRISE,2,active,1
5705.5,538,7,6,1,0.8571,netbanking,invalid_account,1,45.19,22,0,STANDARD,0,none,0
6088.62,263,12,8,4,0.6667,upi,invalid_account,2,35.35,7,0,PREMIUM,0,active,0
4517.7,1161,10,7,3,0.7,upi,network_error,1,75.35,21,5,STANDARD,2,none,0
2445.9,134,10,7,3,0.7,upi,insufficient_funds,2,52.85,2,2,PREMIUM,2,active,0
2276.01,1300,12,11,1,0.9167,card,network_error,3,54.91,20,4,STANDARD,1,none,1
1652.29,904,8,5,3,0.625,upi,bank_timeout,3,35.62,0,0,STANDARD,0,none,0
4124.13,639,10,10,0,1.0,netbanking,insufficient_funds,3,49.88,9,2,PREMIUM,1,active,1
6315.27,848,12,11,1,0.9167,card,bank_decline,1,138.92,2,5,STANDARD,1,none,1
12169.89,1016,12,9,3,0.75,upi,temporary_failure,1,31.85,7,4,STANDARD,1,none,1
7750.55,972,13,9,4,0.6923,upi,insufficient_funds,3,38.18,22,4,STANDARD,1,none,1
7618.45,1739,11,10,1,0.9091,upi,temporary_failure,2,64.05,15,2,STANDARD,1,none,1
4826.99,1573,6,3,3,0.5,wallet,fraud_suspected,3,44.24,2,6,STANDARD,1,none,0
5350.96,538,10,6,4,0.6,card,insufficient_funds,1,40.06,0,6,STANDARD,1,none,0
2887.08,1339,10,10,0,1.0,netbanking,insufficient_funds,3,34.06,9,2,PREMIUM,0,active,1
1690.32,1706,9,6,3,0.6667,wallet,insufficient_funds,1,27.57,9,2,STANDARD,0,none,0
7197.24,1676,11,7,4,0.6364,netbanking,invalid_account,3,51.84,11,4,STANDARD,4,none,0
17452.65,482,7,7,0,1.0,card,temporary_failure,3,31.75,4,2,STANDARD,0,none,0
2437.29,1221,8,8,0,1.0,wallet,insufficient_funds,2,44.49,14,6,PREMIUM,2,active,1
3060.17,900,7,5,2,0.7143,netbanking,bank_timeout,2,13.2,6,3,PREMIUM,0,active,1
3899.6,1272,9,5,4,0.5556,card,invalid_account,3,44.0,9,4,STANDARD,0,none,0
9422.52,1480,7,6,1,0.8571,card,bank_timeout,2,80.94,6,4,PREMIUM,0,active,1
4048.67,802,6,4,2,0.6667,card,insufficient_funds,1,7.19,20,4,PREMIUM,0,active,1
6069.77,332,8,5,3,0.625,card,insufficient_funds,1,29.96,8,5,STANDARD,1,none,0
6457.54,332,11,8,3,0.7273,upi,temporary_failure,3,15.25,3,0,PREMIUM,3,active,1
3023.18,505,12,10,2,0.8333,upi,invalid_account,2,28.61,17,0,PREMIUM,1,active,0
4856.05,75,12,5,7,0.4167,netbanking,bank_timeout,3,27.08,3,4,PREMIUM,0,active,1
1551.05,916,5,5,0,1.0,wallet,bank_timeout,2,17.67,15,1,STANDARD,1,none,1
18584.32,1587,12,7,5,0.5833,card,invalid_account,3,27.5,2,1,STANDARD,2,none,0
7938.78,235,14,12,2,0.8571,card,temporary_failure,3,81.45,19,2,STANDARD,0,none,0
14082.75,882,12,8,4,0.6667,upi,bank_timeout,2,66.04,2,6,STANDARD,2,none,1
4901.73,1461,8,5,3,0.625,netbanking,network_error,3,84.6,22,3,STANDARD,1,none,0
3227.32,1446,12,11,1,0.9167,card,invalid_account,1,21.86,11,6,STANDARD,0,none,1
1016.33,382,8,6,2,0.75,netbanking,bank_timeout,2,57.72,14,1,PREMIUM,0,active,1
2865.38,840,5,5,0,1.0,upi,bank_decline,2,28.74,15,0,PREMIUM,0,active,1
3948.28,864,4,3,1,0.75,card,bank_timeout,3,54.51,21,5,STANDARD,1,none,1
2493.39,1525,10,7,3,0.7,upi,bank_decline,3,2.04,16,6,STANDARD,1,none,1
2328.38,580,11,10,1,0.9091,upi,insufficient_funds,1,36.46,18,2,ENTERPRISE,3,active,1
1640.59,859,7,7,0,1.0,card,temporary_failure,2,44.5,7,6,STANDARD,2,none,1
3633.31,1177,6,6,0,1.0,card,insufficient_funds,1,27.2,19,4,STANDARD,0,none,1
1745.77,607,10,7,3,0.7,netbanking,temporary_failure,1,24.19,12,3,STANDARD,3,none,1
5470.63,1178,7,6,1,0.8571,netbanking,bank_timeout,1,29.85,3,3,PREMIUM,2,active,1
3599.57,1052,8,5,3,0.625,card,network_error,3,4.9,10,0,STANDARD,1,none,0
1671.5,532,11,6,5,0.5455,upi,fraud_suspected,3,18.31,18,6,STANDARD,1,none,0
11922.08,332,11,7,4,0.6364,netbanking,invalid_account,1,14.2,21,0,STANDARD,0,none,0
6768.92,451,8,6,2,0.75,upi,temporary_failure,1,74.51,14,0,PREMIUM,1,active,0
2250.31,1193,7,5,2,0.7143,card,bank_decline,2,43.04,0,1,STANDARD,1,none,1
1306.88,109,6,4,2,0.6667,card,temporary_failure,3,72.69,1,1,PREMIUM,1,active,0
5263.28,99,10,5,5,0.5,card,insufficient_funds,2,3.42,22,2,STANDARD,1,none,1
7855.18,913,8,4,4,0.5,upi,bank_timeout,2,20.79,5,0,STANDARD,1,none,1
3011.47,14,12,7,5,0.5833,netbanking,insufficient_funds,1,56.82,1,0,STANDARD,0,none,0
7694.36,841,4,2,2,0.5,upi,invalid_account,3,17.39,3,4,STANDARD,1,none,0
3625.75,1442,12,9,3,0.75,upi,bank_timeout,1,62.46,22,0,STANDARD,3,none,0
6976.39,1677,8,7,1,0.875,upi,temporary_failure,2,21.94,9,2,STANDARD,0,none,1
7065.3,240,9,7,2,0.7778,card,insufficient_funds,3,108.62,0,3,STANDARD,1,none,0
948.91,925,12,8,4,0.6667,card,insufficient_funds,2,17.27,16,3,STANDARD,0,none,0
3523.74,552,15,7,8,0.4667,upi,temporary_failure,1,91.69,20,4,STANDARD,0,none,0
917.91,624,13,9,4,0.6923,card,temporary_failure,1,45.22,20,3,STANDARD,3,none,1
3552.08,630,15,11,4,0.7333,upi,bank_decline,2,24.6,16,6,STANDARD,0,none,1
879.69,448,7,5,2,0.7143,wallet,network_error,2,67.98,10,5,STANDARD,0,none,0
6286.48,1398,10,10,0,1.0,card,insufficient_funds,2,24.33,16,3,STANDARD,0,none,1
1074.51,692,9,8,1,0.8889,upi,network_error,1,32.36,17,5,STANDARD,2,none,1
2887.56,1058,6,6,0,1.0,netbanking,temporary_failure,3,61.97,12,6,STANDARD,1,none,0
4155.85,794,6,5,1,0.8333,upi,temporary_failure,1,43.87,3,6,STANDARD,1,none,1
1523.22,211,4,2,2,0.5,card,invalid_account,2,29.36,16,3,STANDARD,1,none,0
6000.82,497,9,8,1,0.8889,upi,bank_decline,3,14.06,10,6,PREMIUM,0,active,1
5245.54,754,12,9,3,0.75,upi,temporary_failure,1,26.23,18,2,PREMIUM,0,active,1
2943.26,389,7,5,2,0.7143,wallet,temporary_failure,3,8.15,19,4,STANDARD,2,none,1
7199.0,831,11,11,0,1.0,upi,temporary_failure,2,76.6,16,3,PREMIUM,1,active,1
4606.1,1559,8,6,2,0.75,upi,insufficient_funds,2,9.3,17,2,STANDARD,2,none,0
4021.19,833,6,5,1,0.8333,upi,bank_timeout,3,31.95,16,4,STANDARD,1,none,1
4229.92,424,5,3,2,0.6,netbanking,insufficient_funds,3,56.76,4,4,STANDARD,3,none,0
987.82,1541,10,7,3,0.7,card,insufficient_funds,3,17.21,4,5,STANDARD,1,none,0
3770.72,1086,16,10,6,0.625,upi,bank_decline,2,20.28,8,2,STANDARD,0,none,0
4552.97,734,17,13,4,0.7647,card,network_error,2,96.44,19,6,STANDARD,1,none,1
4159.69,1772,16,13,3,0.8125,wallet,invalid_account,3,20.07,18,6,PREMIUM,1,active,0
1303.21,1199,14,11,3,0.7857,card,insufficient_funds,2,29.18,2,1,PREMIUM,1,active,1
5168.04,1331,8,5,3,0.625,upi,network_error,2,3.71,16,5,STANDARD,0,none,1
2357.95,985,14,8,6,0.5714,upi,invalid_account,3,26.74,5,4,PREMIUM,3,active,0
7043.81,1132,11,9,2,0.8182,card,bank_decline,3,50.14,8,3,PREMIUM,0,active,1
1631.62,73,11,7,4,0.6364,card,temporary_failure,2,49.08,18,4,PREMIUM,0,active,1
13137.79,57,5,3,2,0.6,upi,insufficient_funds,1,26.7,6,0,PREMIUM,0,active,1
3339.92,679,14,13,1,0.9286,card,insufficient_funds,2,26.66,15,0,STANDARD,0,none,0
933.18,1694,11,8,3,0.7273,card,invalid_account,2,49.62,7,1,STANDARD,0,none,1
3984.75,1696,11,5,6,0.4545,upi,bank_timeout,2,20.3,11,2,STANDARD,1,none,0
7172.12,43,10,9,1,0.9,netbanking,network_error,3,8.9,1,3,STANDARD,1,none,1
1114.32,188,10,9,1,0.9,upi,temporary_failure,3,27.36,18,4,PREMIUM,0,active,1
3458.55,922,13,10,3,0.7692,upi,network_error,2,50.98,7,3,STANDARD,0,none,0
624.92,1173,17,13,4,0.7647,upi,bank_decline,3,38.01,17,0,PREMIUM,1,active,0
12544.15,1731,11,9,2,0.8182,upi,network_error,3,86.31,3,3,PREMIUM,1,active,1
4014.54,1777,5,4,1,0.8,wallet,fraud_suspected,2,29.77,14,6,PREMIUM,0,active,1
9908.98,1654,10,8,2,0.8,card,fraud_suspected,1,84.52,19,2,ENTERPRISE,1,active,0
5898.53,853,11,7,4,0.6364,card,bank_decline,1,31.34,2,1,PREMIUM,0,active,0
736.28,602,12,10,2,0.8333,card,insufficient_funds,3,57.82,16,1,PREMIUM,2,active,1
1622.25,666,14,14,0,1.0,wallet,bank_timeout,3,61.4,23,2,STANDARD,0,none,1
1768.01,1297,14,11,3,0.7857,card,bank_timeout,3,61.99,2,3,PREMIUM,0,active,1
2438.03,1768,12,10,2,0.8333,card,bank_decline,1,27.29,11,3,STANDARD,1,none,0
4265.71,1282,12,11,1,0.9167,upi,bank_timeout,3,11.19,15,1,ENTERPRISE,0,active,1
1741.4,1204,8,7,1,0.875,upi,fraud_suspected,2,28.02,11,5,PREMIUM,1,active,0
4264.47,314,7,7,0,1.0,card,insufficient_funds,2,34.39,18,0,STANDARD,1,none,1
6127.55,84,7,7,0,1.0,upi,bank_decline,3,23.48,0,2,ENTERPRISE,0,active,1
1692.9,1722,12,6,6,0.5,netbanking,invalid_account,3,24.46,2,4,STANDARD,2,none,0
2200.7,476,13,10,3,0.7692,card,invalid_account,2,18.38,5,4,STANDARD,1,none,0
12639.69,568,9,8,1,0.8889,card,insufficient_funds,1,14.93,4,2,STANDARD,0,none,1
6562.65,672,10,8,2,0.8,upi,network_error,1,51.41,9,2,STANDARD,0,none,1
2563.63,493,11,8,3,0.7273,card,bank_decline,2,4.67,4,4,STANDARD,0,none,1
9351.45,247,15,11,4,0.7333,upi,insufficient_funds,1,14.4,17,3,PREMIUM,1,active,1
2565.9,194,7,6,1,0.8571,netbanking,temporary_failure,3,26.17,5,0,STANDARD,2,none,1
5050.64,1408,5,3,2,0.6,card,insufficient_funds,3,27.8,7,5,ENTERPRISE,3,active,0
1097.25,1478,5,4,1,0.8,netbanking,network_error,3,43.78,4,6,PREMIUM,3,active,1
6598.23,745,8,6,2,0.75,card,temporary_failure,3,31.82,22,2,STANDARD,2,none,1
3663.18,833,4,3,1,0.75,card,bank_decline,2,41.57,13,5,STANDARD,0,none,1
4142.41,1724,9,6,3,0.6667,upi,temporary_failure,3,43.5,22,1,STANDARD,1,none,1
2569.07,1772,7,3,4,0.4286,upi,bank_timeout,3,71.8,18,5,STANDARD,4,none,0
13997.82,225,12,9,3,0.75,card,temporary_failure,1,40.25,21,3,STANDARD,3,none,1
8197.32,1512,16,11,5,0.6875,netbanking,network_error,2,23.56,14,1,STANDARD,0,none,1
2131.63,1169,6,6,0,1.0,card,temporary_failure,3,132.78,11,4,PREMIUM,1,active,1
2335.89,690,5,5,0,1.0,wallet,insufficient_funds,1,66.98,19,5,STANDARD,2,none,1
4712.83,331,9,8,1,0.8889,upi,bank_decline,1,78.6,8,3,STANDARD,1,none,0
1403.85,1371,11,8,3,0.7273,upi,network_error,1,38.76,14,2,STANDARD,3,none,1
3568.51,1554,15,10,5,0.6667,upi,insufficient_funds,2,32.15,19,1,STANDARD,3,none,0
3387.3,178,14,11,3,0.7857,upi,network_error,1,33.62,10,3,ENTERPRISE,3,active,1
4475.46,1197,8,5,3,0.625,upi,insufficient_funds,1,9.68,14,6,STANDARD,0,none,1
2339.85,1462,9,7,2,0.7778,card,insufficient_funds,1,20.08,11,2,STANDARD,0,none,1
5003.4,1787,9,8,1,0.8889,card,insufficient_funds,3,22.79,3,5,PREMIUM,1,active,1
2978.65,1441,12,9,3,0.75,upi,temporary_failure,2,17.12,18,5,ENTERPRISE,0,active,0
4991.04,209,8,5,3,0.625,card,temporary_failure,3,8.96,2,6,STANDARD,1,none,1
3823.74,602,5,4,1,0.8,wallet,bank_timeout,2,50.36,4,4,PREMIUM,0,active,0
3551.5,1111,9,6,3,0.6667,card,bank_decline,3,20.81,13,4,STANDARD,1,none,0
3826.58,696,8,7,1,0.875,card,network_error,2,19.41,23,5,STANDARD,1,none,1
1066.66,1246,8,8,0,1.0,card,insufficient_funds,3,30.61,6,3,PREMIUM,0,active,1
2017.8,229,5,5,0,1.0,upi,fraud_suspected,3,29.97,23,5,PREMIUM,3,active,0
2668.27,184,9,4,5,0.4444,card,invalid_account,3,33.13,1,3,PREMIUM,1,active,0
4496.25,840,3,3,0,1.0,card,network_error,1,34.04,21,5,STANDARD,1,none,1
3525.23,876,3,2,1,0.6667,wallet,network_error,3,28.81,2,3,STANDARD,2,none,1
7424.47,217,8,5,3,0.625,netbanking,fraud_suspected,1,53.29,7,4,STANDARD,2,none,1
44575.19,471,4,4,0,1.0,upi,insufficient_funds,3,77.03,9,6,PREMIUM,2,active,0
3209.56,664,4,4,0,1.0,netbanking,insufficient_funds,2,21.1,9,4,STANDARD,0,none,1
5333.39,1185,11,11,0,1.0,upi,bank_timeout,2,50.88,13,3,STANDARD,0,none,1
5730.71,1050,13,12,1,0.9231,card,temporary_failure,2,65.21,13,3,STANDARD,2,none,1
48579.99,437,14,13,1,0.9286,netbanking,temporary_failure,1,45.67,22,5,PREMIUM,2,active,1
3904.46,1241,11,8,3,0.7273,card,insufficient_funds,2,11.53,23,0,STANDARD,2,none,1
983.92,1022,8,6,2,0.75,card,network_error,1,67.33,23,4,STANDARD,1,none,1
3591.23,1019,6,6,0,1.0,card,insufficient_funds,1,40.58,7,0,STANDARD,1,none,1
557.59,150,13,10,3,0.7692,wallet,invalid_account,2,46.11,1,3,STANDARD,2,none,0
2158.1,362,6,5,1,0.8333,upi,invalid_account,1,24.51,9,6,STANDARD,4,none,0
2810.32,1124,12,9,3,0.75,netbanking,network_error,3,20.38,16,4,STANDARD,2,none,1
2626.88,1741,9,8,1,0.8889,upi,invalid_account,3,44.97,12,4,STANDARD,2,none,0
24225.51,1581,4,2,2,0.5,card,temporary_failure,1,59.92,14,4,PREMIUM,2,active,0
21615.47,824,6,5,1,0.8333,card,insufficient_funds,2,28.4,5,5,PREMIUM,1,active,1
5716.66,1028,9,7,2,0.7778,upi,network_error,3,18.11,12,0,STANDARD,0,none,0
18824.02,1767,10,7,3,0.7,card,temporary_failure,2,21.96,17,6,STANDARD,1,none,0
5765.18,1228,13,13,0,1.0,netbanking,bank_timeout,1,15.45,4,0,STANDARD,0,none,0
14303.23,1521,12,10,2,0.8333,card,temporary_failure,1,15.36,9,5,STANDARD,1,none,1
1758.05,1082,8,6,2,0.75,card,bank_decline,1,22.58,15,4,STANDARD,1,none,0
4167.54,1457,10,8,2,0.8,upi,temporary_failure,2,24.43,1,5,STANDARD,0,none,1
6305.46,1182,8,5,3,0.625,netbanking,fraud_suspected,3,27.36,13,1,ENTERPRISE,1,active,0
16773.5,1510,10,7,3,0.7,upi,bank_decline,2,31.0,17,2,STANDARD,0,none,1
10811.15,1146,12,9,3,0.75,upi,insufficient_funds,1,41.38,5,1,STANDARD,0,none,0
2114.31,536,8,8,0,1.0,upi,temporary_failure,2,27.6,9,0,STANDARD,1,none,1
6486.93,707,6,6,0,1.0,card,bank_decline,3,21.18,4,5,STANDARD,1,none,1
2809.36,190,7,6,1,0.8571,netbanking,insufficient_funds,2,14.58,23,3,STANDARD,1,none,1
5610.48,397,13,9,4,0.6923,card,network_error,3,23.38,13,2,PREMIUM,2,active,1
6119.24,836,6,5,1,0.8333,card,temporary_failure,1,14.91,10,4,ENTERPRISE,2,active,1
6679.03,1524,10,8,2,0.8,card,fraud_suspected,3,53.5,8,3,STANDARD,2,none,1
6533.71,301,8,7,1,0.875,netbanking,insufficient_funds,1,61.99,19,3,PREMIUM,0,active,1
3575.89,868,14,12,2,0.8571,upi,insufficient_funds,3,95.41,5,4,STANDARD,1,none,0
3639.76,1154,9,6,3,0.6667,card,network_error,2,6.35,4,6,STANDARD,1,none,1
7937.9,695,8,7,1,0.875,upi,network_error,1,40.2,19,5,PREMIUM,2,active,1
698.85,1223,7,6,1,0.8571,netbanking,network_error,3,62.87,13,4,STANDARD,0,none,0
2131.23,533,5,5,0,1.0,netbanking,temporary_failure,1,22.43,23,1,PREMIUM,0,active,1
1801.51,267,7,5,2,0.7143,upi,insufficient_funds,1,3.09,19,3,STANDARD,2,none,1
9295.69,359,10,9,1,0.9,netbanking,bank_decline,1,61.9,10,0,STANDARD,3,none,1
4165.97,1330,11,8,3,0.7273,upi,insufficient_funds,1,34.01,4,4,PREMIUM,1,active,0
5598.42,433,10,9,1,0.9,netbanking,fraud_suspected,3,20.73,0,1,PREMIUM,1,active,1
2745.2,268,14,10,4,0.7143,card,insufficient_funds,3,81.67,5,2,STANDARD,0,none,0
6012.21,314,11,11,0,1.0,upi,network_error,3,20.7,5,0,STANDARD,3,none,1
1107.11,742,8,8,0,1.0,card,network_error,1,77.73,1,2,STANDARD,1,none,1
10735.77,1729,11,10,1,0.9091,upi,insufficient_funds,3,8.15,18,6,STANDARD,0,none,1
1009.54,88,9,4,5,0.4444,card,bank_decline,1,11.75,16,5,STANDARD,2,none,0
10448.38,981,12,8,4,0.6667,card,fraud_suspected,3,46.64,19,3,STANDARD,2,none,0
489.05,208,11,9,2,0.8182,card,temporary_failure,1,77.04,5,4,STANDARD,0,none,1
1845.42,1662,11,7,4,0.6364,upi,insufficient_funds,1,23.98,7,2,STANDARD,3,none,1
1964.99,256,10,6,4,0.6,netbanking,temporary_failure,2,27.35,2,1,STANDARD,1,none,1
11398.65,331,10,7,3,0.7,card,temporary_failure,2,33.32,3,3,PREMIUM,0,active,0
9530.82,451,9,9,0,1.0,upi,insufficient_funds,1,76.52,3,1,STANDARD,0,none,1
1771.65,1762,6,5,1,0.8333,upi,temporary_failure,2,92.24,3,4,PREMIUM,0,active,1
20022.29,1776,7,7,0,1.0,wallet,insufficient_funds,3,36.58,11,1,PREMIUM,3,active,1
2286.69,119,10,8,2,0.8,upi,bank_decline,1,30.45,7,1,PREMIUM,1,active,1
7728.8,1166,12,11,1,0.9167,upi,temporary_failure,2,28.08,19,4,STANDARD,0,none,1
2482.97,388,8,6,2,0.75,upi,network_error,3,14.32,19,4,STANDARD,2,none,1
10516.75,1234,10,10,0,1.0,card,network_error,1,43.27,20,2,STANDARD,0,none,1
2821.19,1231,10,7,3,0.7,upi,temporary_failure,2,32.91,1,2,STANDARD,0,none,1
3542.59,454,8,7,1,0.875,netbanking,insufficient_funds,3,47.78,2,0,PREMIUM,1,active,1
1184.34,1445,14,10,4,0.7143,card,insufficient_funds,1,31.53,20,0,PREMIUM,0,active,1
2402.77,332,14,10,4,0.7143,upi,bank_timeout,3,42.24,2,6,STANDARD,2,none,0
4914.63,638,11,10,1,0.9091,upi,network_error,1,38.13,18,2,STANDARD,1,none,1
643.35,1502,9,8,1,0.8889,card,bank_timeout,1,56.99,2,1,PREMIUM,1,active,1
2999.44,949,7,4,3,0.5714,upi,bank_decline,1,43.99,19,6,STANDARD,0,none,1
6166.5,622,10,5,5,0.5,wallet,bank_decline,2,5.33,1,3,PREMIUM,0,active,0
11740.04,1021,6,4,2,0.6667,upi,network_error,1,13.28,22,4,STANDARD,2,none,1
5290.28,1761,10,10,0,1.0,upi,invalid_account,3,14.49,13,4,PREMIUM,1,active,1
3261.68,463,12,5,7,0.4167,upi,temporary_failure,2,13.03,11,1,PREMIUM,2,active,1
9507.94,671,10,9,1,0.9,netbanking,temporary_failure,1,4.33,3,3,STANDARD,0,none,1
2476.93,754,10,8,2,0.8,wallet,insufficient_funds,3,15.32,0,5,PREMIUM,1,active,0
3449.39,191,12,7,5,0.5833,card,bank_timeout,2,47.76,11,2,STANDARD,1,none,1
4042.53,1700,7,6,1,0.8571,netbanking,network_error,3,48.35,0,1,PREMIUM,3,active,1
1781.31,1765,8,5,3,0.625,upi,insufficient_funds,3,60.0,19,2,STANDARD,1,none,0
3819.83,1264,10,8,2,0.8,upi,bank_decline,3,6.91,10,6,PREMIUM,1,active,0
2899.93,1643,11,8,3,0.7273,card,bank_decline,2,67.39,5,1,PREMIUM,0,active,1
2440.97,1663,13,5,8,0.3846,upi,bank_decline,1,7.35,14,6,STANDARD,0,none,0
2606.3,536,12,6,6,0.5,upi,insufficient_funds,1,13.38,0,0,STANDARD,0,none,0
13521.39,260,8,6,2,0.75,netbanking,bank_timeout,3,10.68,22,1,STANDARD,0,none,1
5152.39,122,2,2,0,1.0,upi,network_error,1,26.58,18,6,STANDARD,2,none,1
2651.25,1529,3,3,0,1.0,upi,insufficient_funds,3,64.08,22,3,STANDARD,2,none,1
3685.98,991,5,4,1,0.8,card,bank_decline,3,21.87,5,3,STANDARD,0,none,1
2206.05,910,12,9,3,0.75,upi,insufficient_funds,1,40.02,15,6,STANDARD,0,none,0
6039.78,1537,4,4,0,1.0,upi,temporary_failure,2,16.56,13,6,STANDARD,1,none,1
5998.25,1543,10,8,2,0.8,netbanking,insufficient_funds,3,18.32,18,4,PREMIUM,5,active,1
5475.04,1468,10,9,1,0.9,upi,bank_timeout,3,58.06,6,1,PREMIUM,1,active,1
2844.51,200,12,9,3,0.75,wallet,insufficient_funds,2,99.3,8,0,STANDARD,0,none,0
26649.61,495,7,6,1,0.8571,upi,invalid_account,3,45.16,7,1,PREMIUM,2,active,0
2705.76,918,9,8,1,0.8889,card,bank_decline,1,30.38,20,3,STANDARD,2,none,1
1862.08,713,11,10,1,0.9091,netbanking,temporary_failure,3,66.04,16,0,STANDARD,1,none,1
3277.88,275,9,5,4,0.5556,card,network_error,3,61.84,0,5,STANDARD,0,none,1
4909.37,297,8,5,3,0.625,upi,fraud_suspected,1,41.14,21,1,STANDARD,2,none,0
1570.44,462,12,6,6,0.5,upi,temporary_failure,1,15.48,0,2,PREMIUM,3,active,0
2471.92,1639,12,9,3,0.75,netbanking,temporary_failure,3,4.78,3,1,STANDARD,1,none,1
4367.89,1529,8,3,5,0.375,wallet,temporary_failure,2,16.64,5,3,PREMIUM,1,active,0
2548.81,130,8,6,2,0.75,netbanking,bank_decline,3,58.95,10,0,PREMIUM,1,active,0
3988.24,1705,8,8,0,1.0,card,insufficient_funds,2,45.35,2,6,STANDARD,1,none,0
2090.23,1386,5,5,0,1.0,upi,temporary_failure,3,26.87,5,5,ENTERPRISE,0,active,1
5580.83,781,10,10,0,1.0,upi,bank_decline,2,27.73,3,6,STANDARD,0,none,0
2123.0,793,7,6,1,0.8571,netbanking,bank_decline,1,11.11,4,1,STANDARD,0,none,1
8025.58,824,15,12,3,0.8,netbanking,bank_decline,2,19.07,11,1,PREMIUM,1,active,1
1210.52,380,9,8,1,0.8889,card,network_error,1,15.46,10,4,STANDARD,2,none,1
7136.48,1639,11,10,1,0.9091,wallet,network_error,1,7.09,16,5,STANDARD,1,none,1
1026.31,271,6,5,1,0.8333,wallet,network_error,3,16.26,15,4,STANDARD,1,none,1
8824.1,928,17,13,4,0.7647,upi,bank_timeout,1,16.48,19,2,PREMIUM,1,active,1
8694.8,1618,9,7,2,0.7778,card,temporary_failure,2,20.4,11,0,STANDARD,2,none,0
3842.23,1305,11,9,2,0.8182,netbanking,insufficient_funds,1,52.65,12,3,PREMIUM,1,active,1
2718.02,164,11,5,6,0.4545,netbanking,network_error,1,33.53,0,2,STANDARD,1,none,0
3875.68,1146,7,5,2,0.7143,upi,insufficient_funds,3,36.84,11,0,STANDARD,2,none,0
1745.05,946,10,6,4,0.6,card,temporary_failure,1,33.33,13,4,PREMIUM,1,active,0
6801.38,829,8,7,1,0.875,upi,network_error,2,66.02,5,4,PREMIUM,0,active,1
11044.91,776,7,4,3,0.5714,wallet,temporary_failure,1,38.02,20,2,STANDARD,0,none,0
2497.69,1089,9,5,4,0.5556,upi,network_error,3,105.53,6,4,STANDARD,2,none,0
3161.13,22,14,10,4,0.7143,card,network_error,2,27.39,18,6,STANDARD,1,none,1
1059.05,1710,11,9,2,0.8182,card,bank_timeout,3,44.67,23,1,STANDARD,0,none,1
7576.86,324,8,7,1,0.875,card,temporary_failure,2,127.98,18,1,STANDARD,1,none,1
2474.67,728,11,10,1,0.9091,netbanking,invalid_account,2,21.31,8,3,PREMIUM,2,active,1
4720.92,714,12,8,4,0.6667,card,bank_decline,2,40.03,16,3,STANDARD,0,none,0
4044.87,585,4,4,0,1.0,card,bank_decline,2,28.49,20,3,ENTERPRISE,0,active,1
2743.52,706,8,5,3,0.625,netbanking,insufficient_funds,2,43.6,3,4,ENTERPRISE,0,active,1
5241.82,1502,6,5,1,0.8333,upi,insufficient_funds,1,33.81,2,4,STANDARD,0,none,0
8883.91,1168,10,4,6,0.4,netbanking,network_error,1,73.56,12,3,STANDARD,0,none,0
2059.56,1034,8,8,0,1.0,card,network_error,1,80.84,19,1,ENTERPRISE,2,active,1
5928.4,1555,6,5,1,0.8333,card,bank_decline,3,25.24,5,3,STANDARD,2,none,1
2189.18,421,6,5,1,0.8333,card,insufficient_funds,3,42.31,1,0,PREMIUM,2,active,1
21839.96,1518,15,10,5,0.6667,upi,bank_decline,3,47.95,5,3,PREMIUM,1,active,0
1196.45,1452,6,4,2,0.6667,upi,bank_timeout,2,25.14,4,4,STANDARD,2,none,1
7535.83,709,14,12,2,0.8571,upi,fraud_suspected,2,46.14,20,4,PREMIUM,0,active,0
1732.25,1565,8,6,2,0.75,upi,bank_timeout,3,67.18,17,2,ENTERPRISE,2,active,1
2809.43,1613,10,5,5,0.5,upi,bank_decline,1,46.75,15,2,STANDARD,0,none,0
6254.9,287,10,8,2,0.8,upi,temporary_failure,3,37.76,20,5,STANDARD,0,none,1
1418.81,1741,8,7,1,0.875,card,temporary_failure,1,34.54,19,6,STANDARD,1,none,1
11100.6,229,14,7,7,0.5,upi,bank_decline,3,86.15,5,6,ENTERPRISE,0,active,0
2943.28,1793,5,4,1,0.8,card,insufficient_funds,1,31.0,5,5,STANDARD,5,none,1
1828.21,1758,5,4,1,0.8,wallet,temporary_failure,3,55.28,19,0,PREMIUM,1,active,1
1390.48,1109,2,1,1,0.5,card,temporary_failure,3,23.49,15,4,PREMIUM,0,active,0
6691.76,1256,6,5,1,0.8333,upi,insufficient_funds,1,3.99,18,3,STANDARD,0,none,1
5500.06,1374,5,4,1,0.8,upi,bank_decline,2,21.5,5,3,STANDARD,1,none,1
10706.33,1645,6,5,1,0.8333,upi,temporary_failure,3,30.14,8,1,STANDARD,0,none,1
5846.74,254,8,6,2,0.75,upi,bank_timeout,1,41.42,19,4,PREMIUM,2,active,0
1356.71,974,15,14,1,0.9333,card,network_error,3,84.51,10,5,STANDARD,1,none,1
3023.84,969,6,5,1,0.8333,upi,insufficient_funds,1,32.75,14,3,STANDARD,0,none,1
15723.62,307,9,5,4,0.5556,upi,fraud_suspected,3,42.62,4,0,PREMIUM,2,active,0
3864.58,159,9,8,1,0.8889,upi,bank_timeout,1,67.56,4,4,STANDARD,0,none,1
5993.65,665,10,6,4,0.6,upi,insufficient_funds,1,64.09,0,3,STANDARD,0,none,1
4586.34,292,3,3,0,1.0,upi,invalid_account,2,57.53,14,2,STANDARD,1,none,1
3131.87,1200,8,5,3,0.625,upi,bank_decline,2,36.88,1,2,STANDARD,1,none,0
2869.76,1162,7,4,3,0.5714,card,bank_decline,2,43.03,16,5,PREMIUM,0,active,0
4143.03,1076,4,4,0,1.0,upi,temporary_failure,1,59.18,18,4,STANDARD,1,none,1
8931.52,759,14,9,5,0.6429,upi,insufficient_funds,3,14.54,17,0,PREMIUM,1,active,1
3085.26,1560,10,8,2,0.8,card,invalid_account,1,32.68,0,2,ENTERPRISE,1,active,0
7773.62,379,7,4,3,0.5714,upi,network_error,3,24.59,12,0,STANDARD,2,none,1
3072.49,704,9,8,1,0.8889,upi,network_error,1,11.57,3,5,PREMIUM,0,active,1
1711.74,859,13,9,4,0.6923,upi,temporary_failure,2,27.48,20,4,STANDARD,1,none,0
2781.75,32,11,10,1,0.9091,card,insufficient_funds,1,73.48,20,1,PREMIUM,1,active,1
1981.68,1438,7,3,4,0.4286,card,insufficient_funds,2,67.61,12,4,STANDARD,0,none,0
1923.29,216,9,5,4,0.5556,wallet,invalid_account,3,14.43,16,1,STANDARD,1,none,0
3101.39,1591,10,9,1,0.9,card,bank_timeout,3,32.27,1,0,STANDARD,1,none,1
7807.71,558,10,8,2,0.8,card,insufficient_funds,1,4.01,0,2,STANDARD,1,none,0
2708.24,1690,12,10,2,0.8333,card,insufficient_funds,1,72.03,20,4,STANDARD,0,none,1
1686.31,645,15,13,2,0.8667,upi,insufficient_funds,1,57.47,12,3,STANDARD,2,none,0
2604.17,743,12,9,3,0.75,upi,fraud_suspected,2,44.56,23,4,STANDARD,4,none,0
3489.95,47,13,12,1,0.9231,card,temporary_failure,2,58.44,12,6,STANDARD,1,none,1
2988.03,32,8,4,4,0.5,upi,network_error,3,33.29,9,2,STANDARD,1,none,1
2136.88,917,5,4,1,0.8,upi,bank_decline,2,15.99,20,4,STANDARD,1,none,1
2793.08,576,16,13,3,0.8125,wallet,insufficient_funds,3,42.31,0,6,PREMIUM,1,active,0
1254.97,144,10,7,3,0.7,card,bank_timeout,2,72.88,13,5,STANDARD,2,none,1
1345.63,1381,12,10,2,0.8333,upi,temporary_failure,2,35.04,7,1,STANDARD,0,none,1
1399.46,1437,6,4,2,0.6667,card,network_error,1,15.59,16,2,PREMIUM,1,active,1
12286.33,761,8,7,1,0.875,netbanking,fraud_suspected,1,26.33,23,3,STANDARD,2,none,1
8040.6,1711,4,3,1,0.75,upi,insufficient_funds,1,64.69,23,1,PREMIUM,1,active,1
3021.57,1257,13,9,4,0.6923,netbanking,bank_decline,1,44.09,7,0,STANDARD,1,none,1
8256.66,1320,16,10,6,0.625,card,network_error,3,17.83,17,0,STANDARD,2,none,0
2129.39,1270,6,4,2,0.6667,upi,insufficient_funds,2,71.66,21,5,STANDARD,0,none,1
562.89,847,13,8,5,0.6154,upi,temporary_failure,1,20.33,17,4,STANDARD,4,none,1
9068.82,171,5,1,4,0.2,card,insufficient_funds,2,13.32,5,0,STANDARD,0,none,0
2524.66,313,9,8,1,0.8889,netbanking,temporary_failure,3,24.88,19,5,STANDARD,2,none,1
2167.17,862,6,5,1,0.8333,upi,bank_decline,3,23.62,19,0,STANDARD,1,none,1
3186.8,741,10,8,2,0.8,card,temporary_failure,1,82.38,8,2,STANDARD,1,none,1
13114.42,724,12,11,1,0.9167,upi,bank_decline,3,38.06,1,2,ENTERPRISE,1,active,0
3426.0,1597,4,3,1,0.75,netbanking,temporary_failure,3,5.75,10,4,STANDARD,1,none,1
22937.92,703,12,8,4,0.6667,netbanking,invalid_account,3,54.0,23,3,STANDARD,0,none,0
3305.0,961,12,9,3,0.75,wallet,bank_decline,1,40.22,8,4,STANDARD,0,none,0
1119.43,1545,6,2,4,0.3333,card,insufficient_funds,2,16.22,22,5,PREMIUM,1,active,0
14234.96,1068,10,8,2,0.8,wallet,insufficient_funds,2,9.06,6,4,STANDARD,1,none,1
1739.72,1190,5,4,1,0.8,wallet,bank_timeout,2,72.8,10,4,STANDARD,1,none,1
4001.2,376,4,1,3,0.25,card,fraud_suspected,1,17.02,6,3,STANDARD,0,none,0
1482.42,1277,7,5,2,0.7143,upi,temporary_failure,3,58.68,1,2,PREMIUM,0,active,0
2789.82,970,7,6,1,0.8571,upi,temporary_failure,3,33.95,22,5,STANDARD,1,none,1
2292.32,600,3,2,1,0.6667,upi,bank_decline,1,9.15,7,0,STANDARD,1,none,0
4521.82,1417,12,7,5,0.5833,netbanking,insufficient_funds,3,56.6,16,2,STANDARD,1,none,0
5308.77,544,7,5,2,0.7143,card,network_error,1,36.46,12,1,STANDARD,0,none,0
4009.05,404,14,10,4,0.7143,upi,bank_timeout,3,5.5,22,6,STANDARD,1,none,1
3260.38,299,10,7,3,0.7,upi,insufficient_funds,1,24.21,12,1,STANDARD,2,none,1
3434.5,957,15,13,2,0.8667,upi,bank_timeout,1,9.21,1,4,STANDARD,0,none,1
4976.33,34,6,6,0,1.0,upi,temporary_failure,2,51.17,23,5,STANDARD,0,none,1
8340.67,1628,3,3,0,1.0,wallet,temporary_failure,3,20.83,13,3,PREMIUM,0,active,1
11085.83,1554,12,11,1,0.9167,upi,bank_timeout,2,15.5,16,6,STANDARD,0,none,1
6102.85,997,6,3,3,0.5,card,bank_timeout,1,21.7,7,4,STANDARD,0,none,0
2752.17,339,14,10,4,0.7143,card,insufficient_funds,1,30.44,0,1,PREMIUM,1,active,1
2468.27,360,13,11,2,0.8462,card,fraud_suspected,3,28.39,1,3,PREMIUM,0,active,0
1298.89,622,16,9,7,0.5625,card,temporary_failure,2,42.32,18,0,STANDARD,1,none,0
8713.13,1555,6,3,3,0.5,card,network_error,2,15.68,0,0,STANDARD,1,none,0
21799.32,609,11,7,4,0.6364,netbanking,insufficient_funds,3,20.03,7,1,PREMIUM,1,active,0
747.68,778,4,3,1,0.75,card,network_error,1,80.86,21,5,STANDARD,1,none,1
6591.85,425,8,6,2,0.75,card,network_error,1,44.64,15,3,STANDARD,0,none,1
6809.01,1127,8,7,1,0.875,netbanking,network_error,2,13.07,13,2,STANDARD,0,none,1
3316.66,1273,5,2,3,0.4,netbanking,temporary_failure,3,34.35,7,3,PREMIUM,2,active,0
6755.32,1331,10,8,2,0.8,upi,insufficient_funds,1,25.2,9,1,STANDARD,0,none,1
2228.65,1449,8,7,1,0.875,upi,insufficient_funds,2,6.8,1,5,STANDARD,1,none,1
7170.58,622,9,6,3,0.6667,netbanking,bank_decline,1,53.55,8,2,STANDARD,1,none,1
3092.0,406,12,10,2,0.8333,card,temporary_failure,3,36.67,15,1,PREMIUM,1,active,1
4372.81,406,8,7,1,0.875,netbanking,temporary_failure,2,38.28,0,2,PREMIUM,1,active,1
7445.27,721,12,10,2,0.8333,netbanking,fraud_suspected,2,62.68,12,0,STANDARD,2,none,1
21794.64,629,5,3,2,0.6,card,network_error,1,39.79,6,1,ENTERPRISE,0,active,1
11025.39,184,3,3,0,1.0,card,insufficient_funds,2,128.61,2,2,STANDARD,1,none,1
935.74,1716,17,13,4,0.7647,wallet,temporary_failure,1,19.19,8,2,STANDARD,1,none,1
2483.93,622,7,6,1,0.8571,card,bank_decline,1,17.2,5,0,STANDARD,1,none,1
2389.49,982,7,6,1,0.8571,wallet,temporary_failure,1,46.01,15,3,STANDARD,0,none,1
1623.45,1285,10,9,1,0.9,netbanking,bank_timeout,3,58.71,20,6,STANDARD,1,none,1
1810.64,1059,14,12,2,0.8571,card,network_error,1,24.16,2,3,PREMIUM,1,active,1
14324.43,929,5,3,2,0.6,upi,bank_timeout,2,70.56,7,5,STANDARD,2,none,1
4212.15,929,7,5,2,0.7143,upi,invalid_account,1,15.46,15,6,STANDARD,1,none,0
7558.06,1697,5,4,1,0.8,card,network_error,3,2.55,13,6,STANDARD,2,none,0
10331.41,723,7,5,2,0.7143,upi,temporary_failure,1,43.42,21,0,STANDARD,0,none,1
6260.02,1585,11,8,3,0.7273,card,temporary_failure,3,11.76,8,4,PREMIUM,0,active,0
1426.96,396,11,7,4,0.6364,card,temporary_failure,2,3.51,15,0,PREMIUM,3,active,1
3287.62,223,9,5,4,0.5556,upi,bank_decline,2,27.5,21,3,STANDARD,1,none,0
2664.89,1223,12,9,3,0.75,card,temporary_failure,3,31.06,1,5,ENTERPRISE,2,active,1
1851.26,914,7,6,1,0.8571,upi,fraud_suspected,1,50.09,6,3,PREMIUM,1,active,1
10592.59,329,6,4,2,0.6667,netbanking,network_error,2,23.9,12,5,STANDARD,0,none,1
5154.16,775,4,3,1,0.75,upi,network_error,1,73.57,0,2,PREMIUM,2,active,1
672.55,1066,10,7,3,0.7,card,bank_decline,2,58.62,4,2,STANDARD,0,none,0
1860.19,1095,9,5,4,0.5556,card,insufficient_funds,2,34.86,0,2,PREMIUM,0,active,0
3217.2,1359,5,5,0,1.0,netbanking,bank_timeout,3,10.05,2,5,PREMIUM,0,active,1
1442.49,1386,9,7,2,0.7778,upi,temporary_failure,3,11.14,14,6,PREMIUM,0,active,0
11159.8,919,4,4,0,1.0,upi,bank_decline,2,29.35,10,5,PREMIUM,0,active,1
3206.65,1143,8,8,0,1.0,upi,insufficient_funds,1,51.19,6,0,PREMIUM,1,active,1
369.76,1140,9,6,3,0.6667,card,fraud_suspected,3,62.76,23,2,PREMIUM,2,active,0
51277.3,824,7,5,2,0.7143,card,fraud_suspected,1,51.66,18,3,STANDARD,1,none,0
2913.81,1013,6,2,4,0.3333,upi,insufficient_funds,2,60.59,13,4,PREMIUM,0,active,1
8708.78,183,8,5,3,0.625,card,network_error,1,21.86,3,1,STANDARD,2,none,1
3799.25,1162,8,6,2,0.75,upi,invalid_account,3,4.09,21,4,STANDARD,1,none,0
2458.2,1488,15,12,3,0.8,card,temporary_failure,1,25.35,16,0,STANDARD,1,none,0
2915.49,8,9,6,3,0.6667,card,insufficient_funds,3,59.68,11,4,PREMIUM,1,active,0
8619.31,1253,10,6,4,0.6,upi,temporary_failure,1,15.52,20,4,PREMIUM,1,active,1
5122.21,330,12,5,7,0.4167,card,bank_timeout,2,30.75,3,5,PREMIUM,1,active,0
1270.56,1675,8,6,2,0.75,upi,temporary_failure,3,8.55,23,3,STANDARD,0,none,0
9569.8,1656,8,7,1,0.875,netbanking,fraud_suspected,1,26.73,14,6,PREMIUM,2,active,1
3283.32,899,7,6,1,0.8571,upi,temporary_failure,3,56.0,12,1,PREMIUM,1,active,1
3214.3,993,2,2,0,1.0,card,insufficient_funds,3,18.76,12,4,PREMIUM,2,active,1
5049.79,879,11,10,1,0.9091,card,network_error,3,12.29,23,1,STANDARD,2,none,1
30718.63,1282,13,9,4,0.6923,card,invalid_account,3,34.79,23,0,STANDARD,2,none,0
3801.02,148,11,8,3,0.7273,netbanking,invalid_account,2,19.76,5,0,ENTERPRISE,1,active,0
3721.37,687,12,8,4,0.6667,card,invalid_account,2,21.53,20,6,STANDARD,1,none,0
2917.92,1088,10,9,1,0.9,upi,insufficient_funds,1,15.43,5,3,PREMIUM,1,active,1
3856.98,1419,7,5,2,0.7143,card,bank_timeout,1,6.04,21,4,STANDARD,1,none,0
5819.78,1321,9,9,0,1.0,upi,insufficient_funds,3,30.34,9,6,STANDARD,0,none,0
6187.53,87,11,10,1,0.9091,upi,temporary_failure,1,27.42,6,1,PREMIUM,1,active,1
3954.54,323,9,8,1,0.8889,upi,temporary_failure,2,6.42,14,1,STANDARD,2,none,1
6209.72,1213,8,7,1,0.875,card,insufficient_funds,2,53.18,14,0,PREMIUM,0,active,1
3202.08,1200,6,4,2,0.6667,netbanking,bank_timeout,1,47.83,13,5,PREMIUM,2,active,1
2165.89,698,7,2,5,0.2857,card,invalid_account,1,12.92,11,3,PREMIUM,0,active,0
7602.9,163,8,7,1,0.875,upi,bank_decline,1,87.77,15,6,STANDARD,1,none,1
3783.1,1691,8,8,0,1.0,upi,invalid_account,1,59.35,21,1,ENTERPRISE,0,active,1
2724.19,1168,9,6,3,0.6667,upi,temporary_failure,3,27.8,23,4,STANDARD,0,none,0
1476.54,1219,9,7,2,0.7778,card,bank_decline,1,19.56,5,6,STANDARD,0,none,0
4790.2,602,12,10,2,0.8333,netbanking,insufficient_funds,3,61.24,2,4,PREMIUM,0,active,1
3801.4,780,10,8,2,0.8,wallet,temporary_failure,3,9.23,9,3,STANDARD,0,none,0
1073.68,1048,8,7,1,0.875,netbanking,temporary_failure,3,13.33,0,0,STANDARD,2,none,1
803.18,1400,13,10,3,0.7692,wallet,fraud_suspected,1,33.16,3,6,STANDARD,0,none,1
6611.15,121,6,4,2,0.6667,card,network_error,2,33.62,4,3,STANDARD,2,none,0
3103.69,1006,5,3,2,0.6,upi,temporary_failure,1,105.17,0,4,STANDARD,3,none,1
6961.13,212,5,3,2,0.6,upi,insufficient_funds,1,42.83,14,5,STANDARD,1,none,0
5988.75,293,5,3,2,0.6,card,temporary_failure,2,26.11,4,3,STANDARD,0,none,1
1142.97,1031,16,11,5,0.6875,upi,insufficient_funds,1,24.94,10,0,PREMIUM,3,active,0
383.63,1718,12,11,1,0.9167,card,bank_timeout,3,30.12,2,3,STANDARD,1,none,1
4201.13,104,8,4,4,0.5,card,bank_decline,2,6.71,12,3,ENTERPRISE,0,active,0
2174.66,1226,4,4,0,1.0,upi,bank_timeout,2,37.37,17,2,STANDARD,2,none,0
5460.71,185,5,2,3,0.4,netbanking,bank_decline,2,24.52,8,1,PREMIUM,0,active,0
12570.8,1134,8,8,0,1.0,card,insufficient_funds,3,74.52,10,6,STANDARD,0,none,1
2684.01,1196,18,13,5,0.7222,upi,bank_decline,2,17.61,1,4,STANDARD,1,none,0
1251.53,179,12,9,3,0.75,upi,invalid_account,2,96.8,19,2,PREMIUM,1,active,0
2010.32,650,9,7,2,0.7778,wallet,insufficient_funds,1,7.96,8,1,PREMIUM,3,active,1
5155.69,1742,16,13,3,0.8125,netbanking,network_error,2,12.93,16,2,STANDARD,1,none,1
17386.36,827,11,9,2,0.8182,netbanking,insufficient_funds,2,18.65,15,3,STANDARD,1,none,0
1688.22,621,7,6,1,0.8571,netbanking,network_error,1,7.85,10,0,PREMIUM,1,active,1
3050.9,1676,9,8,1,0.8889,card,bank_timeout,3,26.2,4,6,PREMIUM,3,active,1
2105.71,1181,8,7,1,0.875,card,network_error,2,103.55,2,3,PREMIUM,0,active,1
2740.18,1148,11,6,5,0.5455,netbanking,insufficient_funds,3,50.83,16,2,STANDARD,2,none,0
9476.75,1075,12,10,2,0.8333,upi,network_error,3,26.19,6,3,STANDARD,2,none,1
1465.2,792,10,10,0,1.0,upi,temporary_failure,3,19.79,19,2,PREMIUM,0,active,1
6833.07,411,9,7,2,0.7778,upi,insufficient_funds,1,61.89,14,6,STANDARD,1,none,1
3333.59,1356,7,6,1,0.8571,upi,invalid_account,2,101.01,23,2,STANDARD,2,none,0
1963.15,23,12,10,2,0.8333,upi,temporary_failure,2,55.89,1,1,STANDARD,1,none,1
12287.12,1748,15,12,3,0.8,card,fraud_suspected,3,22.05,14,6,ENTERPRISE,2,active,0
2115.44,1679,6,4,2,0.6667,card,bank_decline,3,51.08,13,2,STANDARD,3,none,0
8750.88,1124,13,10,3,0.7692,card,bank_timeout,2,17.54,14,5,STANDARD,2,none,1
2078.07,149,11,9,2,0.8182,netbanking,bank_decline,2,22.18,16,4,STANDARD,2,none,1
8841.32,1499,10,7,3,0.7,upi,fraud_suspected,3,26.54,20,5,STANDARD,2,none,0
3274.09,571,13,9,4,0.6923,netbanking,bank_timeout,1,38.29,11,5,STANDARD,1,none,1
7863.36,1697,7,5,2,0.7143,netbanking,temporary_failure,3,67.81,19,5,STANDARD,2,none,0
1871.25,816,17,13,4,0.7647,upi,temporary_failure,2,52.49,0,2,STANDARD,1,none,0
1117.54,89,10,8,2,0.8,netbanking,invalid_account,3,19.41,23,1,STANDARD,0,none,0
10825.19,592,8,6,2,0.75,netbanking,invalid_account,2,48.15,4,5,STANDARD,1,none,0
2768.3,1109,10,10,0,1.0,upi,insufficient_funds,3,42.89,12,1,STANDARD,1,none,0
1686.48,1434,8,5,3,0.625,upi,invalid_account,3,64.81,6,3,STANDARD,1,none,0
23675.11,795,7,4,3,0.5714,card,fraud_suspected,2,30.7,12,5,STANDARD,0,none,0
1562.51,1490,8,6,2,0.75,upi,insufficient_funds,3,18.95,7,4,STANDARD,0,none,0
863.6,1464,9,8,1,0.8889,card,temporary_failure,3,9.13,0,3,STANDARD,0,none,1
4503.53,1625,3,2,1,0.6667,card,network_error,1,30.22,13,0,STANDARD,1,none,1
4397.4,1609,4,3,1,0.75,upi,temporary_failure,1,61.46,1,3,PREMIUM,0,active,1
8708.68,843,5,4,1,0.8,netbanking,insufficient_funds,2,38.83,6,5,PREMIUM,2,active,1
10188.15,361,9,7,2,0.7778,upi,insufficient_funds,3,18.84,23,1,PREMIUM,1,active,0
3101.13,18,13,11,2,0.8462,upi,fraud_suspected,3,29.2,12,4,PREMIUM,0,active,0
5562.9,1243,7,4,3,0.5714,netbanking,invalid_account,3,34.27,12,1,ENTERPRISE,0,active,0
4567.91,149,12,10,2,0.8333,card,temporary_failure,1,20.69,8,4,PREMIUM,1,active,1
1450.68,1225,15,10,5,0.6667,wallet,bank_decline,2,45.7,17,1,STANDARD,2,none,0
4739.64,742,6,5,1,0.8333,upi,bank_timeout,1,22.54,20,1,STANDARD,1,none,1
12980.09,1284,8,5,3,0.625,card,invalid_account,2,72.7,5,5,STANDARD,1,none,0
8168.75,770,14,12,2,0.8571,upi,temporary_failure,2,39.6,23,2,STANDARD,0,none,1
2517.2,306,12,8,4,0.6667,wallet,insufficient_funds,1,44.26,10,2,STANDARD,2,none,0
5139.55,1609,6,4,2,0.6667,upi,network_error,3,25.11,9,3,STANDARD,1,none,1
7711.92,646,7,5,2,0.7143,upi,insufficient_funds,2,13.75,11,6,STANDARD,0,none,0
1519.88,524,11,8,3,0.7273,upi,bank_decline,1,54.61,0,6,STANDARD,3,none,0
4367.81,1346,9,6,3,0.6667,upi,bank_decline,3,16.82,6,5,STANDARD,2,none,0
1257.29,1619,9,5,4,0.5556,wallet,network_error,3,86.35,9,2,STANDARD,1,none,1
914.86,1491,9,6,3,0.6667,upi,temporary_failure,1,22.57,15,1,STANDARD,3,none,1
2071.5,313,10,9,1,0.9,card,insufficient_funds,1,40.81,11,3,STANDARD,1,none,1
735.9,1522,8,7,1,0.875,netbanking,bank_decline,3,20.86,4,1,ENTERPRISE,1,active,0
3208.83,206,5,5,0,1.0,upi,fraud_suspected,2,24.17,7,0,STANDARD,2,none,0
3516.97,475,11,10,1,0.9091,netbanking,temporary_failure,2,50.8,2,3,PREMIUM,2,active,1
2275.42,86,9,7,2,0.7778,wallet,network_error,2,40.22,13,4,PREMIUM,1,active,1
8161.12,1301,6,6,0,1.0,card,bank_decline,2,24.47,15,2,PREMIUM,0,active,1
5526.59,178,9,7,2,0.7778,upi,insufficient_funds,2,18.24,10,5,STANDARD,2,none,1
4497.54,120,7,7,0,1.0,card,temporary_failure,3,11.3,18,1,STANDARD,0,none,1
4036.32,1047,11,10,1,0.9091,netbanking,temporary_failure,1,16.74,0,3,PREMIUM,0,active,1
1313.9,1252,10,9,1,0.9,upi,bank_timeout,3,10.36,14,3,STANDARD,0,none,1
4399.99,650,5,5,0,1.0,netbanking,fraud_suspected,2,13.4,14,2,STANDARD,1,none,0
1690.02,492,8,5,3,0.625,upi,insufficient_funds,3,38.25,4,3,STANDARD,3,none,1
1122.96,515,11,8,3,0.7273,upi,bank_timeout,2,17.6,2,4,PREMIUM,1,active,1
2610.56,1449,10,9,1,0.9,card,insufficient_funds,1,36.06,14,0,PREMIUM,0,active,1
801.26,1422,5,4,1,0.8,card,network_error,2,69.97,12,3,STANDARD,2,none,1
1012.18,1523,4,3,1,0.75,upi,network_error,2,62.89,18,2,ENTERPRISE,1,active,1
5961.05,444,14,9,5,0.6429,upi,temporary_failure,2,7.02,16,5,STANDARD,0,none,1
3695.78,554,9,8,1,0.8889,card,insufficient_funds,3,61.49,10,3,STANDARD,0,none,0
1422.92,624,11,10,1,0.9091,card,bank_decline,1,9.24,9,5,PREMIUM,0,active,1
6272.16,1491,4,4,0,1.0,card,insufficient_funds,2,22.93,16,1,STANDARD,0,none,1
4263.08,1412,8,6,2,0.75,upi,fraud_suspected,1,76.09,12,2,STANDARD,1,none,0
1079.89,643,11,8,3,0.7273,card,insufficient_funds,2,25.8,0,0,PREMIUM,0,active,0
2232.35,1743,11,5,6,0.4545,card,insufficient_funds,2,31.67,14,2,STANDARD,0,none,1
5674.93,824,11,7,4,0.6364,upi,insufficient_funds,2,5.16,20,2,STANDARD,2,none,0
6600.42,1089,7,5,2,0.7143,card,temporary_failure,2,17.75,20,5,PREMIUM,1,active,1
6258.16,1685,7,6,1,0.8571,upi,fraud_suspected,1,35.78,16,0,PREMIUM,1,active,0
3320.15,793,11,9,2,0.8182,card,invalid_account,3,50.76,8,5,STANDARD,0,none,0
7782.35,1558,9,5,4,0.5556,card,temporary_failure,2,75.03,23,2,STANDARD,2,none,0
3609.0,633,14,10,4,0.7143,wallet,fraud_suspected,1,23.55,14,3,ENTERPRISE,1,active,1
9732.28,1542,7,4,3,0.5714,upi,temporary_failure,1,89.29,1,6,STANDARD,0,none,1
14080.38,1330,9,7,2,0.7778,card,temporary_failure,2,67.08,20,6,PREMIUM,2,active,1
4198.74,1061,9,6,3,0.6667,upi,bank_timeout,3,54.36,0,2,PREMIUM,1,active,1
15176.45,561,12,9,3,0.75,upi,network_error,1,31.37,9,1,STANDARD,0,none,1
3996.55,427,8,4,4,0.5,card,temporary_failure,1,56.61,13,0,STANDARD,0,none,0
1717.9,1766,8,4,4,0.5,upi,network_error,3,15.68,0,4,STANDARD,1,none,0
19623.09,1051,6,3,3,0.5,netbanking,bank_timeout,1,54.08,21,1,STANDARD,3,none,0
5187.17,947,9,8,1,0.8889,card,insufficient_funds,1,3.85,9,1,STANDARD,2,none,1
4168.41,739,10,9,1,0.9,upi,invalid_account,1,16.24,11,6,STANDARD,1,none,0
11222.48,843,6,3,3,0.5,netbanking,insufficient_funds,3,41.12,5,5,STANDARD,1,none,1
12126.0,985,7,6,1,0.8571,netbanking,fraud_suspected,1,72.23,5,2,STANDARD,3,none,0
3335.06,855,11,8,3,0.7273,upi,insufficient_funds,3,12.65,5,0,STANDARD,1,none,1
3118.57,644,8,6,2,0.75,wallet,bank_decline,1,125.21,14,3,PREMIUM,0,active,0
830.13,84,10,9,1,0.9,netbanking,insufficient_funds,1,56.86,22,1,ENTERPRISE,0,active,1
8429.17,1554,5,5,0,1.0,upi,network_error,3,1.74,15,5,STANDARD,2,none,1
6153.71,1093,9,7,2,0.7778,upi,fraud_suspected,1,82.02,17,6,STANDARD,2,none,0
4272.08,300,5,3,2,0.6,upi,insufficient_funds,2,63.35,8,1,STANDARD,0,none,0
1521.97,239,11,10,1,0.9091,upi,fraud_suspected,2,66.94,15,2,STANDARD,0,none,0
19382.85,1583,12,10,2,0.8333,upi,insufficient_funds,3,20.81,13,4,PREMIUM,3,active,0
8814.7,1535,8,6,2,0.75,upi,temporary_failure,2,12.11,3,5,STANDARD,1,none,0
4860.43,1257,10,7,3,0.7,upi,bank_decline,3,6.78,0,6,ENTERPRISE,2,active,1
1656.87,581,8,7,1,0.875,card,fraud_suspected,3,44.51,3,2,PREMIUM,0,active,1
10350.11,701,9,6,3,0.6667,card,insufficient_funds,1,19.05,3,3,STANDARD,0,none,0
3675.16,743,9,6,3,0.6667,upi,insufficient_funds,1,39.25,3,4,STANDARD,1,none,0
1292.88,1604,10,6,4,0.6,upi,temporary_failure,2,41.9,7,5,STANDARD,1,none,1
3790.83,907,13,11,2,0.8462,card,bank_decline,3,65.76,19,4,PREMIUM,1,active,1
2608.11,259,15,10,5,0.6667,wallet,temporary_failure,3,34.88,2,3,STANDARD,0,none,0
3177.29,1190,14,9,5,0.6429,card,bank_decline,1,64.18,7,1,STANDARD,0,none,0
6622.83,483,12,8,4,0.6667,card,network_error,3,28.02,9,5,PREMIUM,2,active,0
29203.76,1166,5,5,0,1.0,upi,network_error,1,93.11,11,3,STANDARD,2,none,1
2242.55,628,17,11,6,0.6471,upi,bank_decline,2,25.29,3,0,STANDARD,2,none,0
3058.55,632,1,1,0,1.0,upi,network_error,1,51.25,17,0,STANDARD,0,none,1
7343.1,1646,8,6,2,0.75,card,bank_timeout,3,23.84,19,4,PREMIUM,1,active,1
7448.61,668,8,7,1,0.875,upi,bank_timeout,3,27.62,21,2,STANDARD,1,none,1
7585.0,1697,11,8,3,0.7273,upi,insufficient_funds,1,43.85,14,6,STANDARD,1,none,1
13275.65,1282,5,4,1,0.8,netbanking,invalid_account,1,42.74,13,5,PREMIUM,1,active,1
1349.14,32,9,8,1,0.8889,upi,bank_decline,1,11.08,16,0,PREMIUM,2,active,1
5033.83,106,8,5,3,0.625,netbanking,insufficient_funds,2,16.65,10,4,PREMIUM,1,active,1
2347.66,1315,12,10,2,0.8333,upi,bank_decline,1,36.98,6,4,STANDARD,2,none,0
1626.91,462,10,8,2,0.8,card,temporary_failure,1,31.82,23,6,STANDARD,1,none,1
7149.24,1401,9,7,2,0.7778,upi,fraud_suspected,1,7.89,22,6,PREMIUM,1,active,0
2276.02,1557,11,10,1,0.9091,card,network_error,1,49.13,14,4,STANDARD,3,none,1
2617.1,354,8,7,1,0.875,card,temporary_failure,3,66.04,12,5,STANDARD,1,none,1
4736.73,1421,12,11,1,0.9167,netbanking,invalid_account,3,15.37,8,1,STANDARD,0,none,0
1596.98,1340,5,5,0,1.0,wallet,network_error,3,14.62,5,5,STANDARD,1,none,1
19315.99,1490,10,7,3,0.7,upi,temporary_failure,2,24.16,12,3,STANDARD,0,none,1
6360.72,516,8,4,4,0.5,upi,fraud_suspected,3,53.7,15,6,STANDARD,0,none,1
2998.65,466,15,13,2,0.8667,card,temporary_failure,3,40.59,5,0,STANDARD,3,none,0
3351.19,1035,8,5,3,0.625,card,insufficient_funds,2,58.86,19,1,STANDARD,2,none,0
8536.88,1488,11,8,3,0.7273,upi,bank_timeout,1,31.25,17,5,PREMIUM,0,active,1
1711.77,521,7,6,1,0.8571,upi,bank_decline,1,26.72,21,3,STANDARD,1,none,1
1235.25,804,10,9,1,0.9,netbanking,temporary_failure,3,74.39,3,3,STANDARD,2,none,0
4888.91,1152,9,9,0,1.0,card,network_error,1,54.85,23,0,PREMIUM,2,active,1
7346.49,1124,11,11,0,1.0,upi,network_error,1,49.49,0,1,STANDARD,0,none,1
4156.44,1159,13,11,2,0.8462,netbanking,temporary_failure,2,24.31,20,4,STANDARD,0,none,1
1624.89,1360,15,11,4,0.7333,upi,insufficient_funds,3,1.4,2,2,STANDARD,0,none,1
26814.47,61,9,9,0,1.0,upi,network_error,2,11.75,3,4,PREMIUM,1,active,1
1781.04,182,8,5,3,0.625,upi,bank_timeout,2,17.56,17,1,STANDARD,0,none,1
2833.76,1637,14,13,1,0.9286,netbanking,insufficient_funds,2,17.66,22,5,STANDARD,0,none,0
4685.48,1687,4,4,0,1.0,card,temporary_failure,1,44.31,10,4,STANDARD,1,none,1
2674.46,412,8,3,5,0.375,upi,bank_decline,2,122.39,17,6,PREMIUM,2,active,0
7651.59,854,10,7,3,0.7,upi,bank_timeout,2,23.62,12,5,STANDARD,0,none,1
9950.95,100,7,6,1,0.8571,upi,network_error,2,4.35,12,3,PREMIUM,0,active,0
2872.67,1311,8,5,3,0.625,upi,bank_decline,1,37.62,17,1,STANDARD,1,none,0
482.71,501,11,10,1,0.9091,upi,network_error,1,35.06,15,5,STANDARD,0,none,1
4001.35,1746,12,8,4,0.6667,card,insufficient_funds,3,3.09,16,5,STANDARD,2,none,0
9715.85,416,7,4,3,0.5714,netbanking,temporary_failure,2,26.04,2,0,ENTERPRISE,0,active,1
5955.15,1499,8,4,4,0.5,netbanking,insufficient_funds,2,36.11,21,0,STANDARD,0,none,0
6356.65,602,12,11,1,0.9167,card,bank_timeout,3,19.97,4,3,STANDARD,0,none,1
2316.88,384,7,7,0,1.0,upi,invalid_account,3,70.29,14,0,STANDARD,2,none,0
9873.58,1688,12,9,3,0.75,upi,bank_timeout,1,79.78,19,3,PREMIUM,0,active,1
4084.46,868,6,5,1,0.8333,upi,insufficient_funds,1,8.15,14,5,STANDARD,3,none,1
5645.12,485,11,9,2,0.8182,card,fraud_suspected,3,23.4,6,1,STANDARD,1,none,1
8904.8,1234,9,8,1,0.8889,upi,temporary_failure,3,28.95,9,2,PREMIUM,0,active,1
5496.83,558,12,9,3,0.75,upi,temporary_failure,2,38.7,15,1,STANDARD,2,none,1
6511.11,1718,9,7,2,0.7778,upi,insufficient_funds,2,63.4,15,4,STANDARD,2,none,0
2647.53,1705,5,5,0,1.0,card,network_error,1,25.87,6,6,PREMIUM,2,active,0
2469.52,1551,10,9,1,0.9,upi,temporary_failure,1,23.68,21,2,STANDARD,0,none,1
3272.9,795,8,7,1,0.875,netbanking,fraud_suspected,3,21.81,19,5,STANDARD,0,none,0
8155.54,1385,5,3,2,0.6,netbanking,network_error,3,45.88,17,0,STANDARD,3,none,0
692.15,1681,10,7,3,0.7,upi,fraud_suspected,3,12.6,3,6,STANDARD,0,none,0
2524.33,1423,6,5,1,0.8333,card,temporary_failure,3,8.73,3,3,STANDARD,2,none,1
1305.34,348,9,7,2,0.7778,upi,invalid_account,3,86.94,21,5,STANDARD,2,none,0
5288.07,899,7,2,5,0.2857,card,temporary_failure,3,12.52,3,0,STANDARD,1,none,0
1280.87,645,3,2,1,0.6667,upi,insufficient_funds,1,154.36,23,2,PREMIUM,1,active,0
1540.83,1012,13,6,7,0.4615,upi,bank_decline,2,41.19,4,6,PREMIUM,0,active,0
2003.78,322,8,7,1,0.875,netbanking,insufficient_funds,1,25.85,1,0,STANDARD,0,none,0
4085.28,483,10,10,0,1.0,card,bank_decline,3,46.76,23,0,PREMIUM,0,active,1
6182.55,546,4,4,0,1.0,upi,invalid_account,2,36.12,13,0,PREMIUM,0,active,0
2345.41,1756,7,5,2,0.7143,upi,network_error,3,12.55,21,4,STANDARD,2,none,1
3368.94,41,7,3,4,0.4286,wallet,insufficient_funds,1,20.67,3,6,STANDARD,1,none,0
11605.61,1408,11,7,4,0.6364,upi,bank_decline,3,68.71,0,5,STANDARD,0,none,1
2660.08,86,10,9,1,0.9,upi,bank_decline,1,26.09,18,0,STANDARD,0,none,0
5947.61,130,13,10,3,0.7692,card,temporary_failure,1,47.02,16,3,STANDARD,0,none,1
18426.86,199,12,11,1,0.9167,upi,temporary_failure,3,60.43,7,1,STANDARD,1,none,1
4845.16,1173,12,8,4,0.6667,card,fraud_suspected,2,3.81,11,6,STANDARD,2,none,0
6541.72,780,8,7,1,0.875,card,temporary_failure,3,33.76,22,3,STANDARD,2,none,1
11185.17,1238,8,7,1,0.875,card,network_error,2,16.43,7,6,STANDARD,2,none,1
40487.94,125,10,10,0,1.0,netbanking,network_error,3,42.35,9,2,STANDARD,0,none,1
11889.99,268,7,3,4,0.4286,card,bank_timeout,3,10.16,12,2,PREMIUM,1,active,1
26018.96,1637,5,4,1,0.8,card,bank_decline,1,52.25,21,2,STANDARD,1,none,0
1598.57,1523,13,10,3,0.7692,card,invalid_account,1,8.53,18,0,STANDARD,0,none,0
10712.32,1020,8,8,0,1.0,netbanking,insufficient_funds,2,45.99,4,6,STANDARD,1,none,0
6000.97,304,10,10,0,1.0,card,insufficient_funds,1,45.17,4,1,STANDARD,1,none,1
11272.43,211,8,5,3,0.625,upi,bank_timeout,1,38.45,0,3,STANDARD,1,none,1
10609.83,1073,6,5,1,0.8333,wallet,insufficient_funds,1,42.91,4,4,STANDARD,0,none,1
5090.66,347,6,6,0,1.0,card,temporary_failure,1,96.72,17,1,PREMIUM,0,active,1
2782.3,1330,8,6,2,0.75,card,insufficient_funds,2,19.38,8,0,STANDARD,0,none,1
1677.98,1535,11,8,3,0.7273,card,invalid_account,1,26.45,12,2,STANDARD,2,none,1
4534.61,470,7,6,1,0.8571,card,bank_decline,3,7.8,19,0,PREMIUM,2,active,1
1457.99,58,9,8,1,0.8889,upi,bank_timeout,3,10.96,12,0,PREMIUM,0,active,1
4480.34,1284,7,4,3,0.5714,upi,bank_decline,1,33.89,8,1,STANDARD,1,none,1
10131.57,483,5,5,0,1.0,wallet,network_error,1,72.03,23,1,STANDARD,0,none,1
2794.34,581,8,5,3,0.625,card,bank_decline,1,71.38,16,2,STANDARD,0,none,1
1416.07,226,8,6,2,0.75,upi,network_error,3,18.0,18,1,STANDARD,1,none,0
10476.52,87,11,8,3,0.7273,upi,bank_decline,3,106.67,15,4,PREMIUM,1,active,0
1510.57,79,10,10,0,1.0,upi,network_error,2,11.84,19,4,PREMIUM,0,active,1
2744.18,1133,7,5,2,0.7143,upi,network_error,1,54.21,13,4,PREMIUM,2,active,1
2558.99,1222,5,3,2,0.6,upi,network_error,2,16.85,15,4,STANDARD,2,none,1
4195.65,1721,11,7,4,0.6364,netbanking,invalid_account,1,19.74,0,1,ENTERPRISE,0,active,1
4035.68,428,8,7,1,0.875,card,bank_decline,3,26.87,18,2,STANDARD,0,none,0
5166.33,1782,9,6,3,0.6667,netbanking,bank_decline,2,30.51,10,6,PREMIUM,1,active,0
3435.49,590,10,9,1,0.9,card,network_error,2,58.11,8,3,PREMIUM,2,active,1
2009.36,890,12,5,7,0.4167,card,insufficient_funds,2,58.2,18,3,STANDARD,0,none,0
5919.35,594,5,5,0,1.0,upi,bank_decline,2,49.93,4,3,STANDARD,0,none,0
912.92,332,14,10,4,0.7143,upi,insufficient_funds,1,48.41,23,5,STANDARD,0,none,0
17606.1,1320,9,9,0,1.0,card,network_error,3,55.47,16,1,STANDARD,1,none,1
4968.79,206,9,7,2,0.7778,upi,network_error,1,81.49,11,4,STANDARD,3,none,1
6753.26,828,2,2,0,1.0,netbanking,bank_decline,2,17.21,14,3,STANDARD,0,none,1
38559.09,1675,6,5,1,0.8333,card,insufficient_funds,1,45.18,21,3,ENTERPRISE,0,active,0
4184.17,1707,10,8,2,0.8,upi,temporary_failure,2,47.99,22,6,STANDARD,1,none,1
2832.78,1182,6,5,1,0.8333,card,temporary_failure,1,35.75,11,1,STANDARD,3,none,1
4678.95,1164,6,5,1,0.8333,upi,network_error,1,27.91,6,1,STANDARD,2,none,1
8833.77,1199,15,9,6,0.6,card,bank_timeout,1,50.62,10,3,PREMIUM,1,active,1
3695.51,1128,10,8,2,0.8,upi,temporary_failure,3,45.76,12,6,STANDARD,0,none,1
2068.86,751,7,4,3,0.5714,card,bank_timeout,3,5.75,3,1,ENTERPRISE,1,active,1
3017.41,654,9,8,1,0.8889,upi,bank_decline,2,29.69,4,1,STANDARD,0,none,1
3776.11,375,12,9,3,0.75,netbanking,invalid_account,1,58.89,20,6,PREMIUM,1,active,1
3579.19,1615,8,7,1,0.875,upi,network_error,2,53.61,18,1,STANDARD,1,none,1
2129.5,1171,16,15,1,0.9375,card,bank_decline,2,5.54,1,1,PREMIUM,1,active,0
3652.87,452,13,8,5,0.6154,upi,bank_decline,1,82.33,12,0,STANDARD,0,none,0
1952.34,141,10,6,4,0.6,wallet,bank_decline,2,30.91,21,5,ENTERPRISE,0,active,1
9845.65,1016,9,7,2,0.7778,card,bank_decline,1,52.97,18,3,STANDARD,1,none,1
6705.55,1062,10,8,2,0.8,upi,bank_decline,1,30.18,8,6,PREMIUM,1,active,1
39812.26,1790,9,7,2,0.7778,card,insufficient_funds,3,55.91,22,3,STANDARD,1,none,0
2669.18,1542,7,6,1,0.8571,upi,bank_decline,3,11.07,14,2,PREMIUM,2,active,1
1799.17,457,11,10,1,0.9091,upi,temporary_failure,2,60.09,1,2,STANDARD,3,none,1
4201.1,422,9,6,3,0.6667,upi,temporary_failure,2,37.1,20,4,STANDARD,0,none,0
5920.48,754,8,4,4,0.5,card,temporary_failure,2,35.12,2,3,STANDARD,2,none,0
1715.98,1664,10,9,1,0.9,upi,network_error,3,50.84,1,4,PREMIUM,1,active,0
6936.08,430,8,5,3,0.625,netbanking,network_error,2,27.53,22,3,STANDARD,3,none,1
1755.95,1713,7,5,2,0.7143,upi,invalid_account,3,46.92,3,5,STANDARD,0,none,0
5024.03,1413,11,6,5,0.5455,upi,network_error,2,35.35,9,0,PREMIUM,0,active,0
3444.07,1086,7,5,2,0.7143,card,temporary_failure,3,22.65,4,3,STANDARD,3,none,1
18527.49,927,6,6,0,1.0,card,bank_timeout,1,60.9,10,4,STANDARD,1,none,1
2917.1,77,6,4,2,0.6667,upi,bank_timeout,3,30.65,13,2,STANDARD,1,none,0
4888.22,1369,8,7,1,0.875,netbanking,bank_decline,3,35.08,17,3,STANDARD,1,none,0
1050.44,1596,14,11,3,0.7857,upi,insufficient_funds,3,26.45,5,6,STANDARD,0,none,1
2447.16,841,11,11,0,1.0,upi,temporary_failure,2,23.81,16,3,STANDARD,1,none,1
3851.11,690,10,9,1,0.9,upi,network_error,2,4.44,14,6,STANDARD,0,none,1
7404.21,971,1,1,0,1.0,upi,invalid_account,2,105.04,9,5,STANDARD,2,none,0
3248.04,763,8,4,4,0.5,card,fraud_suspected,2,18.1,19,6,STANDARD,0,none,0
8352.63,481,8,6,2,0.75,wallet,insufficient_funds,3,21.58,13,6,STANDARD,4,none,0
1580.49,500,10,7,3,0.7,netbanking,insufficient_funds,1,76.69,5,6,ENTERPRISE,1,active,0
4493.74,673,4,3,1,0.75,card,temporary_failure,2,27.52,5,0,ENTERPRISE,1,active,0
3171.93,523,7,7,0,1.0,upi,network_error,3,19.81,4,3,PREMIUM,1,active,1
4566.95,1587,6,3,3,0.5,netbanking,bank_timeout,3,81.24,23,1,STANDARD,2,none,0
3713.86,932,11,8,3,0.7273,card,bank_timeout,2,45.96,0,5,ENTERPRISE,4,active,1
8349.6,930,6,5,1,0.8333,card,bank_timeout,2,18.93,14,5,PREMIUM,1,active,1
1801.7,1014,10,9,1,0.9,wallet,temporary_failure,2,38.82,16,3,ENTERPRISE,1,active,1
1518.27,376,8,5,3,0.625,upi,bank_decline,1,50.66,10,0,STANDARD,1,none,1
2262.92,783,9,8,1,0.8889,card,insufficient_funds,3,8.99,12,4,PREMIUM,3,active,1
2612.61,88,12,8,4,0.6667,card,insufficient_funds,3,13.13,20,2,PREMIUM,0,active,0
2651.94,1721,8,5,3,0.625,netbanking,temporary_failure,1,59.38,3,0,PREMIUM,2,active,1
16473.89,898,8,6,2,0.75,upi,temporary_failure,3,98.73,16,2,PREMIUM,1,active,1
2754.4,1359,6,4,2,0.6667,card,bank_timeout,1,42.74,1,4,STANDARD,2,none,1
23525.1,1259,13,9,4,0.6923,upi,insufficient_funds,1,26.31,15,1,STANDARD,0,none,0
3077.25,1461,7,6,1,0.8571,upi,insufficient_funds,1,65.22,12,4,STANDARD,4,none,0
6791.13,762,9,7,2,0.7778,upi,temporary_failure,2,30.21,11,0,PREMIUM,1,active,0
4328.61,753,4,3,1,0.75,wallet,temporary_failure,1,14.55,21,3,STANDARD,0,none,1
2054.3,96,11,9,2,0.8182,upi,insufficient_funds,1,14.83,18,5,STANDARD,0,none,0
2567.36,98,11,8,3,0.7273,upi,invalid_account,1,22.18,13,2,STANDARD,0,none,1
8134.25,971,9,6,3,0.6667,card,network_error,2,59.49,3,1,STANDARD,0,none,1
787.19,1768,6,5,1,0.8333,netbanking,insufficient_funds,1,62.46,16,4,STANDARD,2,none,1
3429.9,1429,7,6,1,0.8571,upi,temporary_failure,1,42.77,13,2,PREMIUM,0,active,1
1189.94,1788,12,9,3,0.75,card,network_error,2,17.37,21,5,STANDARD,0,none,1
8129.55,584,8,7,1,0.875,card,temporary_failure,3,40.58,16,6,STANDARD,1,none,1
966.13,1300,13,11,2,0.8462,card,network_error,2,22.99,2,1,STANDARD,2,none,1
1010.96,1626,11,9,2,0.8182,upi,insufficient_funds,2,62.71,0,2,PREMIUM,0,active,0
3390.51,1754,8,8,0,1.0,upi,temporary_failure,2,31.29,13,0,PREMIUM,0,active,0
2632.35,962,8,6,2,0.75,card,bank_decline,3,24.43,8,4,PREMIUM,1,active,0
5540.57,1546,4,4,0,1.0,wallet,network_error,1,48.19,6,5,STANDARD,2,none,1
2826.9,614,8,6,2,0.75,upi,bank_decline,2,22.41,1,1,STANDARD,3,none,1
729.59,1771,12,8,4,0.6667,card,bank_timeout,2,8.14,14,0,STANDARD,1,none,1
276.27,801,7,6,1,0.8571,card,insufficient_funds,2,7.99,9,4,STANDARD,0,none,1
2892.31,822,7,6,1,0.8571,upi,insufficient_funds,3,61.75,14,2,PREMIUM,1,active,1
26724.69,1310,9,8,1,0.8889,wallet,bank_timeout,1,21.26,21,4,PREMIUM,2,active,1
1039.05,798,8,5,3,0.625,upi,temporary_failure,3,4.75,15,6,PREMIUM,0,active,1
23726.6,173,15,13,2,0.8667,upi,network_error,3,18.92,0,0,STANDARD,0,none,1
2805.17,1536,4,4,0,1.0,wallet,insufficient_funds,1,6.71,7,0,PREMIUM,1,active,1
2254.57,844,5,4,1,0.8,card,insufficient_funds,3,29.57,22,4,STANDARD,1,none,0
4749.15,1100,16,15,1,0.9375,card,invalid_account,1,46.9,6,3,STANDARD,0,none,0
5228.51,1198,8,4,4,0.5,card,bank_decline,2,35.71,21,1,PREMIUM,2,active,0
2752.23,1169,9,8,1,0.8889,wallet,temporary_failure,2,8.8,9,4,STANDARD,1,none,1
1964.44,1013,9,6,3,0.6667,card,insufficient_funds,1,97.06,10,3,ENTERPRISE,1,active,1
3606.16,1590,9,7,2,0.7778,card,temporary_failure,1,78.59,1,2,STANDARD,1,none,0
2375.22,898,11,5,6,0.4545,card,fraud_suspected,3,44.36,3,2,STANDARD,1,none,0
4197.79,626,11,10,1,0.9091,upi,insufficient_funds,1,18.87,0,2,STANDARD,1,none,1
2058.29,266,9,9,0,1.0,upi,insufficient_funds,1,98.41,14,2,STANDARD,2,none,1
9937.99,1071,10,9,1,0.9,netbanking,network_error,2,10.61,9,6,PREMIUM,1,active,1
1623.7,1762,9,6,3,0.6667,upi,network_error,2,9.41,8,3,STANDARD,0,none,1
1033.98,889,9,7,2,0.7778,upi,bank_decline,1,23.1,20,1,STANDARD,3,none,0
6501.8,261,11,10,1,0.9091,upi,bank_timeout,2,14.7,23,0,PREMIUM,1,active,1
10365.76,272,8,7,1,0.875,upi,temporary_failure,3,37.15,1,1,PREMIUM,0,active,1
3435.41,415,12,10,2,0.8333,wallet,insufficient_funds,1,9.51,11,6,STANDARD,0,none,0
2188.42,145,8,6,2,0.75,upi,temporary_failure,2,35.66,4,5,STANDARD,2,none,1
1916.58,404,12,11,1,0.9167,card,insufficient_funds,3,41.2,19,5,STANDARD,1,none,0
1944.96,151,7,7,0,1.0,upi,bank_timeout,3,27.2,11,2,STANDARD,1,none,1
6564.16,1233,4,3,1,0.75,upi,temporary_failure,1,52.84,10,6,PREMIUM,1,active,1
11556.19,222,7,6,1,0.8571,card,network_error,2,20.03,6,6,STANDARD,5,none,1
4169.42,1037,13,13,0,1.0,netbanking,invalid_account,3,27.21,22,5,STANDARD,0,none,0
1923.45,592,7,6,1,0.8571,card,insufficient_funds,2,40.76,11,4,PREMIUM,1,active,0
1882.9,1356,5,2,3,0.4,netbanking,insufficient_funds,1,15.36,23,6,PREMIUM,2,active,0
2243.05,1306,10,8,2,0.8,wallet,bank_decline,2,40.17,18,3,PREMIUM,1,active,1
3758.03,679,6,5,1,0.8333,netbanking,insufficient_funds,1,47.1,11,6,PREMIUM,1,active,0
2582.18,426,9,7,2,0.7778,upi,insufficient_funds,1,17.29,5,3,STANDARD,0,none,1
2521.82,148,9,5,4,0.5556,upi,invalid_account,1,36.83,3,4,STANDARD,0,none,0
1571.41,1747,15,12,3,0.8,card,temporary_failure,3,105.95,10,3,PREMIUM,1,active,1
1240.53,636,11,10,1,0.9091,card,bank_decline,2,27.26,10,5,PREMIUM,0,active,1
7372.93,1459,9,9,0,1.0,upi,invalid_account,2,37.1,16,6,STANDARD,3,none,0
3081.98,63,9,8,1,0.8889,card,temporary_failure,3,16.55,18,2,STANDARD,0,none,1
3716.34,444,15,14,1,0.9333,upi,invalid_account,1,52.85,1,2,PREMIUM,1,active,0
12908.69,392,6,5,1,0.8333,card,temporary_failure,3,33.66,19,4,STANDARD,1,none,1
530.37,160,15,10,5,0.6667,upi,temporary_failure,3,45.88,1,4,STANDARD,0,none,1
2186.53,1422,10,9,1,0.9,netbanking,invalid_account,3,34.6,23,1,PREMIUM,0,active,1
1913.79,1328,5,3,2,0.6,upi,temporary_failure,3,42.13,4,1,STANDARD,0,none,0
4891.38,938,5,5,0,1.0,card,temporary_failure,1,42.85,18,0,STANDARD,1,none,1
861.72,52,12,9,3,0.75,upi,bank_decline,2,25.73,20,5,STANDARD,1,none,1
15807.51,437,6,5,1,0.8333,card,fraud_suspected,1,8.92,17,5,STANDARD,0,none,0
977.27,1248,8,7,1,0.875,netbanking,fraud_suspected,2,17.82,5,5,ENTERPRISE,4,active,0
4743.63,300,11,9,2,0.8182,wallet,temporary_failure,1,8.71,8,3,STANDARD,1,none,0
1786.02,984,11,9,2,0.8182,upi,bank_decline,1,22.56,13,5,PREMIUM,2,active,0
11908.62,783,8,8,0,1.0,card,temporary_failure,3,39.54,14,1,STANDARD,3,none,1
5812.7,1335,6,5,1,0.8333,netbanking,bank_decline,1,43.73,23,3,STANDARD,1,none,0
1735.94,1043,11,7,4,0.6364,upi,invalid_account,1,23.7,6,3,STANDARD,2,none,0
3635.99,1537,9,6,3,0.6667,card,network_error,2,52.58,11,1,PREMIUM,0,active,0
11582.4,1597,15,12,3,0.8,upi,bank_timeout,3,25.73,22,1,STANDARD,0,none,1
3613.07,1588,9,8,1,0.8889,card,temporary_failure,3,72.92,4,0,STANDARD,0,none,1
825.39,999,9,6,3,0.6667,upi,temporary_failure,1,10.0,4,1,STANDARD,1,none,1
6440.73,289,10,8,2,0.8,netbanking,invalid_account,3,9.64,1,2,STANDARD,1,none,1
10767.8,1362,9,5,4,0.5556,wallet,temporary_failure,2,29.87,14,5,STANDARD,0,none,0
1450.16,1092,3,3,0,1.0,netbanking,insufficient_funds,3,37.07,16,3,STANDARD,1,none,1
3294.43,168,9,3,6,0.3333,netbanking,temporary_failure,2,44.06,12,2,STANDARD,0,none,0
1677.58,1589,11,6,5,0.5455,wallet,bank_timeout,2,64.64,7,5,PREMIUM,1,active,0
1497.64,667,11,10,1,0.9091,upi,bank_decline,2,14.32,18,1,PREMIUM,2,active,1
2686.13,188,10,8,2,0.8,card,temporary_failure,2,113.75,10,3,STANDARD,3,none,1
565.12,240,10,10,0,1.0,upi,network_error,2,16.19,8,2,STANDARD,2,none,1
2481.82,1128,13,10,3,0.7692,card,temporary_failure,2,62.7,14,6,STANDARD,2,none,1
2375.78,128,10,7,3,0.7,netbanking,insufficient_funds,1,13.79,7,2,STANDARD,1,none,1
990.73,1435,11,11,0,1.0,card,fraud_suspected,2,6.04,1,3,PREMIUM,0,active,1
5267.08,1775,13,11,2,0.8462,card,network_error,1,73.71,4,1,STANDARD,1,none,1
12102.92,161,10,6,4,0.6,netbanking,temporary_failure,3,23.05,13,3,PREMIUM,3,active,0
21521.42,822,11,6,5,0.5455,card,temporary_failure,1,41.64,10,2,STANDARD,0,none,0
4591.84,1491,4,4,0,1.0,upi,temporary_failure,2,10.7,21,0,STANDARD,1,none,1
1219.18,251,10,6,4,0.6,netbanking,temporary_failure,1,83.7,23,4,PREMIUM,0,active,0
6298.71,922,8,6,2,0.75,upi,bank_timeout,3,7.19,6,1,STANDARD,2,none,0
7705.52,808,5,3,2,0.6,card,temporary_failure,3,40.95,8,4,PREMIUM,1,active,1
2467.83,1148,7,4,3,0.5714,netbanking,temporary_failure,1,78.22,17,1,PREMIUM,2,active,1
8474.27,146,7,6,1,0.8571,upi,insufficient_funds,1,13.98,19,2,STANDARD,2,none,1
1650.62,807,15,8,7,0.5333,netbanking,network_error,1,36.33,14,4,STANDARD,0,none,1
2317.62,586,12,9,3,0.75,card,bank_decline,3,16.57,2,2,STANDARD,0,none,0
1342.36,1393,11,8,3,0.7273,upi,insufficient_funds,3,22.62,13,4,STANDARD,1,none,0
2954.6,823,8,5,3,0.625,upi,bank_timeout,1,32.41,20,4,PREMIUM,0,active,0
5261.84,302,11,10,1,0.9091,upi,invalid_account,2,38.57,3,4,STANDARD,2,none,1
2814.39,78,7,4,3,0.5714,card,network_error,3,35.91,12,4,PREMIUM,2,active,0
8270.87,720,5,4,1,0.8,upi,insufficient_funds,2,57.89,5,0,STANDARD,2,none,0
2611.25,953,11,9,2,0.8182,card,insufficient_funds,1,62.63,15,0,STANDARD,2,none,0
29835.43,1406,5,3,2,0.6,upi,temporary_failure,3,61.09,4,5,PREMIUM,0,active,0
10747.23,945,11,11,0,1.0,upi,network_error,3,62.0,5,1,PREMIUM,2,active,1
5164.3,623,6,5,1,0.8333,upi,insufficient_funds,3,39.47,19,0,PREMIUM,1,active,1
6509.42,908,9,8,1,0.8889,upi,fraud_suspected,1,21.97,22,5,STANDARD,0,none,1
40481.23,1581,8,3,5,0.375,card,insufficient_funds,3,71.7,22,2,ENTERPRISE,0,active,1
4158.86,533,6,5,1,0.8333,card,temporary_failure,2,13.09,6,0,STANDARD,0,none,0
5650.58,763,13,12,1,0.9231,upi,bank_timeout,1,24.92,15,0,STANDARD,1,none,1
3218.19,1122,3,3,0,1.0,upi,temporary_failure,1,33.9,13,5,STANDARD,1,none,1
1842.67,841,10,9,1,0.9,upi,bank_timeout,1,43.98,5,0,STANDARD,1,none,1
2279.47,1444,8,5,3,0.625,upi,invalid_account,2,81.85,9,4,STANDARD,2,none,0
3192.56,1201,11,7,4,0.6364,card,invalid_account,3,19.07,23,5,STANDARD,1,none,0
3664.35,24,12,10,2,0.8333,upi,network_error,3,31.65,5,6,STANDARD,2,none,0
4707.91,67,9,9,0,1.0,upi,invalid_account,1,11.8,20,0,STANDARD,1,none,1
8816.45,744,4,2,2,0.5,card,temporary_failure,2,59.7,2,2,STANDARD,2,none,1
9173.96,743,5,5,0,1.0,card,invalid_account,2,32.42,20,0,PREMIUM,0,active,1
25767.07,546,10,9,1,0.9,wallet,bank_decline,1,9.31,4,2,PREMIUM,1,active,1
977.65,1356,7,5,2,0.7143,card,invalid_account,3,46.17,17,2,STANDARD,0,none,0
4709.98,421,11,8,3,0.7273,upi,bank_timeout,2,65.61,20,6,STANDARD,3,none,1
9954.37,1155,9,9,0,1.0,upi,insufficient_funds,3,16.52,0,6,PREMIUM,1,active,1
2429.2,1381,11,8,3,0.7273,upi,bank_decline,2,42.7,21,2,PREMIUM,5,active,1
2514.57,261,9,6,3,0.6667,upi,insufficient_funds,2,45.31,17,0,ENTERPRISE,2,active,1
13990.24,1017,10,9,1,0.9,netbanking,network_error,1,26.05,12,2,PREMIUM,1,active,1
15743.93,1314,16,12,4,0.75,card,insufficient_funds,1,20.28,14,0,STANDARD,0,none,1
3663.53,91,9,6,3,0.6667,card,temporary_failure,1,94.98,1,0,STANDARD,3,none,0
3407.79,203,5,3,2,0.6,card,temporary_failure,1,56.16,1,1,PREMIUM,2,active,1
5988.78,1249,10,8,2,0.8,upi,temporary_failure,3,113.95,11,4,STANDARD,0,none,1
1442.9,965,12,9,3,0.75,upi,temporary_failure,1,36.14,9,2,PREMIUM,0,active,1
5036.0,470,10,8,2,0.8,wallet,network_error,1,4.28,23,4,PREMIUM,0,active,1
806.86,1466,10,8,2,0.8,upi,bank_decline,3,40.85,17,0,STANDARD,2,none,0
1394.32,467,14,13,1,0.9286,upi,bank_decline,2,40.53,13,0,STANDARD,0,none,1
1702.64,132,11,9,2,0.8182,netbanking,insufficient_funds,1,32.42,11,2,PREMIUM,1,active,1
6119.83,243,11,9,2,0.8182,wallet,invalid_account,3,48.05,0,1,ENTERPRISE,0,active,1
3614.44,301,5,3,2,0.6,upi,network_error,3,22.87,3,4,STANDARD,0,none,0
4112.77,535,11,8,3,0.7273,netbanking,network_error,2,38.51,3,4,STANDARD,1,none,0
4577.44,214,12,5,7,0.4167,upi,bank_decline,1,47.33,22,2,STANDARD,3,none,0
8146.44,622,8,5,3,0.625,upi,bank_decline,1,50.04,4,1,STANDARD,0,none,1
4800.59,926,4,4,0,1.0,upi,network_error,1,141.37,9,0,STANDARD,0,none,0
8669.89,1618,11,8,3,0.7273,upi,invalid_account,1,47.24,12,2,STANDARD,0,none,0
6530.34,52,9,7,2,0.7778,netbanking,bank_decline,3,33.18,23,4,STANDARD,3,none,1
1182.8,342,3,3,0,1.0,netbanking,network_error,3,57.2,9,1,STANDARD,0,none,1
7174.69,1797,11,9,2,0.8182,card,bank_timeout,1,26.51,11,1,STANDARD,0,none,1
839.4,1551,9,7,2,0.7778,upi,network_error,1,65.31,13,0,PREMIUM,2,active,1
4088.56,834,8,8,0,1.0,upi,network_error,1,26.13,8,1,STANDARD,0,none,1
1418.15,582,8,8,0,1.0,upi,invalid_account,2,49.96,20,3,STANDARD,2,none,1
4145.49,860,14,6,8,0.4286,upi,insufficient_funds,1,58.77,9,4,STANDARD,0,none,0
1817.85,542,11,11,0,1.0,upi,temporary_failure,2,53.99,18,2,PREMIUM,1,active,1
2789.0,1444,6,4,2,0.6667,card,temporary_failure,2,80.43,20,3,STANDARD,6,none,0
4299.61,1686,6,4,2,0.6667,upi,bank_timeout,3,34.04,12,6,STANDARD,0,none,0
5841.77,634,11,7,4,0.6364,upi,network_error,3,16.26,14,1,STANDARD,1,none,0
3278.87,1463,6,3,3,0.5,upi,fraud_suspected,1,52.98,7,1,PREMIUM,3,active,0
5566.68,592,2,1,1,0.5,upi,bank_decline,2,19.08,2,1,STANDARD,2,none,1
18283.19,965,18,14,4,0.7778,wallet,fraud_suspected,3,29.76,1,6,STANDARD,3,none,0
1575.01,709,11,9,2,0.8182,card,invalid_account,2,36.88,13,5,STANDARD,2,none,0
2413.89,525,8,6,2,0.75,upi,bank_decline,1,69.71,23,6,STANDARD,2,none,1
7909.87,1439,10,7,3,0.7,upi,insufficient_funds,1,44.12,16,6,STANDARD,0,none,1
3888.4,634,9,8,1,0.8889,wallet,bank_timeout,1,30.33,10,4,STANDARD,0,none,1
15013.52,296,11,9,2,0.8182,upi,bank_decline,2,12.17,23,4,STANDARD,0,none,1
3438.19,598,11,8,3,0.7273,upi,temporary_failure,2,2.69,20,1,PREMIUM,0,active,1
2131.73,835,8,6,2,0.75,netbanking,bank_decline,2,15.96,18,0,STANDARD,0,none,0
1905.12,995,10,9,1,0.9,upi,bank_timeout,2,24.78,9,3,STANDARD,1,none,0
9235.45,68,8,6,2,0.75,upi,bank_decline,3,51.66,8,5,STANDARD,2,none,1
6414.16,1223,7,5,2,0.7143,upi,bank_timeout,2,14.06,9,1,PREMIUM,0,active,1
1118.98,1470,13,11,2,0.8462,upi,bank_timeout,2,22.93,19,4,STANDARD,0,none,1
2712.8,1559,11,7,4,0.6364,upi,invalid_account,3,7.65,9,2,PREMIUM,2,active,0
4853.04,773,9,8,1,0.8889,upi,temporary_failure,3,24.27,17,0,STANDARD,0,none,0
3604.87,675,6,6,0,1.0,card,temporary_failure,1,13.16,11,6,PREMIUM,0,active,1
7346.73,619,10,5,5,0.5,upi,insufficient_funds,3,124.81,9,2,STANDARD,2,none,0
684.12,464,5,4,1,0.8,upi,temporary_failure,2,56.31,15,0,STANDARD,0,none,1
2745.79,134,11,9,2,0.8182,upi,bank_timeout,2,21.39,17,3,STANDARD,0,none,1
873.16,972,10,9,1,0.9,upi,temporary_failure,3,12.38,12,1,STANDARD,0,none,1
6170.93,1752,12,11,1,0.9167,card,insufficient_funds,3,34.75,12,2,STANDARD,3,none,0
9440.95,239,5,5,0,1.0,wallet,insufficient_funds,3,18.74,2,2,STANDARD,1,none,0
2931.91,912,8,5,3,0.625,wallet,temporary_failure,3,43.6,22,4,STANDARD,1,none,1
1722.18,755,7,6,1,0.8571,card,bank_timeout,1,21.3,23,5,PREMIUM,1,active,1
3841.19,1546,9,6,3,0.6667,upi,network_error,3,50.24,10,1,PREMIUM,0,active,1
9998.16,1381,14,11,3,0.7857,card,bank_decline,3,41.19,14,1,PREMIUM,1,active,1
2924.21,197,6,5,1,0.8333,card,bank_timeout,3,8.04,19,1,STANDARD,4,none,1
2068.01,798,12,9,3,0.75,card,network_error,1,16.77,14,6,PREMIUM,3,active,0
5988.43,1486,11,7,4,0.6364,upi,temporary_failure,2,45.29,18,3,STANDARD,1,none,0
6609.0,503,10,8,2,0.8,card,bank_decline,1,51.24,13,2,STANDARD,1,none,1
2561.58,1306,2,1,1,0.5,card,temporary_failure,1,15.46,2,0,STANDARD,3,none,1
9517.75,294,5,3,2,0.6,netbanking,invalid_account,2,45.89,2,1,STANDARD,2,none,0
3314.65,1106,8,8,0,1.0,card,bank_timeout,3,77.51,12,6,ENTERPRISE,0,active,0
660.25,485,7,5,2,0.7143,netbanking,bank_timeout,1,51.52,10,4,PREMIUM,0,active,1
2387.06,1247,8,8,0,1.0,card,insufficient_funds,1,11.7,14,4,STANDARD,0,none,0
2191.24,59,9,7,2,0.7778,netbanking,temporary_failure,3,26.87,9,3,PREMIUM,2,active,1
1293.37,932,8,4,4,0.5,upi,network_error,2,24.36,0,1,STANDARD,4,none,0
6301.69,860,10,9,1,0.9,netbanking,bank_decline,2,57.45,5,0,STANDARD,0,none,1
1369.2,362,15,11,4,0.7333,netbanking,invalid_account,3,20.09,16,2,STANDARD,1,none,0
3775.98,1307,9,6,3,0.6667,upi,insufficient_funds,1,75.63,15,4,STANDARD,0,none,0
364.38,1552,11,8,3,0.7273,card,temporary_failure,1,9.42,0,5,PREMIUM,0,active,1
2765.36,180,11,8,3,0.7273,upi,invalid_account,2,18.28,18,5,STANDARD,1,none,0
2998.71,1053,12,9,3,0.75,card,invalid_account,1,29.28,6,4,STANDARD,1,none,1
5963.56,434,13,12,1,0.9231,upi,bank_decline,2,45.87,2,2,PREMIUM,1,active,1
7669.57,12,10,9,1,0.9,card,bank_timeout,1,11.67,2,1,STANDARD,3,none,1
1993.42,1764,10,8,2,0.8,upi,insufficient_funds,1,61.67,20,5,PREMIUM,0,active,0
8856.25,1789,10,6,4,0.6,upi,network_error,1,25.08,5,6,STANDARD,1,none,0
1198.67,822,10,7,3,0.7,netbanking,network_error,1,12.94,17,4,STANDARD,0,none,1
3795.05,318,6,5,1,0.8333,upi,insufficient_funds,1,49.79,3,1,STANDARD,3,none,0
7863.56,513,10,10,0,1.0,upi,network_error,3,25.57,23,6,PREMIUM,0,active,1
3037.6,645,4,3,1,0.75,upi,temporary_failure,1,16.76,8,6,STANDARD,0,none,1
1740.71,295,3,2,1,0.6667,upi,temporary_failure,1,19.43,8,4,PREMIUM,2,active,1
2105.38,1573,11,10,1,0.9091,upi,insufficient_funds,1,41.56,17,3,STANDARD,0,none,1
8960.78,1708,8,3,5,0.375,wallet,insufficient_funds,3,31.93,15,0,STANDARD,2,none,0
4141.31,1513,2,1,1,0.5,card,temporary_failure,2,12.45,20,3,STANDARD,0,none,0
3960.62,482,14,7,7,0.5,upi,invalid_account,3,12.62,4,6,STANDARD,0,none,0
5049.47,1563,14,10,4,0.7143,netbanking,temporary_failure,1,101.98,20,6,PREMIUM,0,active,1
5255.22,1148,12,7,5,0.5833,upi,bank_timeout,2,14.3,17,4,STANDARD,1,none,0
1790.46,929,6,5,1,0.8333,upi,fraud_suspected,1,19.65,7,3,ENTERPRISE,0,active,1
2566.51,1224,16,14,2,0.875,upi,network_error,1,29.63,3,0,STANDARD,3,none,1
4263.42,1279,11,9,2,0.8182,upi,temporary_failure,2,45.23,23,5,STANDARD,1,none,1
7477.23,1798,6,6,0,1.0,card,bank_decline,3,75.03,17,3,STANDARD,3,none,1
5894.0,510,11,6,5,0.5455,upi,bank_decline,3,79.15,13,2,STANDARD,1,none,1
3015.67,920,9,8,1,0.8889,netbanking,bank_timeout,2,21.89,19,2,STANDARD,0,none,1
4908.19,518,16,15,1,0.9375,card,bank_decline,1,155.98,19,6,STANDARD,2,none,0
12051.49,898,8,8,0,1.0,wallet,bank_decline,1,35.45,11,2,STANDARD,0,none,1
1694.19,673,14,11,3,0.7857,card,temporary_failure,3,44.07,7,3,STANDARD,0,none,1
20405.96,139,12,7,5,0.5833,upi,bank_decline,3,40.51,8,0,STANDARD,0,none,1
10156.63,1754,9,7,2,0.7778,upi,bank_decline,3,62.47,21,2,STANDARD,1,none,0
1243.96,1427,7,5,2,0.7143,card,bank_decline,3,15.79,23,6,STANDARD,0,none,0
2240.23,1195,16,8,8,0.5,upi,bank_decline,2,49.51,11,0,STANDARD,0,none,0
2566.0,35,10,8,2,0.8,wallet,temporary_failure,3,42.03,16,2,ENTERPRISE,0,active,1
6349.23,1068,17,14,3,0.8235,netbanking,temporary_failure,1,62.63,2,2,STANDARD,2,none,1
1483.26,1297,10,8,2,0.8,upi,network_error,3,44.01,11,0,STANDARD,0,none,1
20780.33,350,5,3,2,0.6,wallet,insufficient_funds,1,13.92,19,0,STANDARD,1,none,1
5331.21,341,6,4,2,0.6667,card,bank_decline,3,151.17,13,0,PREMIUM,2,active,0
1598.14,507,9,7,2,0.7778,upi,insufficient_funds,3,12.48,19,4,STANDARD,1,none,0
2344.8,707,3,2,1,0.6667,card,network_error,2,86.57,7,1,STANDARD,3,none,1
7265.58,1054,11,9,2,0.8182,upi,fraud_suspected,1,26.9,5,0,STANDARD,3,none,0
9917.06,1197,12,8,4,0.6667,upi,invalid_account,3,22.78,18,1,STANDARD,2,none,0
1009.77,1002,9,8,1,0.8889,upi,temporary_failure,1,38.4,15,1,PREMIUM,2,active,1
28242.66,1229,3,3,0,1.0,upi,bank_timeout,1,35.42,5,4,PREMIUM,0,active,1
724.67,1257,10,8,2,0.8,netbanking,bank_timeout,1,26.61,4,6,PREMIUM,0,active,1
1118.43,861,7,4,3,0.5714,upi,network_error,1,13.85,2,0,STANDARD,0,none,1
7915.01,210,4,3,1,0.75,netbanking,insufficient_funds,2,37.31,2,3,STANDARD,1,none,1
3614.81,628,10,8,2,0.8,upi,temporary_failure,2,28.55,9,0,STANDARD,1,none,1
4294.76,1465,9,7,2,0.7778,upi,invalid_account,3,58.83,22,0,STANDARD,2,none,0
4101.04,1265,4,2,2,0.5,wallet,bank_decline,1,61.72,5,5,STANDARD,2,none,0
1214.7,80,11,9,2,0.8182,card,insufficient_funds,2,6.97,6,1,PREMIUM,0,active,1
2404.08,1274,8,7,1,0.875,netbanking,insufficient_funds,3,52.04,16,5,STANDARD,0,none,0
5584.1,1687,7,5,2,0.7143,netbanking,temporary_failure,2,53.09,12,5,STANDARD,3,none,1
2234.52,1664,9,7,2,0.7778,upi,fraud_suspected,2,79.62,0,5,STANDARD,1,none,0
1853.48,246,8,6,2,0.75,netbanking,bank_decline,2,12.11,17,3,STANDARD,4,none,0
10020.13,717,13,10,3,0.7692,netbanking,insufficient_funds,2,41.16,10,5,ENTERPRISE,0,active,0
3560.32,121,8,8,0,1.0,card,temporary_failure,2,100.23,17,5,PREMIUM,0,active,1
4186.57,521,5,3,2,0.6,wallet,invalid_account,2,39.28,16,5,STANDARD,2,none,0
1506.58,1153,9,6,3,0.6667,wallet,bank_decline,3,45.13,13,1,ENTERPRISE,3,active,0
25936.55,1316,8,4,4,0.5,upi,temporary_failure,3,23.15,15,0,STANDARD,0,none,0
7679.57,256,7,3,4,0.4286,netbanking,insufficient_funds,1,90.44,19,0,STANDARD,1,none,0
1529.44,1290,12,11,1,0.9167,upi,temporary_failure,3,20.18,20,1,STANDARD,2,none,1
3647.69,111,8,6,2,0.75,upi,temporary_failure,2,40.72,12,3,PREMIUM,0,active,1
2423.71,145,9,8,1,0.8889,netbanking,insufficient_funds,3,60.86,2,3,STANDARD,1,none,0
4007.93,115,14,10,4,0.7143,card,bank_decline,3,40.16,23,5,ENTERPRISE,1,active,0
11420.43,1685,10,9,1,0.9,card,insufficient_funds,2,7.12,1,5,PREMIUM,1,active,1
5607.42,1139,13,11,2,0.8462,upi,network_error,3,136.04,5,4,STANDARD,3,none,0
18421.15,1130,12,9,3,0.75,card,temporary_failure,1,2.6,11,2,STANDARD,2,none,1
2124.35,113,9,8,1,0.8889,upi,bank_timeout,1,22.65,8,6,STANDARD,0,none,1
6322.7,1200,10,8,2,0.8,upi,bank_timeout,3,57.95,8,3,STANDARD,0,none,1
833.68,1275,10,8,2,0.8,upi,invalid_account,3,91.28,16,2,STANDARD,1,none,1
6116.75,20,6,6,0,1.0,card,bank_decline,2,45.06,13,0,PREMIUM,0,active,0
553.81,1519,9,8,1,0.8889,netbanking,bank_timeout,2,9.14,9,3,PREMIUM,2,active,1
911.2,125,10,8,2,0.8,wallet,bank_decline,1,40.58,20,1,STANDARD,3,none,0
11931.76,969,9,6,3,0.6667,card,invalid_account,1,1.38,1,5,STANDARD,1,none,0
10538.5,470,15,12,3,0.8,card,insufficient_funds,2,52.9,10,0,STANDARD,0,none,0
2634.48,377,7,4,3,0.5714,upi,bank_decline,2,24.15,1,3,STANDARD,1,none,0
3251.37,1088,5,2,3,0.4,card,network_error,2,24.81,13,5,PREMIUM,0,active,1
4283.72,916,8,5,3,0.625,card,temporary_failure,1,89.16,5,1,STANDARD,1,none,1
2707.11,771,12,9,3,0.75,upi,bank_decline,3,42.05,10,5,STANDARD,1,none,0
2351.26,1716,10,6,4,0.6,upi,invalid_account,3,33.03,4,6,STANDARD,2,none,0
4068.12,474,12,8,4,0.6667,upi,temporary_failure,3,61.77,22,0,STANDARD,0,none,1
2892.96,621,8,8,0,1.0,card,insufficient_funds,3,57.74,21,6,STANDARD,3,none,1
3277.17,1227,6,5,1,0.8333,upi,insufficient_funds,3,2.68,10,2,PREMIUM,1,active,1
15186.15,683,6,5,1,0.8333,upi,insufficient_funds,2,44.28,13,6,STANDARD,1,none,1
4443.63,282,14,9,5,0.6429,card,network_error,1,19.03,5,5,PREMIUM,0,active,1
2265.67,1652,9,8,1,0.8889,upi,invalid_account,3,62.35,13,6,STANDARD,1,none,0
1895.85,74,11,8,3,0.7273,wallet,bank_timeout,3,72.66,11,3,PREMIUM,2,active,1
3674.44,1586,12,10,2,0.8333,upi,temporary_failure,2,27.29,10,5,PREMIUM,0,active,1
10294.62,374,11,7,4,0.6364,upi,temporary_failure,1,45.6,14,1,STANDARD,0,none,1
2686.84,1748,8,7,1,0.875,upi,fraud_suspected,1,22.64,22,1,STANDARD,3,none,0
3741.05,912,11,9,2,0.8182,upi,bank_decline,1,53.0,2,1,STANDARD,0,none,0
6171.71,709,5,5,0,1.0,netbanking,temporary_failure,1,20.05,19,6,STANDARD,0,none,1
1594.2,1615,5,5,0,1.0,upi,bank_timeout,3,20.58,16,0,STANDARD,2,none,1
1567.85,872,8,4,4,0.5,card,invalid_account,3,10.32,16,2,STANDARD,1,none,0
1624.31,1478,10,7,3,0.7,upi,bank_timeout,3,48.03,10,5,PREMIUM,1,active,0
5994.62,1468,18,12,6,0.6667,upi,bank_timeout,1,7.02,1,3,ENTERPRISE,1,active,0
6780.42,939,7,5,2,0.7143,upi,temporary_failure,3,23.18,23,3,STANDARD,0,none,1
4042.87,548,11,6,5,0.5455,card,bank_decline,2,11.98,18,0,STANDARD,1,none,0
1807.81,1467,12,10,2,0.8333,netbanking,bank_timeout,3,37.68,9,0,STANDARD,0,none,1
4728.79,97,8,7,1,0.875,upi,invalid_account,2,77.87,18,5,PREMIUM,1,active,1
3385.51,782,14,11,3,0.7857,upi,temporary_failure,1,18.19,2,5,STANDARD,1,none,1
6581.51,252,8,7,1,0.875,card,temporary_failure,3,53.34,11,3,STANDARD,1,none,0
9727.01,1780,13,12,1,0.9231,upi,insufficient_funds,2,36.9,14,0,PREMIUM,0,active,1
2790.6,619,9,8,1,0.8889,upi,temporary_failure,3,31.55,7,5,STANDARD,0,none,1
4582.87,1593,7,7,0,1.0,upi,bank_decline,3,82.91,23,1,PREMIUM,0,active,1
6543.78,596,9,6,3,0.6667,netbanking,temporary_failure,2,65.63,11,2,PREMIUM,2,active,0
3178.08,1717,4,4,0,1.0,upi,temporary_failure,1,19.94,5,1,STANDARD,0,none,1
2644.48,571,6,5,1,0.8333,upi,insufficient_funds,1,48.57,11,3,STANDARD,0,none,1
17963.63,1296,12,10,2,0.8333,card,temporary_failure,1,73.32,7,0,PREMIUM,0,active,0
2834.05,258,12,9,3,0.75,netbanking,network_error,3,24.14,6,2,STANDARD,1,none,1
1754.88,1161,8,5,3,0.625,upi,insufficient_funds,3,2.02,8,2,STANDARD,1,none,0
7602.4,251,11,10,1,0.9091,card,bank_timeout,3,38.79,22,4,STANDARD,0,none,1
1894.36,641,8,7,1,0.875,card,network_error,3,24.11,2,6,ENTERPRISE,1,active,1
6228.21,1554,7,7,0,1.0,wallet,bank_decline,2,27.58,22,5,STANDARD,2,none,1
4264.31,340,10,6,4,0.6,upi,insufficient_funds,3,19.88,21,0,PREMIUM,0,active,0
8786.89,1401,8,6,2,0.75,card,insufficient_funds,3,26.0,22,4,STANDARD,0,none,0
6117.08,1748,6,5,1,0.8333,wallet,temporary_failure,1,66.93,19,2,STANDARD,2,none,1
2205.73,922,8,7,1,0.875,card,insufficient_funds,2,93.25,4,4,STANDARD,0,none,0
3626.66,269,6,5,1,0.8333,upi,fraud_suspected,2,47.16,22,0,STANDARD,1,none,1
6012.54,659,10,9,1,0.9,upi,fraud_suspected,1,38.39,19,2,STANDARD,1,none,1
15598.62,294,12,10,2,0.8333,card,network_error,2,62.84,7,2,PREMIUM,1,active,1
1188.71,1051,11,7,4,0.6364,upi,temporary_failure,1,63.02,5,5,PREMIUM,0,active,1
11434.42,1642,12,10,2,0.8333,card,bank_decline,2,121.76,22,2,PREMIUM,2,active,0
7601.54,558,11,8,3,0.7273,upi,insufficient_funds,1,14.28,17,6,STANDARD,4,none,0
11023.82,291,6,3,3,0.5,wallet,temporary_failure,1,98.63,3,4,STANDARD,3,none,1
3174.07,1473,13,11,2,0.8462,card,invalid_account,2,20.58,22,0,ENTERPRISE,1,active,0
1025.52,189,9,6,3,0.6667,card,invalid_account,3,34.81,20,2,STANDARD,0,none,0
7306.63,962,11,7,4,0.6364,netbanking,insufficient_funds,1,10.12,22,4,PREMIUM,1,active,0
16802.86,1059,14,10,4,0.7143,card,bank_decline,2,9.15,13,4,STANDARD,1,none,1
6989.63,915,15,14,1,0.9333,card,network_error,3,45.52,4,5,PREMIUM,2,active,0
822.76,1202,16,10,6,0.625,card,insufficient_funds,3,74.59,15,3,ENTERPRISE,2,active,0
3620.46,1335,16,12,4,0.75,netbanking,bank_timeout,1,19.14,7,6,STANDARD,2,none,1
3287.24,1185,13,10,3,0.7692,upi,bank_decline,2,14.65,0,2,STANDARD,1,none,0
5074.66,1330,10,9,1,0.9,netbanking,invalid_account,3,28.93,16,1,STANDARD,4,none,0
3283.67,937,8,7,1,0.875,upi,bank_decline,2,27.31,15,3,PREMIUM,1,active,1
3640.54,1591,11,10,1,0.9091,card,network_error,1,74.9,16,4,STANDARD,0,none,1
4082.46,302,13,10,3,0.7692,upi,temporary_failure,2,24.29,4,4,PREMIUM,1,active,0
2386.53,998,10,9,1,0.9,netbanking,fraud_suspected,3,21.02,15,6,STANDARD,1,none,0
992.47,684,14,10,4,0.7143,wallet,bank_timeout,2,13.73,12,2,STANDARD,0,none,1
2685.51,388,9,7,2,0.7778,card,temporary_failure,1,45.21,22,2,STANDARD,2,none,0
6685.4,1282,4,4,0,1.0,card,bank_decline,3,12.27,9,1,STANDARD,2,none,1
2545.91,1769,9,8,1,0.8889,card,bank_decline,3,30.63,17,1,STANDARD,2,none,0
6508.54,543,11,9,2,0.8182,upi,bank_timeout,3,85.26,0,5,ENTERPRISE,0,active,1
3533.09,1317,9,7,2,0.7778,card,bank_decline,2,23.07,21,5,ENTERPRISE,2,active,0
6911.64,281,6,6,0,1.0,netbanking,bank_decline,2,9.17,20,1,PREMIUM,0,active,1
2448.63,85,10,5,5,0.5,card,bank_timeout,1,31.16,14,4,PREMIUM,4,active,1
16734.47,564,11,8,3,0.7273,upi,temporary_failure,3,77.66,19,0,ENTERPRISE,1,active,1
2698.94,1164,10,9,1,0.9,upi,bank_timeout,1,13.86,8,3,STANDARD,0,none,1
5350.79,210,6,5,1,0.8333,card,fraud_suspected,1,20.5,11,2,ENTERPRISE,0,active,1
3308.69,626,8,8,0,1.0,upi,insufficient_funds,2,59.51,6,2,PREMIUM,1,active,0
3331.43,463,8,8,0,1.0,card,bank_timeout,2,42.26,16,6,STANDARD,0,none,1
1762.79,1195,9,9,0,1.0,upi,temporary_failure,2,40.19,6,4,STANDARD,0,none,1
1055.01,782,7,6,1,0.8571,netbanking,network_error,1,112.22,23,0,PREMIUM,0,active,1
13431.05,1480,8,6,2,0.75,wallet,bank_timeout,2,84.58,11,6,PREMIUM,0,active,1
3452.2,1060,9,5,4,0.5556,upi,bank_decline,3,17.74,12,4,STANDARD,0,none,0
594.62,832,9,8,1,0.8889,card,temporary_failure,2,52.64,15,5,STANDARD,2,none,0
2055.2,1278,9,8,1,0.8889,card,invalid_account,2,33.77,20,1,STANDARD,2,none,0
1601.86,1723,9,6,3,0.6667,upi,bank_decline,2,8.79,10,3,PREMIUM,1,active,0
10686.65,1206,10,7,3,0.7,upi,temporary_failure,3,30.92,7,3,ENTERPRISE,1,active,0
5560.6,203,8,8,0,1.0,netbanking,insufficient_funds,3,32.58,1,5,PREMIUM,1,active,1
2399.4,232,14,7,7,0.5,card,fraud_suspected,2,39.19,22,4,PREMIUM,0,active,0
9090.18,1558,9,6,3,0.6667,upi,fraud_suspected,1,54.79,18,2,STANDARD,0,none,1
4423.27,892,10,6,4,0.6,wallet,bank_decline,1,30.56,5,6,STANDARD,1,none,1
7729.79,1101,7,6,1,0.8571,card,fraud_suspected,1,38.81,5,4,STANDARD,0,none,1
5024.49,249,6,5,1,0.8333,wallet,insufficient_funds,3,20.23,1,0,STANDARD,0,none,1
7674.49,356,10,6,4,0.6,upi,insufficient_funds,1,9.53,21,2,PREMIUM,0,active,0
6152.4,535,14,12,2,0.8571,upi,insufficient_funds,3,8.51,5,6,PREMIUM,2,active,0
1664.59,1094,11,9,2,0.8182,upi,bank_decline,2,38.64,20,6,STANDARD,0,none,0
5159.17,1321,18,10,8,0.5556,upi,network_error,1,28.2,19,2,STANDARD,1,none,0
4271.63,926,9,7,2,0.7778,upi,temporary_failure,2,39.6,19,6,STANDARD,0,none,1
9830.12,706,7,6,1,0.8571,netbanking,insufficient_funds,1,10.74,21,1,STANDARD,0,none,1
1607.25,568,12,10,2,0.8333,upi,bank_timeout,2,30.34,21,2,PREMIUM,1,active,1
4876.89,1792,7,5,2,0.7143,upi,bank_decline,1,34.15,9,1,STANDARD,1,none,1
6463.9,486,12,11,1,0.9167,netbanking,insufficient_funds,2,28.06,7,1,PREMIUM,2,active,1
5211.1,1644,14,13,1,0.9286,netbanking,temporary_failure,3,18.23,3,3,STANDARD,4,none,0
6629.11,72,8,6,2,0.75,netbanking,bank_decline,1,14.71,2,1,STANDARD,0,none,1
3059.92,605,10,9,1,0.9,card,temporary_failure,3,32.16,1,5,PREMIUM,0,active,1
687.37,584,11,6,5,0.5455,card,bank_timeout,1,81.54,0,5,STANDARD,2,none,1
11752.25,1193,7,6,1,0.8571,upi,network_error,2,60.33,5,4,STANDARD,2,none,1
875.26,1275,6,5,1,0.8333,upi,bank_timeout,2,14.88,15,1,STANDARD,1,none,1
1133.09,717,8,8,0,1.0,upi,fraud_suspected,3,39.78,16,6,PREMIUM,1,active,0
2085.82,74,9,6,3,0.6667,netbanking,insufficient_funds,1,102.19,9,6,PREMIUM,0,active,1
5245.95,1172,7,6,1,0.8571,card,network_error,3,42.36,19,1,PREMIUM,0,active,1
8978.14,494,8,5,3,0.625,card,insufficient_funds,1,78.8,8,0,ENTERPRISE,0,active,1
6961.33,305,15,12,3,0.8,upi,bank_decline,2,45.56,5,1,STANDARD,3,none,1
1346.05,1076,6,5,1,0.8333,upi,fraud_suspected,2,39.22,11,1,STANDARD,2,none,0
2757.42,10,9,7,2,0.7778,card,temporary_failure,3,72.74,3,2,PREMIUM,2,active,1
1969.04,1594,8,7,1,0.875,card,bank_timeout,1,57.35,19,3,PREMIUM,3,active,1
7874.53,1222,11,8,3,0.7273,netbanking,insufficient_funds,3,54.25,3,6,STANDARD,0,none,1
8074.71,261,7,6,1,0.8571,wallet,bank_decline,2,76.38,13,4,STANDARD,1,none,1
889.75,472,5,3,2,0.6,card,bank_decline,2,12.85,4,4,PREMIUM,1,active,0
4122.9,716,9,8,1,0.8889,netbanking,insufficient_funds,2,29.47,0,5,PREMIUM,0,active,0
3682.66,347,9,5,4,0.5556,card,bank_timeout,3,30.13,2,3,STANDARD,0,none,1
1382.29,1451,6,3,3,0.5,upi,invalid_account,1,12.68,2,0,PREMIUM,0,active,1
7562.27,860,13,10,3,0.7692,upi,bank_decline,3,57.01,5,5,STANDARD,1,none,0
3952.34,150,8,3,5,0.375,card,insufficient_funds,3,57.1,5,6,STANDARD,1,none,0
4961.57,1349,7,6,1,0.8571,upi,temporary_failure,1,48.38,15,1,STANDARD,0,none,1
6466.85,565,7,6,1,0.8571,card,invalid_account,3,32.61,4,5,ENTERPRISE,1,active,0
11372.99,291,7,5,2,0.7143,card,temporary_failure,2,69.26,5,3,PREMIUM,1,active,0
4125.42,829,6,5,1,0.8333,upi,invalid_account,2,87.95,11,2,STANDARD,0,none,0
4291.82,518,9,5,4,0.5556,netbanking,insufficient_funds,2,15.02,6,1,STANDARD,1,none,0
3261.23,970,11,10,1,0.9091,upi,temporary_failure,2,50.68,18,3,STANDARD,0,none,1
1326.13,273,7,6,1,0.8571,upi,temporary_failure,3,13.67,7,3,STANDARD,4,none,1
1518.05,376,8,6,2,0.75,upi,fraud_suspected,1,22.81,9,5,STANDARD,1,none,0
1998.43,104,10,9,1,0.9,upi,insufficient_funds,3,44.46,13,1,PREMIUM,0,active,1
1857.01,1075,8,5,3,0.625,card,bank_timeout,2,10.69,6,0,ENTERPRISE,0,active,1
1397.66,693,9,7,2,0.7778,netbanking,temporary_failure,1,99.28,13,5,STANDARD,0,none,1
11938.92,1563,7,6,1,0.8571,card,temporary_failure,1,31.37,16,0,STANDARD,1,none,1
3631.25,848,5,5,0,1.0,upi,temporary_failure,1,10.24,22,4,PREMIUM,2,active,1
2797.72,1091,16,15,1,0.9375,netbanking,network_error,1,37.07,20,1,STANDARD,2,none,1
2915.06,522,13,8,5,0.6154,upi,insufficient_funds,3,36.62,14,1,STANDARD,1,none,1
6594.24,663,15,12,3,0.8,card,insufficient_funds,2,32.51,17,5,PREMIUM,0,active,1
3825.05,1422,2,1,1,0.5,wallet,bank_decline,3,45.46,6,5,STANDARD,2,none,1
13421.01,459,8,6,2,0.75,netbanking,bank_decline,3,29.31,7,6,STANDARD,2,none,1
1327.28,521,7,5,2,0.7143,upi,bank_timeout,1,38.39,5,1,STANDARD,1,none,0
13325.01,910,7,4,3,0.5714,card,fraud_suspected,3,40.31,14,6,PREMIUM,0,active,0
1503.86,791,13,9,4,0.6923,card,temporary_failure,2,9.87,8,3,STANDARD,3,none,0
2693.83,1132,12,10,2,0.8333,card,insufficient_funds,1,69.92,7,1,STANDARD,0,none,1
4212.61,346,10,6,4,0.6,upi,bank_decline,2,45.92,23,2,PREMIUM,1,active,0
3519.85,1620,13,11,2,0.8462,netbanking,network_error,3,29.2,16,4,STANDARD,0,none,1
10169.75,836,8,7,1,0.875,card,insufficient_funds,1,43.5,15,6,PREMIUM,0,active,0
5377.48,1151,7,5,2,0.7143,card,bank_decline,2,132.52,11,1,STANDARD,1,none,1
1447.73,129,11,10,1,0.9091,upi,bank_decline,1,30.33,6,3,PREMIUM,1,active,1
897.09,882,13,6,7,0.4615,upi,network_error,2,128.53,21,3,STANDARD,0,none,1
11769.83,1364,6,6,0,1.0,upi,network_error,3,77.47,3,6,STANDARD,0,none,1
9447.33,1052,13,9,4,0.6923,upi,temporary_failure,1,31.73,14,0,PREMIUM,0,active,0
1223.71,1410,8,7,1,0.875,netbanking,bank_decline,1,133.67,3,0,PREMIUM,1,active,0
2153.16,1447,5,3,2,0.6,upi,network_error,1,85.96,1,1,STANDARD,1,none,0
5941.37,98,8,7,1,0.875,netbanking,network_error,3,43.0,21,4,PREMIUM,4,active,1
1869.46,683,12,10,2,0.8333,upi,temporary_failure,1,38.63,9,1,PREMIUM,1,active,1
2435.78,1100,5,5,0,1.0,wallet,bank_timeout,3,60.05,12,5,STANDARD,1,none,1
4093.99,263,5,3,2,0.6,card,invalid_account,2,32.24,13,4,STANDARD,0,none,0
1557.61,556,4,4,0,1.0,upi,temporary_failure,1,67.88,9,3,STANDARD,0,none,1
7708.59,682,9,4,5,0.4444,card,bank_decline,2,12.13,9,6,STANDARD,0,none,0
21941.77,642,7,6,1,0.8571,card,network_error,1,21.5,20,6,PREMIUM,2,active,1
3253.68,1525,7,5,2,0.7143,upi,temporary_failure,3,20.75,6,4,STANDARD,2,none,0
933.66,1278,11,9,2,0.8182,upi,invalid_account,3,64.41,17,6,STANDARD,3,none,0
6514.61,123,7,6,1,0.8571,card,bank_decline,3,21.22,22,5,STANDARD,0,none,0
2574.53,656,13,12,1,0.9231,card,bank_timeout,1,16.97,21,5,STANDARD,1,none,1
1111.86,1148,13,12,1,0.9231,upi,bank_decline,1,13.44,20,5,PREMIUM,0,active,1
1019.84,1077,6,5,1,0.8333,card,network_error,3,32.51,4,3,STANDARD,3,none,1
8617.14,249,8,7,1,0.875,netbanking,network_error,1,10.43,14,0,STANDARD,2,none,1
2669.09,1498,8,6,2,0.75,upi,bank_decline,1,107.31,12,2,STANDARD,0,none,0
3695.73,914,13,10,3,0.7692,wallet,temporary_failure,1,54.5,5,0,PREMIUM,4,active,0
3206.7,960,9,5,4,0.5556,upi,temporary_failure,2,34.02,7,1,STANDARD,1,none,0
5471.08,1381,13,9,4,0.6923,card,insufficient_funds,2,17.6,3,2,STANDARD,2,none,0
2675.63,1550,14,10,4,0.7143,card,bank_decline,1,12.91,14,0,STANDARD,0,none,0
2058.24,251,11,9,2,0.8182,card,temporary_failure,2,17.07,16,2,STANDARD,0,none,1
3435.23,771,10,8,2,0.8,upi,temporary_failure,1,15.4,16,2,PREMIUM,0,active,1
2025.13,290,8,4,4,0.5,wallet,temporary_failure,1,45.22,13,0,PREMIUM,0,active,1
16563.78,833,10,7,3,0.7,upi,insufficient_funds,1,57.4,14,4,STANDARD,2,none,0
7625.93,576,6,3,3,0.5,card,temporary_failure,3,46.15,13,0,STANDARD,1,none,1
10655.21,1490,11,8,3,0.7273,card,invalid_account,2,57.68,14,2,ENTERPRISE,0,active,0
3023.33,373,11,6,5,0.5455,upi,network_error,1,7.4,16,2,PREMIUM,1,active,0
4491.66,1751,9,5,4,0.5556,upi,invalid_account,2,17.21,5,6,STANDARD,1,none,0
7062.29,1561,13,10,3,0.7692,wallet,bank_timeout,2,21.83,15,2,PREMIUM,1,active,1
8898.56,1393,7,5,2,0.7143,card,temporary_failure,2,19.27,10,2,ENTERPRISE,4,active,1
1550.61,1302,6,4,2,0.6667,upi,temporary_failure,1,21.74,15,4,PREMIUM,0,active,1
7613.82,677,12,11,1,0.9167,card,fraud_suspected,3,18.43,12,1,PREMIUM,0,active,0
3848.94,900,6,5,1,0.8333,upi,insufficient_funds,2,113.3,8,5,STANDARD,3,none,0
56185.92,1494,8,8,0,1.0,wallet,bank_decline,1,38.38,21,6,STANDARD,1,none,1
2458.7,965,8,8,0,1.0,upi,temporary_failure,1,66.35,23,0,STANDARD,0,none,1
8474.31,619,8,7,1,0.875,card,insufficient_funds,3,36.25,2,3,STANDARD,1,none,0
1436.48,251,7,7,0,1.0,upi,temporary_failure,1,67.67,19,3,STANDARD,0,none,1
4256.25,1397,10,7,3,0.7,netbanking,temporary_failure,2,59.65,7,5,STANDARD,1,none,1
2019.54,451,11,8,3,0.7273,upi,temporary_failure,3,47.58,11,1,STANDARD,1,none,0
25721.91,1283,9,5,4,0.5556,card,insufficient_funds,2,62.65,22,4,STANDARD,0,none,0
7310.96,532,12,10,2,0.8333,netbanking,invalid_account,1,31.76,9,3,PREMIUM,2,active,0
1789.83,321,10,8,2,0.8,card,bank_decline,2,84.72,1,2,STANDARD,2,none,0
6185.91,1676,10,5,5,0.5,card,temporary_failure,2,11.04,17,4,ENTERPRISE,0,active,1
5168.89,1493,9,7,2,0.7778,upi,temporary_failure,2,36.6,21,1,STANDARD,0,none,1
6140.5,1544,12,10,2,0.8333,card,network_error,3,22.78,4,0,PREMIUM,1,active,0
2311.51,1751,4,3,1,0.75,card,bank_timeout,2,63.79,0,3,STANDARD,3,none,1
1310.25,1553,12,8,4,0.6667,upi,temporary_failure,1,82.68,23,3,PREMIUM,0,active,1
2072.2,709,7,6,1,0.8571,upi,temporary_failure,3,96.21,0,4,STANDARD,3,none,1
935.22,359,8,6,2,0.75,upi,bank_decline,3,42.29,13,1,ENTERPRISE,0,active,0
4751.18,1285,10,8,2,0.8,card,bank_decline,3,56.35,18,1,STANDARD,0,none,1
2519.13,1182,8,5,3,0.625,upi,bank_timeout,3,58.61,4,1,STANDARD,0,none,1
2032.27,745,7,7,0,1.0,upi,insufficient_funds,1,9.58,17,6,PREMIUM,1,active,1
3963.3,400,11,8,3,0.7273,netbanking,temporary_failure,3,28.99,15,3,ENTERPRISE,3,active,1
15411.7,1245,12,10,2,0.8333,wallet,network_error,1,44.71,14,6,STANDARD,0,none,0
5846.19,1637,17,11,6,0.6471,upi,network_error,3,22.88,23,6,STANDARD,1,none,0
2215.02,963,11,8,3,0.7273,netbanking,temporary_failure,3,42.08,17,6,ENTERPRISE,1,active,0
4443.97,827,9,4,5,0.4444,upi,bank_decline,1,53.12,18,5,STANDARD,1,none,0
3563.65,678,6,3,3,0.5,upi,insufficient_funds,2,78.25,0,5,PREMIUM,3,active,1
3027.77,273,9,9,0,1.0,upi,bank_timeout,3,14.87,6,3,STANDARD,0,none,1
6432.5,331,9,7,2,0.7778,card,temporary_failure,2,33.06,3,2,STANDARD,0,none,1
4369.47,1590,7,5,2,0.7143,upi,insufficient_funds,3,40.23,20,3,STANDARD,1,none,1
3656.34,160,11,8,3,0.7273,netbanking,insufficient_funds,1,21.18,12,5,STANDARD,2,none,0
12413.78,580,12,8,4,0.6667,card,insufficient_funds,2,5.13,3,2,PREMIUM,1,active,1
9971.31,1729,10,9,1,0.9,upi,bank_timeout,3,2.65,13,0,STANDARD,0,none,1
2129.63,575,14,11,3,0.7857,netbanking,network_error,3,46.82,7,5,PREMIUM,0,active,1
1839.34,1164,8,8,0,1.0,netbanking,temporary_failure,2,46.12,20,1,PREMIUM,0,active,1
5351.83,1142,12,7,5,0.5833,upi,bank_decline,2,10.61,11,3,STANDARD,0,none,1
4507.72,975,7,4,3,0.5714,upi,bank_timeout,1,79.71,3,5,PREMIUM,3,active,0
3739.06,1351,4,3,1,0.75,card,network_error,3,13.0,21,0,STANDARD,1,none,0
1540.51,554,7,7,0,1.0,card,temporary_failure,3,111.5,20,5,STANDARD,0,none,1
2606.46,613,8,7,1,0.875,netbanking,network_error,1,33.38,20,5,STANDARD,0,none,1
6752.86,1156,7,5,2,0.7143,card,fraud_suspected,1,64.26,20,1,PREMIUM,1,active,0
4450.68,598,9,7,2,0.7778,upi,bank_timeout,1,50.68,13,1,STANDARD,1,none,1
386.08,708,5,5,0,1.0,upi,bank_timeout,1,48.57,7,0,STANDARD,1,none,1
1137.96,1404,13,11,2,0.8462,upi,temporary_failure,2,214.81,9,5,PREMIUM,2,active,1
4325.12,198,6,3,3,0.5,upi,invalid_account,3,24.8,9,0,PREMIUM,1,active,0
2402.75,509,7,7,0,1.0,upi,bank_timeout,2,59.67,8,5,PREMIUM,0,active,1
15252.03,836,9,7,2,0.7778,card,temporary_failure,2,54.58,21,2,ENTERPRISE,0,active,1
2473.33,91,10,6,4,0.6,card,temporary_failure,1,8.18,19,3,STANDARD,3,none,1
6108.19,1055,9,8,1,0.8889,card,network_error,3,22.4,14,6,STANDARD,0,none,1
3065.14,940,9,7,2,0.7778,wallet,temporary_failure,1,29.37,23,3,STANDARD,0,none,1
6452.14,320,10,5,5,0.5,upi,bank_timeout,3,23.34,6,1,STANDARD,0,none,0
9459.55,1190,7,7,0,1.0,netbanking,insufficient_funds,1,4.34,8,6,STANDARD,2,none,1
5184.76,423,11,10,1,0.9091,upi,bank_decline,1,17.61,17,1,STANDARD,0,none,1
5137.14,1016,13,9,4,0.6923,upi,network_error,1,103.19,20,1,STANDARD,1,none,1
2159.28,1651,6,5,1,0.8333,netbanking,bank_timeout,1,30.31,22,0,PREMIUM,0,active,1
3160.73,1039,11,11,0,1.0,card,network_error,1,49.04,12,6,STANDARD,0,none,1
5648.18,614,12,8,4,0.6667,upi,fraud_suspected,1,184.74,10,1,STANDARD,2,none,0
5753.33,1254,16,12,4,0.75,upi,invalid_account,3,22.24,19,4,STANDARD,0,none,0
4548.82,1200,10,8,2,0.8,upi,temporary_failure,1,49.19,6,0,STANDARD,0,none,1
5106.06,66,10,7,3,0.7,wallet,insufficient_funds,1,34.27,4,2,STANDARD,1,none,0
9456.0,1434,9,4,5,0.4444,upi,temporary_failure,1,29.48,10,2,PREMIUM,0,active,0
3274.23,1114,5,4,1,0.8,upi,bank_decline,3,107.0,18,6,STANDARD,2,none,0
4862.65,942,11,10,1,0.9091,wallet,bank_decline,3,38.23,19,4,PREMIUM,1,active,0
3559.48,1633,8,6,2,0.75,netbanking,network_error,3,62.83,3,0,PREMIUM,0,active,0
7613.42,615,4,3,1,0.75,card,fraud_suspected,1,12.61,16,6,PREMIUM,0,active,1
4435.55,445,11,9,2,0.8182,card,bank_decline,1,57.76,8,0,PREMIUM,1,active,1
1968.63,1479,7,6,1,0.8571,card,insufficient_funds,2,30.49,23,6,PREMIUM,0,active,1
5087.95,35,13,13,0,1.0,upi,temporary_failure,1,75.98,16,2,PREMIUM,2,active,1
7238.7,1328,7,5,2,0.7143,upi,bank_timeout,2,29.5,1,6,STANDARD,0,none,1
2652.67,1672,6,5,1,0.8333,netbanking,bank_timeout,2,79.65,18,1,STANDARD,1,none,1
6774.77,349,5,4,1,0.8,card,bank_decline,3,66.87,19,3,STANDARD,1,none,1
5053.8,364,5,5,0,1.0,card,bank_timeout,2,106.91,1,2,STANDARD,0,none,1
8689.11,1329,11,8,3,0.7273,wallet,temporary_failure,1,59.51,23,3,ENTERPRISE,1,active,1
1798.55,913,7,6,1,0.8571,card,bank_timeout,2,49.84,2,2,PREMIUM,1,active,1
17528.51,1310,18,14,4,0.7778,upi,network_error,1,12.86,6,5,STANDARD,1,none,1
2291.8,118,8,8,0,1.0,upi,insufficient_funds,3,36.19,13,2,STANDARD,1,none,1
2924.59,847,6,4,2,0.6667,upi,network_error,1,22.73,19,0,STANDARD,0,none,0
2243.82,1216,7,7,0,1.0,card,temporary_failure,1,30.01,10,0,STANDARD,1,none,1
2632.66,1346,11,8,3,0.7273,netbanking,bank_timeout,1,111.25,22,4,STANDARD,2,none,0
1715.2,852,6,6,0,1.0,wallet,insufficient_funds,2,21.42,17,5,PREMIUM,1,active,1
1025.71,1184,9,8,1,0.8889,card,network_error,2,68.64,12,1,PREMIUM,1,active,1
3558.2,352,5,5,0,1.0,upi,bank_timeout,3,6.96,10,0,PREMIUM,0,active,1
15274.87,464,10,7,3,0.7,netbanking,bank_decline,2,17.18,0,4,PREMIUM,0,active,0
7921.0,1220,11,8,3,0.7273,netbanking,insufficient_funds,1,18.32,6,6,STANDARD,3,none,1
3003.25,1355,11,8,3,0.7273,card,temporary_failure,3,11.89,21,1,ENTERPRISE,1,active,1
8697.93,149,11,10,1,0.9091,wallet,temporary_failure,1,41.09,15,5,PREMIUM,1,active,1
2526.46,1416,5,4,1,0.8,upi,bank_timeout,3,47.21,22,0,PREMIUM,0,active,1
1491.71,1482,4,4,0,1.0,card,temporary_failure,1,21.6,1,2,STANDARD,1,none,1
17722.66,463,7,6,1,0.8571,card,bank_decline,1,59.54,18,0,STANDARD,2,none,1
10074.73,842,8,8,0,1.0,card,insufficient_funds,2,39.67,11,5,PREMIUM,3,active,0
23882.55,575,8,6,2,0.75,upi,temporary_failure,1,27.78,7,2,STANDARD,1,none,1
621.46,1433,14,11,3,0.7857,netbanking,insufficient_funds,2,18.0,13,6,STANDARD,1,none,0
4795.18,1288,9,6,3,0.6667,netbanking,bank_timeout,3,14.45,20,2,PREMIUM,0,active,1
14424.51,780,7,7,0,1.0,card,temporary_failure,2,32.16,1,2,STANDARD,1,none,1
6363.92,942,7,6,1,0.8571,upi,invalid_account,1,56.84,6,6,PREMIUM,0,active,0
3959.76,1453,12,6,6,0.5,card,temporary_failure,1,28.62,15,3,PREMIUM,0,active,1
4123.97,371,13,11,2,0.8462,card,fraud_suspected,3,75.02,21,4,PREMIUM,0,active,0
4986.65,120,8,7,1,0.875,upi,insufficient_funds,2,14.83,21,6,PREMIUM,1,active,1
4552.65,1578,9,7,2,0.7778,upi,insufficient_funds,3,14.89,13,5,STANDARD,1,none,0
28038.2,500,11,8,3,0.7273,upi,insufficient_funds,3,80.72,0,0,PREMIUM,0,active,0
8883.8,1578,5,4,1,0.8,card,bank_decline,3,20.2,19,2,PREMIUM,0,active,1
4569.85,1157,7,6,1,0.8571,upi,bank_timeout,1,14.18,8,5,ENTERPRISE,1,active,1
3651.64,423,8,7,1,0.875,upi,temporary_failure,2,93.92,16,1,PREMIUM,3,active,0
5602.46,170,9,8,1,0.8889,upi,bank_decline,1,34.27,18,4,STANDARD,1,none,1
960.5,1771,10,8,2,0.8,wallet,temporary_failure,2,31.53,11,5,PREMIUM,2,active,1
3763.74,784,11,7,4,0.6364,upi,temporary_failure,2,8.66,13,3,STANDARD,2,none,1
6197.18,1162,7,5,2,0.7143,upi,network_error,1,54.23,11,3,STANDARD,3,none,1
4508.89,1216,6,6,0,1.0,upi,invalid_account,2,86.55,3,0,STANDARD,0,none,1
1464.63,735,13,11,2,0.8462,wallet,temporary_failure,2,16.24,14,4,ENTERPRISE,2,active,1
2444.79,1327,8,4,4,0.5,card,temporary_failure,3,57.68,13,3,ENTERPRISE,0,active,0
5707.46,293,12,9,3,0.75,upi,insufficient_funds,3,39.97,10,4,STANDARD,2,none,0
3235.7,1694,11,11,0,1.0,card,network_error,1,21.88,5,4,PREMIUM,1,active,1
33051.0,1716,11,9,2,0.8182,upi,network_error,1,51.78,5,0,STANDARD,2,none,0
7904.28,43,9,6,3,0.6667,card,insufficient_funds,2,86.33,3,3,STANDARD,0,none,0
3196.99,935,8,7,1,0.875,upi,temporary_failure,2,11.04,0,4,PREMIUM,1,active,1
2257.39,833,6,6,0,1.0,upi,insufficient_funds,2,50.95,8,4,STANDARD,1,none,1
1230.92,1477,8,6,2,0.75,upi,insufficient_funds,1,5.15,11,5,PREMIUM,1,active,0
4469.08,1473,6,5,1,0.8333,upi,insufficient_funds,1,142.11,13,4,ENTERPRISE,2,active,0
7932.52,820,13,8,5,0.6154,wallet,bank_timeout,1,27.37,0,4,PREMIUM,0,active,1
9860.22,1281,11,7,4,0.6364,netbanking,bank_decline,3,63.02,17,4,STANDARD,1,none,0
5101.05,113,6,3,3,0.5,card,bank_timeout,1,44.18,11,3,STANDARD,1,none,1
795.22,1006,11,11,0,1.0,upi,bank_timeout,1,39.9,21,3,PREMIUM,1,active,1
5038.72,1362,15,14,1,0.9333,upi,network_error,1,30.81,2,5,STANDARD,1,none,1
10528.91,1464,8,6,2,0.75,card,network_error,2,32.03,8,4,PREMIUM,1,active,0
2310.77,287,15,12,3,0.8,wallet,bank_decline,2,27.77,6,3,PREMIUM,0,active,1
2258.97,1063,10,10,0,1.0,card,insufficient_funds,3,23.39,11,3,PREMIUM,1,active,1
6510.91,467,10,6,4,0.6,netbanking,fraud_suspected,3,41.52,14,2,PREMIUM,2,active,0
6802.88,1608,5,5,0,1.0,upi,temporary_failure,1,9.76,1,5,ENTERPRISE,0,active,1
3632.08,1763,12,10,2,0.8333,upi,bank_decline,2,15.81,1,1,PREMIUM,0,active,1
11606.1,147,10,7,3,0.7,upi,invalid_account,1,108.4,21,3,STANDARD,0,none,0
3002.05,1635,8,6,2,0.75,upi,insufficient_funds,1,14.67,13,2,STANDARD,1,none,1
11142.74,411,3,3,0,1.0,upi,network_error,3,18.12,7,5,STANDARD,2,none,1
3496.8,620,7,5,2,0.7143,upi,insufficient_funds,3,27.14,12,2,STANDARD,2,none,0
2812.04,846,13,12,1,0.9231,upi,temporary_failure,2,16.18,5,3,STANDARD,0,none,1
2257.96,102,14,9,5,0.6429,upi,temporary_failure,3,9.7,3,2,PREMIUM,1,active,0
11748.2,778,7,6,1,0.8571,upi,fraud_suspected,1,29.5,9,6,STANDARD,4,none,0
6267.86,246,11,9,2,0.8182,upi,bank_decline,3,35.87,9,2,ENTERPRISE,0,active,0
9886.74,1339,9,8,1,0.8889,card,insufficient_funds,2,36.5,12,6,PREMIUM,0,active,1
11777.08,441,11,10,1,0.9091,upi,invalid_account,3,82.73,2,5,STANDARD,0,none,0
1222.19,437,6,5,1,0.8333,card,network_error,3,35.39,0,6,STANDARD,0,none,1
1817.36,1522,12,10,2,0.8333,upi,fraud_suspected,2,73.74,2,1,STANDARD,0,none,1
2381.66,76,12,10,2,0.8333,card,temporary_failure,3,17.13,19,0,STANDARD,3,none,0
1829.88,1685,8,6,2,0.75,card,insufficient_funds,3,8.91,21,5,STANDARD,0,none,1
1880.08,1585,10,8,2,0.8,netbanking,temporary_failure,3,21.22,13,5,STANDARD,1,none,1
4247.14,989,8,6,2,0.75,netbanking,insufficient_funds,3,59.35,7,1,PREMIUM,0,active,0
1027.84,728,8,7,1,0.875,card,bank_decline,1,110.12,13,5,STANDARD,0,none,1
3488.47,1074,5,2,3,0.4,netbanking,invalid_account,1,50.6,12,6,PREMIUM,0,active,0
8569.24,1262,9,7,2,0.7778,upi,invalid_account,3,24.9,21,0,STANDARD,2,none,0
11107.11,240,13,11,2,0.8462,card,bank_decline,2,71.95,10,3,STANDARD,1,none,0
11341.1,1011,6,5,1,0.8333,upi,bank_decline,1,36.46,2,4,ENTERPRISE,1,active,0
2355.78,210,8,7,1,0.875,wallet,network_error,2,53.54,12,2,ENTERPRISE,0,active,1
716.04,1545,6,5,1,0.8333,upi,insufficient_funds,3,88.08,20,0,STANDARD,0,none,1
3144.82,186,7,4,3,0.5714,card,invalid_account,3,15.35,2,2,STANDARD,0,none,0
1026.68,581,11,11,0,1.0,netbanking,network_error,3,158.71,2,6,PREMIUM,0,active,1
2718.85,402,5,3,2,0.6,upi,temporary_failure,3,37.61,5,3,STANDARD,1,none,1
5948.33,1417,5,5,0,1.0,upi,bank_decline,2,80.9,11,3,PREMIUM,1,active,1
1748.71,741,9,7,2,0.7778,card,fraud_suspected,2,58.57,5,4,PREMIUM,0,active,0
11364.59,36,11,9,2,0.8182,netbanking,temporary_failure,3,28.66,21,0,STANDARD,0,none,1
24782.07,414,8,7,1,0.875,upi,insufficient_funds,1,19.14,20,1,PREMIUM,2,active,1
46977.62,1139,10,10,0,1.0,upi,temporary_failure,2,12.81,18,6,STANDARD,0,none,1
1317.46,1382,15,10,5,0.6667,upi,insufficient_funds,3,17.97,3,5,PREMIUM,1,active,1
23738.66,1437,6,5,1,0.8333,card,temporary_failure,3,13.95,11,4,PREMIUM,1,active,1
6572.63,1212,8,7,1,0.875,card,insufficient_funds,1,4.2,10,1,STANDARD,0,none,0
3118.37,1160,11,8,3,0.7273,upi,network_error,2,29.44,3,3,STANDARD,2,none,1
2587.21,1704,14,13,1,0.9286,card,bank_decline,3,23.8,4,4,PREMIUM,0,active,1
2471.21,1456,15,14,1,0.9333,card,bank_decline,1,22.26,0,0,PREMIUM,0,active,1
1682.61,1414,14,10,4,0.7143,netbanking,fraud_suspected,3,53.8,8,0,ENTERPRISE,0,active,0
3073.93,914,3,3,0,1.0,upi,bank_decline,3,14.8,18,2,PREMIUM,2,active,1
6325.25,1426,11,6,5,0.5455,netbanking,network_error,3,48.49,15,3,STANDARD,3,none,0
2954.85,373,9,7,2,0.7778,upi,network_error,3,100.91,19,6,PREMIUM,1,active,1
5098.93,1168,11,6,5,0.5455,upi,bank_decline,1,34.25,0,1,STANDARD,3,none,1
7822.07,379,10,9,1,0.9,card,insufficient_funds,2,54.67,2,3,PREMIUM,1,active,0
3456.41,77,9,9,0,1.0,card,bank_decline,3,10.22,9,5,STANDARD,1,none,1
2695.04,335,8,4,4,0.5,upi,invalid_account,3,43.83,21,5,PREMIUM,0,active,0
4373.73,1239,7,4,3,0.5714,upi,insufficient_funds,2,16.34,11,0,STANDARD,0,none,1
8320.0,953,8,6,2,0.75,wallet,temporary_failure,3,5.78,23,0,STANDARD,0,none,1
3063.65,1321,7,7,0,1.0,upi,insufficient_funds,3,25.26,18,3,STANDARD,1,none,0
5253.33,1118,12,10,2,0.8333,card,insufficient_funds,3,21.85,15,4,STANDARD,2,none,0
5379.91,37,8,6,2,0.75,upi,temporary_failure,2,91.28,21,6,STANDARD,1,none,1
6772.61,183,12,8,4,0.6667,wallet,bank_timeout,2,93.62,6,0,STANDARD,3,none,0
4719.4,1492,9,8,1,0.8889,card,network_error,2,45.64,2,3,PREMIUM,0,active,1
4421.83,1520,8,4,4,0.5,card,bank_decline,1,38.62,20,6,PREMIUM,2,active,1
2980.25,296,9,4,5,0.4444,card,temporary_failure,1,30.41,16,2,STANDARD,1,none,1
2644.83,201,13,12,1,0.9231,upi,temporary_failure,2,28.32,0,2,STANDARD,1,none,1
12839.24,1215,6,3,3,0.5,wallet,insufficient_funds,3,20.45,4,5,STANDARD,3,none,0
3601.2,1412,12,8,4,0.6667,wallet,bank_decline,2,40.76,15,3,STANDARD,2,none,1
1277.3,648,10,9,1,0.9,upi,insufficient_funds,3,25.75,20,5,STANDARD,1,none,1
13595.67,1142,2,2,0,1.0,card,bank_decline,3,38.15,14,6,STANDARD,0,none,1
2697.13,1757,6,5,1,0.8333,card,network_error,2,38.7,8,0,STANDARD,0,none,1
3147.1,1253,9,6,3,0.6667,upi,insufficient_funds,3,39.28,14,4,STANDARD,1,none,0
2931.46,1295,9,6,3,0.6667,wallet,bank_decline,1,14.03,7,0,PREMIUM,0,active,1
4615.74,1209,5,2,3,0.4,upi,temporary_failure,1,11.72,0,4,STANDARD,0,none,1
8842.16,1401,7,5,2,0.7143,upi,bank_timeout,2,27.87,6,0,STANDARD,1,none,1
2084.71,926,6,5,1,0.8333,card,insufficient_funds,1,22.0,19,5,PREMIUM,1,active,1
3338.55,552,7,6,1,0.8571,upi,fraud_suspected,2,29.07,9,2,STANDARD,3,none,0
1903.96,1494,11,9,2,0.8182,upi,invalid_account,3,45.68,4,1,STANDARD,3,none,0
7121.57,769,5,5,0,1.0,card,temporary_failure,1,43.76,22,1,STANDARD,2,none,1
1618.56,1706,7,5,2,0.7143,card,bank_timeout,2,34.05,2,3,STANDARD,1,none,0
10173.81,1011,12,11,1,0.9167,card,insufficient_funds,2,4.28,23,0,STANDARD,3,none,0
4434.49,953,13,11,2,0.8462,netbanking,bank_decline,3,6.2,4,3,STANDARD,2,none,0
4735.22,794,8,4,4,0.5,card,invalid_account,2,24.75,6,2,PREMIUM,1,active,0
2103.42,296,11,9,2,0.8182,wallet,temporary_failure,1,13.42,20,3,PREMIUM,2,active,1
2608.02,1686,11,8,3,0.7273,upi,fraud_suspected,2,3.14,4,0,ENTERPRISE,2,active,0
3867.8,423,12,6,6,0.5,upi,insufficient_funds,2,30.25,4,4,PREMIUM,0,active,0
4249.22,1171,5,4,1,0.8,upi,network_error,2,11.64,3,4,PREMIUM,1,active,1
8048.57,398,6,6,0,1.0,card,bank_decline,3,45.17,15,6,STANDARD,4,none,1
11660.68,1379,9,5,4,0.5556,netbanking,temporary_failure,1,144.99,12,4,PREMIUM,1,active,1
8338.68,716,6,5,1,0.8333,card,bank_decline,1,24.45,3,5,STANDARD,0,none,1
2164.14,1338,7,6,1,0.8571,upi,fraud_suspected,2,25.15,8,2,STANDARD,1,none,0
16374.27,480,8,6,2,0.75,upi,fraud_suspected,3,76.4,14,4,STANDARD,0,none,0
6370.6,1697,10,8,2,0.8,upi,temporary_failure,2,25.54,18,2,PREMIUM,1,active,1
3402.82,1559,11,9,2,0.8182,card,bank_timeout,1,62.36,3,0,STANDARD,1,none,1
2169.2,164,11,7,4,0.6364,card,network_error,2,66.92,5,1,STANDARD,0,none,0
2221.26,1060,7,6,1,0.8571,upi,bank_decline,1,36.12,0,5,PREMIUM,1,active,0
8558.39,573,7,4,3,0.5714,netbanking,invalid_account,1,16.03,22,0,STANDARD,0,none,1
6456.0,1150,11,10,1,0.9091,wallet,insufficient_funds,2,75.19,16,5,STANDARD,0,none,0
2725.88,260,2,1,1,0.5,upi,temporary_failure,2,18.8,14,2,PREMIUM,1,active,1
6742.98,132,9,6,3,0.6667,upi,bank_decline,3,63.54,1,4,STANDARD,1,none,1
2452.54,367,8,7,1,0.875,card,network_error,3,17.54,6,0,PREMIUM,3,active,1
3785.0,965,7,5,2,0.7143,card,bank_decline,2,29.03,2,6,STANDARD,2,none,1
17247.78,621,7,5,2,0.7143,card,temporary_failure,2,33.86,5,3,STANDARD,1,none,0
1917.0,497,11,9,2,0.8182,upi,network_error,1,5.91,9,2,PREMIUM,2,active,0
4406.23,334,9,6,3,0.6667,card,invalid_account,1,75.62,22,6,STANDARD,0,none,1
5243.97,1181,8,6,2,0.75,upi,temporary_failure,2,15.76,5,3,PREMIUM,2,active,1
2764.56,1707,8,6,2,0.75,upi,invalid_account,3,27.41,14,5,STANDARD,0,none,1
6429.44,193,7,6,1,0.8571,wallet,invalid_account,1,120.89,5,0,PREMIUM,1,active,0
500.69,510,10,6,4,0.6,card,temporary_failure,3,26.99,23,6,PREMIUM,2,active,0
4168.06,620,7,5,2,0.7143,upi,network_error,2,59.29,9,6,STANDARD,2,none,1
6744.05,891,13,10,3,0.7692,upi,network_error,1,65.5,23,1,PREMIUM,0,active,1
2062.2,166,8,5,3,0.625,netbanking,invalid_account,2,29.95,20,0,PREMIUM,1,active,0
7977.96,1505,11,7,4,0.6364,netbanking,invalid_account,2,31.67,18,2,PREMIUM,1,active,0
2388.37,1441,14,13,1,0.9286,upi,temporary_failure,1,33.41,1,5,STANDARD,1,none,1
5574.3,229,12,11,1,0.9167,netbanking,bank_decline,3,53.3,7,5,STANDARD,2,none,0
1824.48,1558,8,7,1,0.875,upi,bank_decline,3,56.92,9,0,PREMIUM,2,active,0
1985.51,266,15,13,2,0.8667,card,network_error,1,40.49,16,2,STANDARD,0,none,1
1954.27,1102,13,12,1,0.9231,upi,invalid_account,2,23.57,2,5,STANDARD,1,none,1
1502.5,368,4,2,2,0.5,card,insufficient_funds,3,38.07,18,0,PREMIUM,3,active,0
1884.67,1432,15,12,3,0.8,upi,bank_timeout,1,40.54,7,5,STANDARD,4,none,0
8306.5,112,10,9,1,0.9,upi,temporary_failure,3,55.68,22,3,PREMIUM,0,active,1
7166.35,845,9,7,2,0.7778,upi,temporary_failure,1,46.1,1,5,PREMIUM,1,active,1
1309.99,1139,15,11,4,0.7333,card,fraud_suspected,3,29.91,5,6,STANDARD,1,none,0
9131.3,158,10,8,2,0.8,upi,network_error,1,2.47,8,6,STANDARD,0,none,1
12926.92,1594,10,4,6,0.4,upi,insufficient_funds,3,74.84,12,5,PREMIUM,1,active,0
5345.92,38,5,5,0,1.0,netbanking,temporary_failure,3,21.82,8,5,STANDARD,2,none,1
3344.6,1204,6,5,1,0.8333,upi,temporary_failure,1,39.8,13,2,STANDARD,0,none,1
1580.25,846,3,2,1,0.6667,card,network_error,3,44.05,16,0,STANDARD,0,none,1
19731.11,811,9,5,4,0.5556,upi,bank_decline,1,48.84,18,2,PREMIUM,0,active,1
2063.28,133,12,8,4,0.6667,upi,insufficient_funds,3,3.88,16,1,STANDARD,2,none,0
2946.93,1692,15,10,5,0.6667,upi,invalid_account,3,31.76,10,0,STANDARD,1,none,1
703.73,1361,7,3,4,0.4286,card,insufficient_funds,1,27.37,20,3,STANDARD,2,none,0
9950.64,1199,3,2,1,0.6667,upi,bank_decline,2,5.43,2,4,STANDARD,0,none,0
2293.94,861,8,7,1,0.875,card,bank_decline,1,13.71,1,2,STANDARD,0,none,0
764.65,1352,7,6,1,0.8571,upi,temporary_failure,1,160.59,0,0,STANDARD,2,none,1
2358.87,523,6,3,3,0.5,netbanking,bank_timeout,1,31.32,17,5,ENTERPRISE,0,active,1
6551.51,1093,17,13,4,0.7647,wallet,insufficient_funds,1,76.8,21,3,STANDARD,1,none,0
4728.5,349,14,11,3,0.7857,wallet,insufficient_funds,2,8.81,20,0,PREMIUM,3,active,0
4079.49,231,8,7,1,0.875,card,bank_decline,2,37.25,4,6,PREMIUM,0,active,1
6514.65,366,6,4,2,0.6667,card,insufficient_funds,3,35.58,4,2,STANDARD,3,none,0
4867.46,719,12,8,4,0.6667,upi,insufficient_funds,2,14.32,3,4,STANDARD,1,none,0
9588.9,1458,6,5,1,0.8333,upi,bank_decline,2,51.32,6,4,PREMIUM,1,active,0
8867.78,788,11,9,2,0.8182,card,temporary_failure,3,33.88,6,4,ENTERPRISE,0,active,1
2069.32,891,7,7,0,1.0,netbanking,temporary_failure,3,40.88,8,2,PREMIUM,0,active,1
9313.8,359,5,3,2,0.6,upi,insufficient_funds,2,78.03,7,0,PREMIUM,1,active,0
2944.77,955,8,8,0,1.0,upi,bank_timeout,2,14.23,15,6,STANDARD,1,none,1
5039.78,202,12,10,2,0.8333,card,bank_decline,2,20.58,7,0,PREMIUM,1,active,1
3181.89,1108,6,4,2,0.6667,card,bank_timeout,3,23.39,0,1,ENTERPRISE,2,active,1
16628.38,585,9,7,2,0.7778,upi,fraud_suspected,3,26.91,0,3,STANDARD,3,none,0
1317.23,454,12,9,3,0.75,upi,bank_timeout,1,56.17,11,6,STANDARD,1,none,1
6055.27,955,9,9,0,1.0,upi,temporary_failure,3,35.56,10,6,PREMIUM,0,active,1
5115.22,727,8,3,5,0.375,upi,bank_timeout,3,20.47,19,2,STANDARD,1,none,0
4521.84,1007,14,11,3,0.7857,upi,bank_decline,3,58.23,21,2,STANDARD,0,none,0
1395.16,145,10,9,1,0.9,upi,temporary_failure,2,63.05,18,0,PREMIUM,1,active,1
1463.54,1714,10,7,3,0.7,card,bank_timeout,1,56.21,23,3,STANDARD,0,none,1
4875.15,1195,7,4,3,0.5714,upi,bank_timeout,2,62.35,5,4,STANDARD,0,none,0
1595.83,1488,10,4,6,0.4,upi,fraud_suspected,3,21.22,17,2,STANDARD,0,none,0
20685.13,1233,9,7,2,0.7778,card,temporary_failure,2,39.12,0,6,STANDARD,1,none,0
5531.65,716,11,8,3,0.7273,netbanking,temporary_failure,2,7.92,14,1,PREMIUM,1,active,1
8655.04,557,15,9,6,0.6,wallet,insufficient_funds,2,43.44,11,4,STANDARD,1,none,1
1643.58,1257,6,5,1,0.8333,netbanking,invalid_account,3,32.34,4,1,STANDARD,0,none,0
7777.54,1652,8,7,1,0.875,upi,bank_timeout,3,33.61,2,0,STANDARD,1,none,1
17264.08,660,9,8,1,0.8889,upi,bank_decline,3,45.54,4,4,STANDARD,0,none,1
4907.37,1040,10,7,3,0.7,upi,network_error,1,47.47,7,3,STANDARD,0,none,0
7588.43,1259,8,7,1,0.875,upi,temporary_failure,1,26.86,21,0,PREMIUM,0,active,1
4202.24,1170,7,6,1,0.8571,upi,bank_decline,3,34.64,4,5,STANDARD,1,none,0
2352.2,1459,12,10,2,0.8333,upi,bank_timeout,3,24.67,12,3,STANDARD,1,none,1
4406.55,365,8,8,0,1.0,upi,bank_decline,3,49.55,15,2,STANDARD,0,none,1
8602.59,630,7,7,0,1.0,netbanking,invalid_account,3,23.08,21,2,STANDARD,1,none,0
2686.48,688,13,9,4,0.6923,upi,bank_timeout,3,52.15,11,2,STANDARD,1,none,1
11134.38,1175,10,9,1,0.9,netbanking,temporary_failure,3,17.88,1,1,STANDARD,0,none,1
2666.69,887,14,12,2,0.8571,upi,bank_decline,3,61.85,6,6,ENTERPRISE,0,active,1
3806.23,1001,4,4,0,1.0,card,network_error,2,11.31,21,3,STANDARD,0,none,1
4922.4,1399,5,4,1,0.8,card,bank_decline,2,7.82,1,5,STANDARD,0,none,1
1651.08,674,7,7,0,1.0,wallet,insufficient_funds,3,58.27,16,2,PREMIUM,0,active,1
1127.51,735,14,13,1,0.9286,netbanking,bank_decline,2,24.58,0,1,STANDARD,2,none,1
5555.13,1583,7,7,0,1.0,wallet,insufficient_funds,2,17.42,5,0,PREMIUM,0,active,1
8076.17,753,8,7,1,0.875,card,bank_timeout,3,24.14,6,1,STANDARD,2,none,1
2599.51,973,3,2,1,0.6667,netbanking,insufficient_funds,2,59.3,20,4,ENTERPRISE,1,active,0
4729.88,1065,9,9,0,1.0,netbanking,bank_decline,3,31.14,1,1,STANDARD,2,none,0
983.27,1067,6,6,0,1.0,upi,network_error,2,56.41,2,2,PREMIUM,1,active,1
1181.94,649,8,6,2,0.75,upi,invalid_account,3,34.28,12,6,STANDARD,3,none,0
1484.07,693,13,11,2,0.8462,card,bank_timeout,3,2.47,17,4,STANDARD,0,none,1
3104.35,1381,12,8,4,0.6667,wallet,bank_decline,1,9.33,23,0,STANDARD,1,none,0
3057.52,327,9,5,4,0.5556,upi,temporary_failure,3,12.11,4,5,PREMIUM,2,active,1
5612.57,823,10,4,6,0.4,card,temporary_failure,1,55.88,16,2,PREMIUM,1,active,0
1606.44,1486,8,8,0,1.0,card,temporary_failure,2,22.3,0,0,STANDARD,0,none,1
24118.49,1694,7,5,2,0.7143,card,bank_timeout,2,40.28,14,2,STANDARD,0,none,1
3644.89,888,6,5,1,0.8333,wallet,fraud_suspected,1,56.2,1,4,STANDARD,3,none,0
5455.97,684,11,9,2,0.8182,upi,invalid_account,3,27.45,19,2,STANDARD,1,none,0
21543.29,807,9,8,1,0.8889,netbanking,bank_decline,2,23.82,2,1,STANDARD,0,none,1
2884.72,1709,5,5,0,1.0,upi,temporary_failure,1,28.43,18,0,ENTERPRISE,1,active,1
1298.25,1021,8,8,0,1.0,upi,fraud_suspected,2,36.8,1,2,PREMIUM,4,active,0
1219.13,1212,6,4,2,0.6667,card,insufficient_funds,3,60.89,22,5,STANDARD,1,none,1
19767.88,1543,8,5,3,0.625,upi,bank_timeout,2,25.89,2,1,STANDARD,0,none,1
2348.15,577,8,7,1,0.875,upi,insufficient_funds,2,13.27,2,5,STANDARD,2,none,0
2081.9,974,11,8,3,0.7273,wallet,bank_timeout,3,74.95,1,5,PREMIUM,0,active,1
4332.06,430,6,4,2,0.6667,upi,insufficient_funds,1,34.14,18,2,STANDARD,1,none,1
5372.44,260,14,10,4,0.7143,upi,temporary_failure,1,10.62,8,0,STANDARD,0,none,1
17465.46,1139,1,1,0,1.0,netbanking,bank_timeout,1,46.41,22,1,STANDARD,1,none,1
3264.7,1785,8,5,3,0.625,upi,bank_decline,2,9.41,13,1,STANDARD,4,none,0
6119.5,1549,14,12,2,0.8571,card,network_error,3,40.21,0,6,PREMIUM,1,active,1
2851.1,150,16,12,4,0.75,card,network_error,2,48.35,12,4,STANDARD,0,none,1
5350.57,520,7,5,2,0.7143,upi,temporary_failure,1,4.45,0,5,STANDARD,2,none,1
5067.1,576,9,8,1,0.8889,card,bank_timeout,1,35.01,10,4,STANDARD,1,none,1
4362.34,827,8,7,1,0.875,wallet,bank_decline,2,39.6,4,4,STANDARD,0,none,1
20655.37,1521,10,8,2,0.8,upi,network_error,1,23.47,11,5,STANDARD,0,none,1
14121.25,1492,6,6,0,1.0,card,bank_timeout,3,47.85,22,2,STANDARD,2,none,0
1619.29,127,8,6,2,0.75,netbanking,bank_timeout,3,23.9,19,6,PREMIUM,1,active,1
3330.5,298,9,6,3,0.6667,upi,bank_timeout,1,18.35,18,3,STANDARD,1,none,0
1846.86,741,14,12,2,0.8571,upi,bank_timeout,1,34.03,16,1,STANDARD,3,none,1
15247.04,1037,5,4,1,0.8,upi,temporary_failure,1,64.97,5,2,PREMIUM,0,active,1
1835.45,1704,7,7,0,1.0,upi,insufficient_funds,2,64.22,20,6,STANDARD,3,none,1
11093.05,1069,7,5,2,0.7143,card,network_error,1,28.86,21,5,STANDARD,3,none,1
12451.39,760,8,7,1,0.875,card,bank_decline,3,91.99,23,5,PREMIUM,2,active,1
1457.42,751,9,9,0,1.0,card,temporary_failure,1,34.66,4,3,STANDARD,3,none,1
993.9,555,7,6,1,0.8571,card,bank_timeout,3,93.89,8,4,STANDARD,1,none,1
770.34,1592,9,8,1,0.8889,upi,temporary_failure,2,83.3,0,1,ENTERPRISE,2,active,1
8805.65,202,16,11,5,0.6875,upi,insufficient_funds,2,21.36,2,1,STANDARD,0,none,1
6876.82,1509,9,8,1,0.8889,card,network_error,1,42.96,10,3,STANDARD,1,none,1
5988.06,1739,12,9,3,0.75,card,network_error,3,78.93,1,5,STANDARD,2,none,1
10647.95,527,8,6,2,0.75,card,temporary_failure,1,10.07,3,3,STANDARD,2,none,1
2309.2,1026,10,8,2,0.8,card,temporary_failure,1,38.05,10,5,STANDARD,2,none,1
3425.19,176,7,4,3,0.5714,card,network_error,3,55.03,7,1,STANDARD,2,none,0
29374.61,137,8,5,3,0.625,wallet,insufficient_funds,2,46.08,0,4,ENTERPRISE,1,active,1
5929.35,859,7,4,3,0.5714,upi,network_error,2,86.69,21,4,STANDARD,2,none,0
952.22,1297,8,6,2,0.75,upi,insufficient_funds,1,13.14,6,1,PREMIUM,1,active,1
8432.12,1280,13,8,5,0.6154,upi,temporary_failure,2,87.32,5,3,STANDARD,1,none,1
16275.63,1185,12,10,2,0.8333,upi,bank_decline,1,29.68,2,3,STANDARD,2,none,1
1953.54,1788,6,6,0,1.0,upi,insufficient_funds,2,43.69,6,2,STANDARD,1,none,0
12173.43,1309,5,4,1,0.8,upi,bank_decline,2,17.0,4,4,STANDARD,1,none,1
4095.8,1177,8,6,2,0.75,netbanking,temporary_failure,3,62.3,1,4,STANDARD,1,none,1
2755.04,554,10,6,4,0.6,upi,insufficient_funds,3,6.69,4,0,PREMIUM,1,active,0
2638.19,1358,9,8,1,0.8889,upi,bank_decline,3,27.62,14,0,PREMIUM,0,active,1
5229.08,802,9,5,4,0.5556,card,bank_timeout,2,22.13,8,4,STANDARD,0,none,0
2045.67,298,11,11,0,1.0,card,bank_decline,2,40.22,10,0,PREMIUM,0,active,1
3017.53,1369,12,9,3,0.75,upi,invalid_account,2,35.52,1,0,STANDARD,2,none,0
8947.76,773,12,8,4,0.6667,upi,network_error,3,38.44,21,6,STANDARD,3,none,0
5529.27,935,6,4,2,0.6667,card,network_error,1,55.12,11,3,STANDARD,0,none,1
6591.69,7,10,8,2,0.8,upi,temporary_failure,3,18.39,19,3,PREMIUM,1,active,1
2275.78,1241,9,8,1,0.8889,wallet,bank_decline,3,43.66,9,3,STANDARD,1,none,1
3394.62,1675,6,4,2,0.6667,wallet,bank_decline,1,69.27,14,0,STANDARD,1,none,0
6657.58,1281,8,8,0,1.0,upi,temporary_failure,3,58.87,15,5,PREMIUM,1,active,1
4994.02,1038,9,7,2,0.7778,upi,bank_decline,1,29.67,13,2,STANDARD,0,none,1
8206.62,1096,12,8,4,0.6667,upi,bank_decline,2,29.24,10,6,PREMIUM,1,active,0
4543.95,490,10,8,2,0.8,card,insufficient_funds,2,68.68,22,5,PREMIUM,3,active,1
1448.44,1504,6,5,1,0.8333,upi,invalid_account,1,36.73,5,3,STANDARD,1,none,1
5636.87,1376,4,3,1,0.75,upi,bank_timeout,2,70.01,0,2,ENTERPRISE,1,active,1
1365.71,280,9,8,1,0.8889,card,bank_timeout,3,38.31,21,3,PREMIUM,1,active,0
3671.02,930,14,12,2,0.8571,upi,insufficient_funds,1,19.81,10,3,STANDARD,0,none,1
12974.43,1239,9,4,5,0.4444,card,insufficient_funds,2,10.73,4,2,PREMIUM,1,active,0
3037.88,1191,8,6,2,0.75,netbanking,network_error,2,62.94,20,6,STANDARD,1,none,1
1769.22,1744,17,12,5,0.7059,upi,bank_decline,2,6.82,11,4,STANDARD,1,none,0
4666.57,673,11,9,2,0.8182,netbanking,network_error,3,19.84,15,1,PREMIUM,4,active,1
6771.49,705,5,4,1,0.8,upi,temporary_failure,1,84.8,15,5,STANDARD,1,none,1
2392.39,740,8,6,2,0.75,netbanking,insufficient_funds,1,13.42,23,4,PREMIUM,1,active,1
4889.32,921,4,3,1,0.75,card,invalid_account,3,18.09,22,5,STANDARD,0,none,0
7210.38,1500,7,7,0,1.0,netbanking,invalid_account,3,51.08,0,5,STANDARD,0,none,0
996.4,1345,13,7,6,0.5385,upi,temporary_failure,1,39.06,16,0,STANDARD,0,none,1
4958.42,633,9,8,1,0.8889,card,bank_decline,3,28.55,4,1,STANDARD,0,none,1
3881.08,630,11,8,3,0.7273,netbanking,network_error,1,49.52,9,1,STANDARD,3,none,1
2112.82,905,9,5,4,0.5556,upi,temporary_failure,1,34.55,9,0,STANDARD,0,none,1
7253.1,1547,7,6,1,0.8571,upi,bank_decline,2,3.59,14,4,STANDARD,1,none,1
18649.55,247,8,4,4,0.5,upi,temporary_failure,2,20.81,9,2,PREMIUM,0,active,1
1714.08,1657,9,8,1,0.8889,upi,insufficient_funds,2,16.59,5,2,ENTERPRISE,2,active,0
7551.66,254,8,8,0,1.0,netbanking,temporary_failure,1,39.86,17,3,STANDARD,1,none,1
721.87,736,13,10,3,0.7692,wallet,insufficient_funds,3,29.25,12,4,STANDARD,0,none,1
962.43,1566,9,7,2,0.7778,upi,temporary_failure,1,73.27,6,3,STANDARD,0,none,1
4876.61,1294,12,11,1,0.9167,upi,temporary_failure,1,7.13,10,4,ENTERPRISE,0,active,1
648.02,1751,7,7,0,1.0,card,bank_decline,2,71.72,22,5,STANDARD,2,none,1
3002.58,1028,11,10,1,0.9091,card,bank_decline,3,16.2,13,4,STANDARD,0,none,1
2830.46,132,8,5,3,0.625,wallet,insufficient_funds,1,112.42,17,4,STANDARD,2,none,1
8938.24,392,7,3,4,0.4286,upi,bank_timeout,2,55.83,1,0,STANDARD,3,none,1
887.05,498,10,9,1,0.9,upi,fraud_suspected,1,34.93,8,6,STANDARD,0,none,0
3198.35,1734,6,2,4,0.3333,upi,insufficient_funds,2,27.35,8,4,PREMIUM,1,active,0
3298.18,1569,11,9,2,0.8182,card,bank_timeout,1,54.17,10,0,STANDARD,0,none,1
1610.16,544,6,4,2,0.6667,upi,bank_decline,1,58.97,14,5,STANDARD,0,none,0
2218.45,625,8,6,2,0.75,upi,insufficient_funds,2,47.35,23,1,STANDARD,0,none,0
3524.35,602,8,6,2,0.75,card,invalid_account,1,7.42,13,1,PREMIUM,0,active,0
17226.82,1182,7,4,3,0.5714,card,bank_decline,1,64.4,3,4,PREMIUM,1,active,1
1869.67,1525,11,9,2,0.8182,upi,bank_decline,2,50.1,14,2,STANDARD,0,none,0
2763.32,182,7,3,4,0.4286,card,insufficient_funds,2,10.24,20,0,PREMIUM,0,active,0
17050.25,1499,9,9,0,1.0,upi,bank_decline,3,66.05,8,6,STANDARD,1,none,1
4359.88,51,8,8,0,1.0,card,bank_decline,3,40.5,22,4,STANDARD,1,none,1
3007.47,432,8,6,2,0.75,upi,bank_timeout,2,72.79,12,1,STANDARD,2,none,1
12477.71,1149,13,13,0,1.0,card,bank_timeout,1,21.37,13,6,STANDARD,0,none,0
1286.92,934,5,3,2,0.6,upi,insufficient_funds,2,50.19,8,5,STANDARD,0,none,1
7359.56,1212,13,11,2,0.8462,upi,network_error,1,54.0,9,3,STANDARD,2,none,1
624.92,1611,11,8,3,0.7273,card,invalid_account,3,39.63,21,0,PREMIUM,0,active,0
1156.0,733,9,8,1,0.8889,card,insufficient_funds,2,43.02,5,2,PREMIUM,1,active,1
6094.39,1356,6,5,1,0.8333,card,temporary_failure,2,28.48,3,6,PREMIUM,1,active,1
1798.79,389,7,5,2,0.7143,netbanking,invalid_account,2,28.8,12,2,STANDARD,1,none,0
2687.4,1031,10,9,1,0.9,wallet,network_error,3,3.84,22,6,STANDARD,2,none,1
1910.4,1305,15,12,3,0.8,upi,bank_decline,1,18.26,8,4,STANDARD,1,none,0
4294.96,456,17,16,1,0.9412,netbanking,temporary_failure,1,32.63,7,3,ENTERPRISE,0,active,1
18428.19,1661,10,6,4,0.6,card,invalid_account,3,44.42,16,3,STANDARD,1,none,0
756.96,247,11,8,3,0.7273,card,temporary_failure,2,38.55,17,1,PREMIUM,3,active,1
1832.12,1273,11,8,3,0.7273,upi,temporary_failure,3,56.81,16,3,STANDARD,1,none,0
4099.3,178,6,3,3,0.5,upi,network_error,1,15.53,16,3,STANDARD,0,none,1
2030.12,361,7,6,1,0.8571,card,invalid_account,2,155.96,14,2,STANDARD,0,none,0
4981.08,829,7,6,1,0.8571,netbanking,insufficient_funds,3,26.51,9,5,PREMIUM,3,active,0
8300.16,768,8,5,3,0.625,card,temporary_failure,3,31.55,7,2,PREMIUM,1,active,1
2132.17,965,10,9,1,0.9,netbanking,fraud_suspected,1,81.23,10,2,PREMIUM,1,active,0
1487.06,99,8,6,2,0.75,card,network_error,3,47.74,13,4,STANDARD,1,none,1
10194.46,950,8,6,2,0.75,wallet,insufficient_funds,2,39.31,4,0,STANDARD,1,none,0
6569.0,864,7,6,1,0.8571,upi,temporary_failure,2,21.04,17,4,PREMIUM,1,active,1
6252.28,435,6,5,1,0.8333,card,bank_decline,1,66.9,7,5,PREMIUM,3,active,0
4244.93,967,6,2,4,0.3333,upi,bank_decline,3,55.37,11,0,STANDARD,2,none,0
10460.87,856,3,2,1,0.6667,netbanking,insufficient_funds,3,62.4,1,1,STANDARD,1,none,0
2082.72,22,10,9,1,0.9,upi,bank_timeout,2,22.14,0,1,STANDARD,5,none,1
6187.88,1474,10,8,2,0.8,upi,bank_decline,1,72.49,19,1,PREMIUM,2,active,1
11037.5,1760,5,4,1,0.8,upi,temporary_failure,3,22.72,0,3,STANDARD,3,none,1
7637.42,711,12,10,2,0.8333,card,bank_decline,1,31.09,11,2,STANDARD,1,none,1
7945.34,985,4,4,0,1.0,upi,invalid_account,3,26.65,13,4,PREMIUM,2,active,1
2189.26,1091,7,7,0,1.0,netbanking,insufficient_funds,3,56.9,6,4,STANDARD,1,none,1
4328.31,1341,17,13,4,0.7647,upi,network_error,1,21.53,4,2,STANDARD,2,none,0
920.08,812,7,6,1,0.8571,upi,network_error,1,47.25,20,2,STANDARD,0,none,0
2551.41,311,8,6,2,0.75,upi,bank_timeout,1,39.34,22,1,PREMIUM,0,active,1
4240.34,1200,13,9,4,0.6923,card,bank_decline,2,66.91,13,5,STANDARD,2,none,0
5435.91,1276,5,2,3,0.4,upi,temporary_failure,2,25.34,8,6,STANDARD,3,none,0
6710.95,695,12,9,3,0.75,upi,temporary_failure,3,5.93,17,3,STANDARD,1,none,1
5358.27,1306,7,6,1,0.8571,upi,fraud_suspected,1,33.76,14,1,STANDARD,0,none,1
3635.84,1644,9,6,3,0.6667,upi,bank_timeout,1,62.49,20,1,STANDARD,0,none,1
1240.78,808,10,7,3,0.7,card,bank_decline,3,56.02,10,3,PREMIUM,1,active,0
3427.53,126,4,3,1,0.75,card,insufficient_funds,1,29.02,1,4,STANDARD,1,none,1
3799.1,785,8,7,1,0.875,upi,bank_decline,2,27.31,22,5,STANDARD,0,none,0
574.06,216,9,8,1,0.8889,upi,temporary_failure,2,10.46,22,4,STANDARD,1,none,1
14965.42,233,8,7,1,0.875,netbanking,bank_decline,3,18.25,1,0,STANDARD,0,none,1
14291.45,808,5,5,0,1.0,upi,invalid_account,2,43.05,4,6,STANDARD,1,none,0
3341.72,1483,8,6,2,0.75,upi,temporary_failure,2,14.93,21,6,STANDARD,0,none,1
5106.52,433,7,6,1,0.8571,upi,insufficient_funds,1,22.83,19,4,STANDARD,0,none,1
7351.38,568,13,7,6,0.5385,upi,bank_decline,2,39.45,7,0,STANDARD,2,none,0
10105.72,138,8,6,2,0.75,card,insufficient_funds,3,53.91,23,6,STANDARD,2,none,0
21355.82,1232,7,5,2,0.7143,card,temporary_failure,2,22.63,7,6,PREMIUM,0,active,1
13921.27,1771,11,10,1,0.9091,card,temporary_failure,2,20.62,2,1,STANDARD,1,none,1
5328.45,1226,11,9,2,0.8182,wallet,network_error,1,47.35,13,4,STANDARD,2,none,1
3169.87,1252,10,9,1,0.9,netbanking,insufficient_funds,1,35.97,13,2,STANDARD,1,none,0
9569.41,394,11,10,1,0.9091,netbanking,bank_decline,2,8.34,8,4,STANDARD,0,none,1
4929.79,615,9,7,2,0.7778,upi,insufficient_funds,1,12.57,16,4,STANDARD,0,none,1
3551.54,120,11,7,4,0.6364,upi,insufficient_funds,2,9.21,12,4,ENTERPRISE,0,active,0
604.5,1663,12,11,1,0.9167,upi,bank_timeout,3,23.45,1,0,ENTERPRISE,0,active,0
1620.78,517,8,7,1,0.875,card,temporary_failure,1,16.19,1,2,PREMIUM,1,active,1
15574.13,67,14,11,3,0.7857,upi,invalid_account,1,87.84,19,1,PREMIUM,2,active,0
5153.2,59,9,7,2,0.7778,upi,temporary_failure,1,39.45,19,2,PREMIUM,1,active,1
3421.19,402,7,4,3,0.5714,upi,insufficient_funds,2,60.96,23,3,STANDARD,0,none,0
2235.65,41,11,6,5,0.5455,card,invalid_account,3,9.47,18,0,ENTERPRISE,1,active,0
4343.46,1522,10,9,1,0.9,card,temporary_failure,1,24.92,2,6,PREMIUM,0,active,1
2641.46,1244,7,7,0,1.0,card,bank_timeout,3,12.0,22,1,STANDARD,3,none,1
7232.97,1456,9,7,2,0.7778,upi,temporary_failure,1,26.6,19,6,PREMIUM,2,active,0
2033.23,253,18,15,3,0.8333,netbanking,bank_decline,1,67.51,1,1,STANDARD,0,none,0
2529.99,243,9,7,2,0.7778,netbanking,insufficient_funds,3,43.33,6,2,STANDARD,1,none,0
1035.79,1793,9,8,1,0.8889,upi,bank_timeout,3,33.89,15,6,PREMIUM,3,active,0
2320.23,1158,5,5,0,1.0,card,bank_decline,3,26.61,1,1,STANDARD,0,none,1
2392.62,521,6,5,1,0.8333,wallet,fraud_suspected,3,30.47,2,6,PREMIUM,1,active,0
2605.43,35,11,7,4,0.6364,upi,bank_decline,1,19.84,3,4,PREMIUM,3,active,1
9041.06,262,7,5,2,0.7143,card,fraud_suspected,1,54.31,20,2,STANDARD,1,none,0
2275.88,262,17,14,3,0.8235,upi,bank_timeout,1,51.27,16,6,STANDARD,1,none,1
13350.4,1454,7,5,2,0.7143,netbanking,network_error,1,60.68,10,4,STANDARD,1,none,0
5201.27,831,5,4,1,0.8,card,temporary_failure,1,20.01,23,2,PREMIUM,0,active,1
5349.85,142,3,2,1,0.6667,netbanking,bank_decline,2,4.16,16,2,STANDARD,0,none,1
2522.71,290,11,8,3,0.7273,upi,fraud_suspected,1,34.66,14,4,PREMIUM,0,active,1
3059.95,445,11,11,0,1.0,upi,bank_timeout,3,60.49,10,0,PREMIUM,1,active,0
6622.01,366,9,7,2,0.7778,netbanking,network_error,3,37.75,11,0,STANDARD,1,none,0
2130.97,775,5,4,1,0.8,upi,temporary_failure,3,50.66,13,5,STANDARD,1,none,0
17803.63,760,6,4,2,0.6667,wallet,bank_decline,1,27.83,8,0,STANDARD,1,none,1
4070.29,1111,10,9,1,0.9,card,network_error,2,40.6,4,4,PREMIUM,0,active,1
4909.33,239,9,7,2,0.7778,upi,temporary_failure,2,15.3,16,0,PREMIUM,2,active,1
3126.81,1657,14,8,6,0.5714,wallet,bank_timeout,2,28.87,0,4,STANDARD,0,none,1
6962.1,284,9,6,3,0.6667,upi,bank_timeout,1,21.16,17,3,STANDARD,2,none,1
12103.53,917,16,10,6,0.625,upi,bank_decline,1,52.72,9,0,STANDARD,1,none,0
10285.02,1225,8,5,3,0.625,netbanking,bank_decline,2,68.58,11,1,STANDARD,1,none,0
3201.58,297,16,13,3,0.8125,card,bank_decline,3,39.19,10,0,ENTERPRISE,1,active,1
11081.34,892,8,5,3,0.625,netbanking,bank_decline,1,22.77,16,4,STANDARD,0,none,0
1647.21,1492,8,8,0,1.0,netbanking,temporary_failure,1,23.36,0,2,PREMIUM,0,active,1
2401.9,705,16,11,5,0.6875,wallet,bank_decline,2,28.58,8,3,ENTERPRISE,3,active,0
6480.95,1242,9,7,2,0.7778,card,insufficient_funds,2,54.09,18,0,STANDARD,0,none,1
16642.27,1258,12,7,5,0.5833,upi,insufficient_funds,2,5.06,10,6,STANDARD,3,none,0
2164.84,190,6,6,0,1.0,upi,insufficient_funds,3,59.86,18,3,PREMIUM,1,active,1
2610.79,365,11,9,2,0.8182,upi,insufficient_funds,2,51.45,13,4,STANDARD,0,none,0
3171.46,110,10,6,4,0.6,netbanking,bank_decline,1,57.95,5,3,PREMIUM,2,active,0
16963.05,739,6,2,4,0.3333,wallet,network_error,2,26.29,20,4,STANDARD,1,none,0
1972.83,395,12,10,2,0.8333,card,network_error,3,47.21,7,3,PREMIUM,0,active,1
3584.35,877,9,7,2,0.7778,card,temporary_failure,3,6.12,4,2,STANDARD,3,none,0
9275.88,354,12,11,1,0.9167,card,invalid_account,1,62.03,13,4,STANDARD,0,none,0
1859.93,332,4,4,0,1.0,card,network_error,3,30.58,12,2,STANDARD,0,none,0
6792.13,1095,9,8,1,0.8889,upi,fraud_suspected,2,26.33,16,0,PREMIUM,1,active,0
14096.96,312,5,5,0,1.0,upi,bank_decline,3,76.64,5,1,STANDARD,0,none,1
587.9,1243,8,7,1,0.875,upi,bank_decline,3,20.75,13,1,STANDARD,0,none,1
7955.44,1047,14,14,0,1.0,upi,temporary_failure,2,45.08,14,2,STANDARD,0,none,1
21017.17,972,10,7,3,0.7,upi,insufficient_funds,2,19.43,17,4,STANDARD,0,none,0
5226.96,1254,7,6,1,0.8571,card,temporary_failure,1,32.8,12,5,STANDARD,0,none,1
3544.4,102,12,7,5,0.5833,netbanking,temporary_failure,3,13.35,5,5,STANDARD,1,none,0
3575.46,909,9,7,2,0.7778,upi,fraud_suspected,3,83.07,4,3,STANDARD,2,none,0
1021.48,1650,9,8,1,0.8889,upi,network_error,2,27.66,17,1,STANDARD,0,none,1
13931.1,626,10,6,4,0.6,wallet,bank_decline,1,23.96,4,1,STANDARD,2,none,1
2736.81,1101,10,7,3,0.7,upi,insufficient_funds,1,19.71,7,4,STANDARD,2,none,0
8364.61,297,9,9,0,1.0,netbanking,network_error,2,28.53,18,0,STANDARD,1,none,1
10315.61,754,8,7,1,0.875,wallet,invalid_account,3,16.88,13,5,PREMIUM,2,active,0
2992.77,1215,5,3,2,0.6,card,bank_decline,1,49.44,3,0,PREMIUM,1,active,0
2355.27,863,12,9,3,0.75,upi,bank_decline,1,11.26,13,0,PREMIUM,2,active,0
6221.24,174,7,5,2,0.7143,netbanking,fraud_suspected,3,44.07,17,4,STANDARD,1,none,0
15924.6,1082,12,10,2,0.8333,card,bank_timeout,1,58.93,22,5,STANDARD,0,none,0
5831.65,1553,9,8,1,0.8889,upi,network_error,1,35.97,0,1,PREMIUM,0,active,0
1653.14,108,10,5,5,0.5,card,bank_decline,2,45.85,0,6,STANDARD,0,none,0
2378.22,1313,13,10,3,0.7692,netbanking,bank_timeout,3,21.43,10,5,STANDARD,1,none,0
8392.29,1689,6,4,2,0.6667,card,fraud_suspected,1,64.64,8,3,STANDARD,1,none,1
4993.46,955,8,6,2,0.75,netbanking,temporary_failure,1,17.8,18,2,ENTERPRISE,2,active,1
1726.15,1707,6,3,3,0.5,netbanking,insufficient_funds,3,53.98,10,2,PREMIUM,3,active,0
9771.54,531,11,11,0,1.0,upi,temporary_failure,3,81.82,12,0,STANDARD,0,none,1
3087.03,582,9,7,2,0.7778,card,fraud_suspected,1,63.42,12,5,STANDARD,1,none,0
5306.99,387,16,14,2,0.875,card,bank_timeout,1,40.35,22,2,STANDARD,2,none,0
1290.6,1167,9,9,0,1.0,netbanking,invalid_account,3,35.59,23,6,STANDARD,0,none,0
4787.34,655,10,8,2,0.8,upi,bank_timeout,1,18.32,2,2,PREMIUM,1,active,0
2044.92,328,12,10,2,0.8333,netbanking,bank_decline,1,34.71,7,2,PREMIUM,1,active,1
2983.92,906,4,4,0,1.0,upi,network_error,1,70.21,7,5,STANDARD,1,none,1
2972.47,194,7,4,3,0.5714,netbanking,network_error,1,10.74,0,3,STANDARD,0,none,0
1977.49,1073,8,8,0,1.0,upi,bank_decline,1,87.19,8,6,STANDARD,2,none,0
5740.32,1654,8,4,4,0.5,upi,temporary_failure,3,67.82,14,5,STANDARD,1,none,0
2250.38,735,4,3,1,0.75,netbanking,temporary_failure,3,27.26,11,0,STANDARD,0,none,1
4677.85,1523,5,5,0,1.0,upi,temporary_failure,1,40.32,14,6,PREMIUM,1,active,1
4690.98,952,8,5,3,0.625,card,insufficient_funds,3,9.8,0,6,STANDARD,2,none,0
6069.48,953,8,7,1,0.875,card,bank_timeout,1,38.03,10,1,PREMIUM,0,active,1
2280.49,1617,10,7,3,0.7,card,invalid_account,1,53.58,19,5,STANDARD,0,none,0
1995.97,1204,13,10,3,0.7692,card,bank_timeout,1,70.23,18,4,STANDARD,1,none,1
3196.38,142,12,10,2,0.8333,netbanking,bank_decline,3,82.02,10,1,PREMIUM,0,active,0
8706.04,1175,4,3,1,0.75,upi,network_error,1,21.7,11,2,STANDARD,2,none,1
2317.85,1732,14,10,4,0.7143,card,insufficient_funds,2,101.23,6,0,STANDARD,0,none,0
9472.42,939,9,7,2,0.7778,upi,insufficient_funds,2,54.49,12,4,PREMIUM,1,active,1
2948.02,657,8,7,1,0.875,upi,bank_decline,3,11.77,15,2,STANDARD,0,none,1
2130.44,1404,12,9,3,0.75,upi,bank_decline,2,49.15,20,2,PREMIUM,1,active,1
6369.26,538,10,9,1,0.9,upi,network_error,2,41.64,9,5,PREMIUM,0,active,0
2113.91,276,10,9,1,0.9,upi,insufficient_funds,3,35.91,10,1,STANDARD,1,none,1
1720.45,749,8,7,1,0.875,netbanking,bank_timeout,2,4.91,14,6,STANDARD,0,none,1
5706.57,885,13,10,3,0.7692,upi,bank_decline,3,9.55,11,6,STANDARD,0,none,1
7130.69,1776,5,5,0,1.0,netbanking,fraud_suspected,1,21.13,19,3,PREMIUM,1,active,0
2538.96,864,10,5,5,0.5,upi,temporary_failure,3,29.63,1,6,STANDARD,2,none,1
3705.19,1692,10,9,1,0.9,upi,insufficient_funds,1,54.89,4,3,STANDARD,1,none,0
1468.42,440,7,7,0,1.0,wallet,invalid_account,1,16.36,15,1,ENTERPRISE,0,active,0
1139.44,1485,11,9,2,0.8182,upi,insufficient_funds,1,34.68,4,2,STANDARD,2,none,0
1421.57,1191,9,8,1,0.8889,upi,temporary_failure,3,44.84,5,1,STANDARD,0,none,0
3382.37,12,12,11,1,0.9167,card,bank_timeout,1,68.38,15,5,STANDARD,1,none,0
859.67,1028,8,5,3,0.625,netbanking,network_error,2,67.68,14,2,PREMIUM,0,active,0
7562.56,854,14,12,2,0.8571,card,invalid_account,2,22.5,5,6,STANDARD,2,none,1
2976.48,1321,12,10,2,0.8333,upi,insufficient_funds,3,68.29,5,4,STANDARD,1,none,1
13640.07,808,5,5,0,1.0,netbanking,temporary_failure,2,56.97,0,1,STANDARD,1,none,1
3262.78,339,11,9,2,0.8182,upi,insufficient_funds,2,42.39,5,6,STANDARD,2,none,1
1613.77,867,12,9,3,0.75,netbanking,insufficient_funds,2,19.01,13,6,ENTERPRISE,0,active,1
25207.27,191,10,6,4,0.6,netbanking,bank_timeout,1,57.47,9,4,STANDARD,1,none,1
1138.49,1597,9,7,2,0.7778,upi,temporary_failure,2,16.76,3,3,ENTERPRISE,0,active,1
3405.21,1178,11,7,4,0.6364,card,bank_timeout,3,20.71,13,6,PREMIUM,1,active,0
3245.57,1252,10,9,1,0.9,netbanking,temporary_failure,2,17.3,22,5,ENTERPRISE,1,active,1
2617.78,1003,6,6,0,1.0,card,invalid_account,1,32.22,6,0,STANDARD,1,none,0
2258.26,349,12,10,2,0.8333,card,insufficient_funds,1,60.95,5,6,STANDARD,1,none,1
3237.2,8,6,4,2,0.6667,wallet,temporary_failure,1,70.31,8,2,STANDARD,0,none,0
5387.49,324,12,9,3,0.75,upi,insufficient_funds,1,77.15,9,2,STANDARD,2,none,0
2427.16,346,7,4,3,0.5714,netbanking,bank_timeout,1,37.55,0,6,STANDARD,1,none,1
10671.6,439,7,4,3,0.5714,netbanking,network_error,3,4.92,17,6,STANDARD,1,none,1
2526.93,1561,11,7,4,0.6364,upi,temporary_failure,2,115.7,5,6,PREMIUM,1,active,1
2446.77,420,10,7,3,0.7,upi,temporary_failure,3,54.18,5,3,PREMIUM,1,active,0
4800.27,220,12,10,2,0.8333,netbanking,network_error,2,33.31,4,0,PREMIUM,2,active,1
5364.19,256,14,13,1,0.9286,card,invalid_account,3,52.77,17,4,STANDARD,0,none,0
5427.39,1160,13,12,1,0.9231,upi,bank_timeout,1,13.82,10,3,STANDARD,1,none,1
4250.17,66,9,7,2,0.7778,wallet,bank_decline,3,3.04,10,6,STANDARD,2,none,0
1318.62,1200,17,15,2,0.8824,upi,temporary_failure,3,39.91,14,0,PREMIUM,1,active,0
2279.83,1082,6,5,1,0.8333,upi,insufficient_funds,2,97.64,15,5,STANDARD,0,none,1
4758.51,713,14,11,3,0.7857,card,bank_decline,1,28.29,18,3,STANDARD,0,none,0
1609.43,741,5,1,4,0.2,card,invalid_account,2,32.87,2,4,STANDARD,2,none,0
11881.56,11,10,8,2,0.8,netbanking,network_error,2,163.2,1,6,STANDARD,0,none,1
12131.83,44,9,4,5,0.4444,card,network_error,3,73.1,22,6,PREMIUM,2,active,0
1418.07,1101,8,5,3,0.625,upi,bank_timeout,1,87.77,7,5,PREMIUM,1,active,1
2080.97,959,11,10,1,0.9091,upi,temporary_failure,2,49.72,4,3,STANDARD,0,none,1
2527.7,956,10,7,3,0.7,card,insufficient_funds,2,112.7,12,5,STANDARD,2,none,1
1193.32,1515,9,7,2,0.7778,netbanking,temporary_failure,2,39.69,3,0,PREMIUM,1,active,1
2059.77,835,8,6,2,0.75,card,insufficient_funds,2,6.37,16,3,STANDARD,0,none,0
6815.12,570,9,7,2,0.7778,netbanking,bank_timeout,1,25.71,4,0,ENTERPRISE,0,active,1
9175.03,631,11,9,2,0.8182,upi,invalid_account,3,27.07,13,5,STANDARD,1,none,0
3404.12,1562,12,10,2,0.8333,card,bank_decline,2,42.04,5,0,STANDARD,0,none,0
1878.98,1550,6,3,3,0.5,netbanking,temporary_failure,2,46.25,17,6,STANDARD,1,none,0
2889.73,676,5,4,1,0.8,card,invalid_account,3,33.4,4,6,STANDARD,1,none,0
3048.38,1504,7,6,1,0.8571,upi,bank_decline,2,15.28,1,3,PREMIUM,1,active,1
3821.6,1175,9,8,1,0.8889,upi,bank_decline,2,38.32,18,4,STANDARD,0,none,0
2260.1,812,10,9,1,0.9,card,network_error,1,39.7,6,4,STANDARD,1,none,1
3609.41,561,8,8,0,1.0,upi,insufficient_funds,2,14.55,20,1,PREMIUM,0,active,1
5269.77,1115,7,6,1,0.8571,upi,insufficient_funds,1,16.48,20,1,STANDARD,2,none,1
12902.92,763,7,6,1,0.8571,card,temporary_failure,3,16.24,11,2,STANDARD,0,none,1
3626.52,455,5,3,2,0.6,upi,bank_decline,1,17.36,0,5,STANDARD,1,none,0
8623.05,435,8,6,2,0.75,upi,fraud_suspected,3,54.96,15,1,STANDARD,0,none,0
6945.98,1059,11,10,1,0.9091,upi,network_error,2,58.65,12,0,STANDARD,0,none,1
4723.91,516,7,3,4,0.4286,upi,insufficient_funds,2,43.99,12,3,PREMIUM,2,active,0
4603.77,213,10,6,4,0.6,upi,bank_decline,2,27.02,9,3,ENTERPRISE,2,active,1
3066.09,649,13,9,4,0.6923,card,invalid_account,3,30.98,5,4,STANDARD,2,none,0
9024.84,899,12,11,1,0.9167,upi,temporary_failure,3,27.45,10,1,STANDARD,1,none,1
2448.7,1318,9,7,2,0.7778,upi,insufficient_funds,2,72.65,18,5,STANDARD,2,none,0
7584.18,1730,8,6,2,0.75,card,insufficient_funds,1,22.37,21,5,PREMIUM,2,active,1
2220.3,1587,16,15,1,0.9375,card,insufficient_funds,1,16.3,7,1,STANDARD,0,none,1
4411.88,164,15,12,3,0.8,upi,network_error,3,17.81,4,1,STANDARD,2,none,1
9410.39,186,12,12,0,1.0,upi,insufficient_funds,1,70.92,0,1,PREMIUM,2,active,1
5863.48,817,11,10,1,0.9091,netbanking,network_error,2,24.65,13,4,STANDARD,0,none,1
2098.82,117,6,4,2,0.6667,upi,invalid_account,2,53.16,20,2,STANDARD,0,none,0
3056.35,858,3,3,0,1.0,card,bank_decline,2,56.42,19,4,STANDARD,0,none,1
1663.64,1638,10,8,2,0.8,upi,insufficient_funds,3,57.75,11,1,STANDARD,1,none,0
4185.19,1117,9,5,4,0.5556,card,bank_timeout,3,16.96,4,3,STANDARD,1,none,0
9486.53,1150,10,7,3,0.7,upi,network_error,1,55.27,8,6,STANDARD,1,none,1
6482.25,335,12,9,3,0.75,upi,network_error,1,61.06,21,1,PREMIUM,2,active,1
7938.95,771,8,7,1,0.875,card,bank_timeout,3,61.99,15,5,STANDARD,1,none,0
6675.58,1470,14,11,3,0.7857,upi,bank_timeout,2,71.96,7,6,STANDARD,1,none,0
1609.04,211,8,7,1,0.875,wallet,network_error,1,64.76,14,5,PREMIUM,1,active,1
7697.76,654,10,10,0,1.0,card,network_error,1,14.97,23,1,STANDARD,2,none,1
1082.29,1626,9,7,2,0.7778,upi,insufficient_funds,2,48.28,15,0,STANDARD,1,none,1
2289.17,1095,11,6,5,0.5455,card,bank_decline,2,20.12,16,3,STANDARD,0,none,0
6798.25,364,3,2,1,0.6667,card,network_error,3,15.39,1,6,STANDARD,1,none,1
870.23,1371,13,9,4,0.6923,upi,bank_decline,2,79.86,0,5,STANDARD,0,none,0
6960.45,1102,11,10,1,0.9091,upi,insufficient_funds,2,101.89,6,3,STANDARD,2,none,1
3705.51,696,10,8,2,0.8,card,bank_timeout,1,36.07,14,4,ENTERPRISE,1,active,1
3392.4,289,9,9,0,1.0,upi,bank_decline,2,68.2,17,3,STANDARD,2,none,1
1874.39,1207,10,10,0,1.0,card,temporary_failure,3,30.12,10,6,STANDARD,1,none,1
574.36,1659,9,7,2,0.7778,upi,insufficient_funds,1,7.62,16,1,STANDARD,1,none,1
3226.65,629,12,8,4,0.6667,upi,insufficient_funds,3,45.49,20,4,ENTERPRISE,0,active,0
6100.25,642,11,8,3,0.7273,upi,fraud_suspected,1,41.26,13,1,STANDARD,2,none,0
12749.68,1619,9,7,2,0.7778,card,insufficient_funds,2,16.63,22,6,STANDARD,2,none,1
6841.97,1243,10,6,4,0.6,netbanking,insufficient_funds,3,14.25,2,1,STANDARD,1,none,0
15786.47,26,11,8,3,0.7273,upi,insufficient_funds,2,15.63,9,3,PREMIUM,1,active,0
3094.5,805,14,10,4,0.7143,upi,temporary_failure,3,18.04,5,0,PREMIUM,0,active,0
1777.41,647,9,7,2,0.7778,wallet,invalid_account,3,36.68,2,1,STANDARD,1,none,0
5716.74,115,11,8,3,0.7273,card,bank_decline,3,22.33,18,0,STANDARD,0,none,0
14320.56,1285,9,8,1,0.8889,upi,bank_timeout,2,37.66,9,2,PREMIUM,3,active,1
4470.89,1026,7,6,1,0.8571,netbanking,temporary_failure,3,47.35,9,0,STANDARD,0,none,1
1271.33,1627,11,9,2,0.8182,upi,bank_timeout,1,8.02,0,1,STANDARD,0,none,1
2416.65,841,7,4,3,0.5714,upi,insufficient_funds,1,8.21,18,2,PREMIUM,0,active,1
4942.25,1786,7,7,0,1.0,netbanking,network_error,3,28.54,3,6,STANDARD,0,none,0
5533.2,541,9,7,2,0.7778,upi,insufficient_funds,1,52.93,16,1,STANDARD,1,none,0
3302.36,273,10,7,3,0.7,upi,network_error,1,79.45,3,4,STANDARD,4,none,1
2511.12,1026,7,6,1,0.8571,upi,temporary_failure,1,70.28,3,5,STANDARD,1,none,1
1943.09,745,15,10,5,0.6667,upi,invalid_account,2,46.47,10,1,STANDARD,2,none,0
2854.5,1071,10,7,3,0.7,card,temporary_failure,3,39.35,15,5,STANDARD,2,none,0
3825.25,35,4,4,0,1.0,wallet,insufficient_funds,3,8.18,19,4,PREMIUM,1,active,1
4848.36,852,12,9,3,0.75,netbanking,insufficient_funds,1,78.39,4,4,STANDARD,1,none,1
1718.8,1302,15,13,2,0.8667,netbanking,bank_decline,1,23.94,12,1,PREMIUM,1,active,1
6160.71,806,10,6,4,0.6,card,bank_timeout,3,62.53,7,4,PREMIUM,1,active,1
1695.79,1036,8,5,3,0.625,upi,network_error,3,83.74,8,3,STANDARD,2,none,1
1948.99,187,10,8,2,0.8,card,temporary_failure,1,9.33,10,2,STANDARD,1,none,1
2653.48,139,11,9,2,0.8182,upi,bank_decline,1,55.28,10,2,STANDARD,1,none,0
6172.11,855,13,6,7,0.4615,card,invalid_account,1,73.4,12,5,ENTERPRISE,1,active,0
13951.0,1238,13,12,1,0.9231,card,bank_timeout,3,17.39,9,5,STANDARD,0,none,1
1727.13,918,10,7,3,0.7,upi,network_error,3,18.58,7,1,STANDARD,1,none,0
8087.61,514,8,5,3,0.625,card,network_error,2,8.38,10,0,PREMIUM,1,active,1
1815.43,769,8,7,1,0.875,card,invalid_account,3,29.83,10,0,STANDARD,0,none,0
9193.43,426,7,6,1,0.8571,upi,bank_timeout,3,113.58,1,1,STANDARD,0,none,1
3676.35,1674,3,2,1,0.6667,wallet,bank_decline,2,57.25,11,0,STANDARD,1,none,1
1389.38,76,8,7,1,0.875,upi,insufficient_funds,1,9.49,5,5,PREMIUM,0,active,0
10787.37,1709,16,13,3,0.8125,upi,insufficient_funds,1,71.05,1,1,STANDARD,1,none,0
2253.91,1725,11,11,0,1.0,netbanking,network_error,2,8.52,14,5,ENTERPRISE,1,active,1
2133.42,1167,5,3,2,0.6,upi,bank_decline,1,26.08,5,0,STANDARD,2,none,0
4851.05,1178,10,10,0,1.0,card,bank_timeout,2,6.47,17,1,STANDARD,1,none,1
2331.71,366,11,8,3,0.7273,card,temporary_failure,2,7.12,4,3,STANDARD,0,none,1
3118.63,1073,12,11,1,0.9167,card,bank_timeout,3,39.88,22,2,STANDARD,2,none,1
2984.08,1789,8,7,1,0.875,card,invalid_account,2,19.79,13,4,STANDARD,2,none,1
11185.72,345,7,5,2,0.7143,upi,insufficient_funds,3,6.3,5,3,PREMIUM,1,active,0
920.34,1533,10,7,3,0.7,wallet,bank_decline,2,45.14,11,3,PREMIUM,0,active,1
1632.44,577,8,7,1,0.875,upi,bank_timeout,1,41.83,23,4,PREMIUM,0,active,1
5442.43,1455,16,13,3,0.8125,card,temporary_failure,2,15.91,16,1,PREMIUM,1,active,1
6296.48,769,13,12,1,0.9231,card,bank_timeout,2,46.32,8,5,STANDARD,0,none,1
4172.66,1704,13,11,2,0.8462,upi,temporary_failure,1,28.63,16,1,STANDARD,2,none,1
990.65,330,10,6,4,0.6,card,temporary_failure,1,40.06,2,4,STANDARD,0,none,1
3363.11,1051,13,11,2,0.8462,upi,temporary_failure,1,79.11,23,2,STANDARD,2,none,0
1100.92,1019,8,5,3,0.625,upi,network_error,3,78.3,7,4,PREMIUM,1,active,1
21618.27,95,11,9,2,0.8182,upi,network_error,2,16.83,13,2,STANDARD,0,none,1
5197.87,1334,13,9,4,0.6923,netbanking,invalid_account,3,12.41,6,2,STANDARD,1,none,0
2257.63,634,10,9,1,0.9,netbanking,bank_timeout,1,46.38,22,6,ENTERPRISE,0,active,1
17197.28,1163,10,9,1,0.9,upi,bank_decline,3,8.19,14,6,STANDARD,0,none,0
15110.57,581,14,9,5,0.6429,netbanking,temporary_failure,2,10.34,9,1,STANDARD,1,none,0
10111.04,1123,4,3,1,0.75,upi,temporary_failure,2,39.21,5,4,STANDARD,0,none,0
9812.53,272,4,3,1,0.75,upi,temporary_failure,1,3.52,3,3,STANDARD,0,none,1
2549.01,1330,9,6,3,0.6667,netbanking,network_error,2,27.14,0,1,STANDARD,0,none,1
8014.98,1210,10,8,2,0.8,netbanking,temporary_failure,3,26.03,19,4,STANDARD,1,none,1
2296.89,1461,4,4,0,1.0,upi,temporary_failure,3,3.37,5,6,PREMIUM,2,active,1
8725.67,792,13,10,3,0.7692,upi,insufficient_funds,3,64.49,4,0,STANDARD,1,none,1
5044.4,1766,12,10,2,0.8333,upi,fraud_suspected,2,43.75,3,2,PREMIUM,1,active,1
11121.33,1570,11,10,1,0.9091,upi,insufficient_funds,2,34.93,10,4,STANDARD,0,none,1
5542.83,1462,8,7,1,0.875,upi,insufficient_funds,2,20.52,4,4,PREMIUM,0,active,1
5194.87,992,12,9,3,0.75,wallet,temporary_failure,2,42.76,13,4,STANDARD,1,none,1
1898.18,1641,7,5,2,0.7143,card,bank_decline,2,33.03,2,3,ENTERPRISE,2,active,0
1073.89,703,10,7,3,0.7,upi,bank_decline,2,24.82,12,3,PREMIUM,0,active,1
1587.69,1579,16,9,7,0.5625,netbanking,bank_timeout,3,36.46,16,3,ENTERPRISE,3,active,0
392.47,1241,6,5,1,0.8333,netbanking,bank_decline,1,21.45,20,2,PREMIUM,0,active,1
3633.93,1022,13,10,3,0.7692,upi,insufficient_funds,3,37.16,10,6,PREMIUM,2,active,0
4288.28,1047,9,9,0,1.0,upi,temporary_failure,2,19.69,17,3,PREMIUM,1,active,1
1487.9,1613,12,9,3,0.75,upi,temporary_failure,1,24.11,12,1,STANDARD,0,none,1
13061.67,901,7,7,0,1.0,upi,temporary_failure,1,12.03,16,1,STANDARD,2,none,1
9277.33,1744,6,4,2,0.6667,upi,temporary_failure,1,19.73,20,2,STANDARD,1,none,1
4280.48,271,10,6,4,0.6,wallet,bank_decline,3,12.99,12,4,STANDARD,1,none,0
6377.7,188,8,3,5,0.375,upi,fraud_suspected,2,56.3,9,2,STANDARD,1,none,0
3397.09,900,4,3,1,0.75,card,temporary_failure,1,41.7,10,6,PREMIUM,0,active,1
7543.23,1455,12,8,4,0.6667,card,insufficient_funds,1,87.43,16,0,STANDARD,1,none,0
2982.28,769,7,5,2,0.7143,card,insufficient_funds,3,64.71,20,6,PREMIUM,0,active,0
7403.25,601,2,1,1,0.5,upi,temporary_failure,2,9.57,2,2,PREMIUM,1,active,1
2103.83,1123,7,7,0,1.0,netbanking,bank_timeout,2,26.78,19,0,STANDARD,1,none,1
19903.87,1473,6,5,1,0.8333,upi,insufficient_funds,3,59.02,8,2,STANDARD,1,none,0
3064.85,1296,7,5,2,0.7143,upi,temporary_failure,2,17.2,13,5,STANDARD,0,none,1
1294.28,336,12,10,2,0.8333,netbanking,temporary_failure,2,24.73,18,5,PREMIUM,1,active,0
1338.22,596,15,11,4,0.7333,card,bank_timeout,2,33.77,7,3,STANDARD,2,none,1
5710.13,959,8,7,1,0.875,upi,temporary_failure,3,21.97,1,6,STANDARD,1,none,1
4889.44,452,8,6,2,0.75,card,insufficient_funds,2,17.6,1,1,PREMIUM,2,active,1
1659.35,1731,10,9,1,0.9,upi,network_error,1,52.06,11,0,STANDARD,0,none,1
7446.15,281,11,7,4,0.6364,upi,temporary_failure,2,102.2,9,4,STANDARD,3,none,0
4469.5,1183,13,11,2,0.8462,wallet,temporary_failure,3,23.8,15,6,STANDARD,0,none,1
7066.29,1030,8,8,0,1.0,upi,network_error,2,41.1,1,5,PREMIUM,1,active,1
2184.03,623,7,6,1,0.8571,netbanking,bank_timeout,3,30.79,19,3,STANDARD,0,none,1
3158.76,265,5,4,1,0.8,upi,insufficient_funds,3,11.2,14,4,STANDARD,1,none,0
6973.44,1267,3,2,1,0.6667,wallet,invalid_account,3,11.99,4,6,STANDARD,2,none,1
19938.37,552,10,9,1,0.9,card,fraud_suspected,1,30.17,20,4,ENTERPRISE,0,active,0
1848.66,733,7,5,2,0.7143,upi,insufficient_funds,2,46.61,7,4,STANDARD,0,none,1
2951.66,1245,8,6,2,0.75,card,insufficient_funds,1,25.71,23,5,STANDARD,1,none,1
560.2,302,8,6,2,0.75,netbanking,temporary_failure,3,14.87,19,6,STANDARD,1,none,1
5303.21,1010,12,8,4,0.6667,upi,temporary_failure,3,44.87,15,1,STANDARD,2,none,0
840.21,1722,9,9,0,1.0,upi,temporary_failure,3,21.46,2,1,STANDARD,0,none,0
1859.54,455,5,4,1,0.8,card,temporary_failure,1,41.55,5,6,STANDARD,0,none,0
3627.73,153,10,8,2,0.8,upi,bank_timeout,3,31.52,11,2,PREMIUM,2,active,1
2007.61,955,9,7,2,0.7778,netbanking,bank_timeout,1,98.54,1,4,PREMIUM,1,active,1
6297.71,132,9,7,2,0.7778,wallet,fraud_suspected,2,79.74,8,6,STANDARD,1,none,0
8173.09,1704,4,3,1,0.75,upi,invalid_account,3,65.12,15,1,STANDARD,1,none,0
3133.87,1588,6,3,3,0.5,upi,temporary_failure,2,81.77,10,6,STANDARD,1,none,1
2283.92,139,15,10,5,0.6667,upi,invalid_account,1,32.72,4,0,STANDARD,2,none,0
1071.95,1762,10,9,1,0.9,card,bank_decline,3,48.09,12,0,STANDARD,1,none,0
3348.58,150,11,8,3,0.7273,card,bank_decline,2,11.29,8,5,STANDARD,0,none,0
2169.68,467,11,10,1,0.9091,upi,insufficient_funds,2,33.58,9,5,PREMIUM,0,active,1
2520.8,570,9,6,3,0.6667,upi,invalid_account,2,87.22,0,1,PREMIUM,1,active,0
8474.53,322,10,6,4,0.6,card,temporary_failure,1,59.46,9,4,PREMIUM,2,active,1
2224.38,234,7,5,2,0.7143,upi,temporary_failure,3,36.3,13,6,STANDARD,0,none,0
853.86,1346,9,6,3,0.6667,card,bank_decline,1,66.36,3,2,STANDARD,1,none,0
1988.52,129,7,6,1,0.8571,card,insufficient_funds,2,9.08,0,4,ENTERPRISE,0,active,0
2041.72,1235,6,6,0,1.0,card,bank_timeout,1,91.76,19,6,STANDARD,1,none,1
719.91,649,10,7,3,0.7,wallet,bank_timeout,2,32.22,9,6,STANDARD,1,none,1
22151.12,1589,5,4,1,0.8,upi,fraud_suspected,3,6.25,7,1,STANDARD,1,none,0
1732.36,1724,7,7,0,1.0,upi,bank_timeout,2,25.28,23,3,STANDARD,2,none,1
3156.74,1717,5,4,1,0.8,upi,network_error,1,40.96,7,5,STANDARD,1,none,1
6071.56,401,8,7,1,0.875,wallet,bank_timeout,3,9.64,13,3,STANDARD,1,none,1
10588.19,727,12,9,3,0.75,upi,insufficient_funds,3,24.16,8,2,PREMIUM,1,active,1
5692.32,1025,9,7,2,0.7778,upi,temporary_failure,3,69.08,10,1,PREMIUM,1,active,1
11402.6,625,11,10,1,0.9091,upi,bank_timeout,2,31.48,5,4,STANDARD,1,none,1
1349.6,1179,7,3,4,0.4286,upi,network_error,2,46.9,2,2,STANDARD,2,none,0
2116.53,249,12,7,5,0.5833,card,insufficient_funds,3,16.12,22,6,STANDARD,1,none,0
6016.57,783,7,5,2,0.7143,upi,insufficient_funds,2,18.01,7,4,ENTERPRISE,0,active,1
2324.1,1129,10,9,1,0.9,wallet,bank_timeout,1,14.33,0,6,ENTERPRISE,1,active,1
1585.66,1364,7,5,2,0.7143,card,bank_decline,1,82.46,0,5,STANDARD,0,none,0
1933.87,20,5,4,1,0.8,card,insufficient_funds,3,48.05,2,2,PREMIUM,1,active,0
2052.03,1532,9,7,2,0.7778,upi,fraud_suspected,1,5.39,9,3,STANDARD,0,none,0
1744.23,1757,8,7,1,0.875,upi,bank_decline,1,13.72,12,4,STANDARD,4,none,1
2902.22,916,7,6,1,0.8571,upi,invalid_account,3,72.58,5,2,STANDARD,0,none,0
906.59,1189,16,12,4,0.75,upi,network_error,3,45.31,15,4,STANDARD,1,none,1
1190.67,1773,7,6,1,0.8571,upi,invalid_account,1,45.14,9,2,STANDARD,0,none,1
4501.09,101,5,4,1,0.8,netbanking,bank_decline,1,22.69,7,4,STANDARD,1,none,0
2153.56,1149,8,7,1,0.875,card,network_error,2,26.27,1,0,PREMIUM,0,active,1
3188.25,195,5,2,3,0.4,netbanking,insufficient_funds,2,28.7,9,6,STANDARD,1,none,0
1943.09,194,7,4,3,0.5714,card,invalid_account,3,23.77,13,2,STANDARD,0,none,0
8085.27,122,7,5,2,0.7143,upi,bank_decline,2,47.51,15,6,STANDARD,5,none,1
1480.23,590,13,12,1,0.9231,netbanking,insufficient_funds,1,16.72,4,2,PREMIUM,1,active,1
2140.14,344,9,7,2,0.7778,wallet,bank_decline,3,101.07,20,2,STANDARD,1,none,0
7344.94,1063,8,7,1,0.875,card,network_error,2,94.62,22,4,STANDARD,5,none,1
6465.62,805,12,8,4,0.6667,card,fraud_suspected,3,56.72,6,4,STANDARD,2,none,0
5032.84,144,9,9,0,1.0,wallet,temporary_failure,3,68.4,4,5,STANDARD,2,none,1
3460.99,344,10,9,1,0.9,netbanking,invalid_account,1,97.65,1,6,STANDARD,0,none,0
4269.87,1433,14,12,2,0.8571,upi,insufficient_funds,3,44.03,23,0,PREMIUM,0,active,0
1973.45,253,12,12,0,1.0,card,fraud_suspected,2,18.77,16,3,STANDARD,0,none,1
1256.94,1778,7,4,3,0.5714,upi,temporary_failure,1,51.33,10,3,PREMIUM,2,active,1
6985.6,830,10,10,0,1.0,upi,invalid_account,2,40.65,8,4,STANDARD,0,none,0
5849.48,223,12,9,3,0.75,upi,insufficient_funds,1,36.03,4,0,STANDARD,2,none,0
3532.3,744,6,4,2,0.6667,upi,fraud_suspected,1,33.9,12,0,PREMIUM,1,active,1
8526.01,536,12,9,3,0.75,card,temporary_failure,2,6.32,19,2,PREMIUM,0,active,0
8086.14,898,7,6,1,0.8571,upi,insufficient_funds,3,44.73,23,4,STANDARD,4,none,1
3678.81,1149,7,5,2,0.7143,card,bank_decline,1,101.06,16,4,STANDARD,0,none,0
6775.23,737,6,5,1,0.8333,netbanking,bank_decline,2,23.08,17,5,STANDARD,0,none,1
4805.25,734,10,9,1,0.9,card,fraud_suspected,3,8.2,0,0,PREMIUM,0,active,0
4873.06,1087,12,10,2,0.8333,upi,temporary_failure,2,17.24,18,3,STANDARD,1,none,1
2289.92,56,3,2,1,0.6667,card,insufficient_funds,1,19.42,17,1,PREMIUM,1,active,0
13723.69,359,10,8,2,0.8,upi,insufficient_funds,1,33.93,4,2,STANDARD,0,none,1
1632.5,1316,12,9,3,0.75,netbanking,bank_timeout,1,23.17,22,5,PREMIUM,0,active,1
1419.39,937,9,7,2,0.7778,card,network_error,1,40.22,14,3,PREMIUM,0,active,1
5958.62,1013,7,5,2,0.7143,card,insufficient_funds,2,40.8,17,2,ENTERPRISE,1,active,0
6492.84,1286,7,7,0,1.0,card,insufficient_funds,1,54.11,22,3,STANDARD,1,none,1
15720.58,283,5,3,2,0.6,netbanking,bank_decline,1,56.7,0,1,STANDARD,5,none,0
582.49,1504,4,2,2,0.5,wallet,network_error,2,28.63,5,3,STANDARD,0,none,1
6412.23,1166,4,3,1,0.75,upi,bank_timeout,1,89.25,0,3,STANDARD,1,none,1
4064.1,1361,13,10,3,0.7692,card,temporary_failure,1,2.67,0,4,STANDARD,1,none,1
11298.84,1180,11,9,2,0.8182,card,insufficient_funds,3,60.32,13,4,PREMIUM,1,active,0
1396.04,1459,9,8,1,0.8889,upi,insufficient_funds,3,68.52,13,6,PREMIUM,0,active,1
6991.65,1721,9,7,2,0.7778,upi,insufficient_funds,1,19.42,3,1,STANDARD,0,none,1
2162.24,398,7,3,4,0.4286,netbanking,temporary_failure,2,37.17,3,2,STANDARD,1,none,1
1575.81,220,11,8,3,0.7273,wallet,insufficient_funds,3,43.12,13,2,PREMIUM,2,active,0
12317.67,1742,11,11,0,1.0,upi,bank_decline,1,18.41,11,1,PREMIUM,3,active,1
5410.2,793,11,10,1,0.9091,upi,temporary_failure,3,58.34,17,0,STANDARD,0,none,1
7688.21,300,7,4,3,0.5714,card,temporary_failure,2,33.26,19,1,STANDARD,0,none,1
1308.89,676,7,6,1,0.8571,upi,bank_decline,2,25.9,15,1,STANDARD,1,none,1
8877.02,1590,7,5,2,0.7143,netbanking,invalid_account,2,63.22,21,3,STANDARD,0,none,0
3691.33,222,17,13,4,0.7647,upi,bank_decline,3,26.24,7,3,STANDARD,1,none,0
5472.5,97,11,10,1,0.9091,netbanking,network_error,2,35.87,1,4,STANDARD,0,none,1
1796.35,209,9,5,4,0.5556,upi,bank_timeout,1,49.22,6,6,STANDARD,1,none,0
5296.58,433,12,12,0,1.0,upi,insufficient_funds,1,18.97,12,3,STANDARD,0,none,1
9770.18,121,7,5,2,0.7143,card,bank_timeout,2,17.66,11,4,STANDARD,2,none,1
2581.74,1059,10,8,2,0.8,card,temporary_failure,3,12.14,15,2,STANDARD,0,none,1
3260.44,213,12,12,0,1.0,wallet,network_error,1,23.05,4,3,PREMIUM,1,active,1
9200.42,1423,15,13,2,0.8667,netbanking,bank_decline,1,15.34,3,2,ENTERPRISE,1,active,0
1016.37,665,9,8,1,0.8889,netbanking,network_error,1,44.11,8,5,STANDARD,0,none,1
9820.97,898,9,6,3,0.6667,upi,bank_decline,3,21.7,1,6,STANDARD,2,none,0
1533.35,295,14,8,6,0.5714,card,bank_decline,3,36.33,22,5,STANDARD,1,none,0
10901.5,1300,10,9,1,0.9,upi,insufficient_funds,2,63.42,3,4,STANDARD,0,none,0
14168.14,1384,5,4,1,0.8,upi,insufficient_funds,3,49.92,23,3,STANDARD,1,none,1
1857.8,1606,7,7,0,1.0,netbanking,insufficient_funds,1,47.8,20,4,STANDARD,0,none,1
6171.63,198,12,9,3,0.75,upi,bank_timeout,3,226.95,15,0,STANDARD,2,none,0
3207.96,602,7,6,1,0.8571,upi,insufficient_funds,2,14.95,13,4,PREMIUM,0,active,1
4724.6,1493,9,9,0,1.0,wallet,network_error,2,32.17,16,0,STANDARD,0,none,1
1125.44,1275,18,14,4,0.7778,wallet,insufficient_funds,3,17.45,7,4,STANDARD,1,none,1
1529.4,1125,7,5,2,0.7143,card,insufficient_funds,2,89.51,1,4,PREMIUM,0,active,1
2143.32,771,6,6,0,1.0,upi,insufficient_funds,3,57.41,0,5,PREMIUM,0,active,1
1627.99,227,9,8,1,0.8889,upi,bank_decline,3,57.66,1,4,STANDARD,0,none,1
1781.06,364,8,7,1,0.875,upi,insufficient_funds,3,31.66,8,4,STANDARD,1,none,1
3778.98,62,4,4,0,1.0,wallet,temporary_failure,1,33.21,2,6,STANDARD,3,none,1
2300.31,360,11,6,5,0.5455,upi,insufficient_funds,1,32.48,1,0,PREMIUM,0,active,1
3866.23,641,9,6,3,0.6667,card,bank_decline,1,48.25,14,1,STANDARD,1,none,0
4534.9,656,4,4,0,1.0,card,insufficient_funds,1,18.87,14,6,STANDARD,0,none,0
3558.31,264,6,6,0,1.0,upi,temporary_failure,1,22.45,1,1,PREMIUM,1,active,1
1271.56,496,12,9,3,0.75,card,bank_timeout,1,22.9,5,4,PREMIUM,1,active,1
3352.7,1144,7,6,1,0.8571,card,bank_decline,1,43.19,4,0,STANDARD,2,none,1
1620.07,1531,8,6,2,0.75,netbanking,temporary_failure,1,39.22,20,2,STANDARD,2,none,1
7222.94,1239,9,6,3,0.6667,upi,insufficient_funds,3,28.91,2,0,STANDARD,1,none,0
701.76,138,6,3,3,0.5,card,temporary_failure,2,18.71,20,1,STANDARD,1,none,1
1052.42,874,9,8,1,0.8889,card,bank_decline,3,24.92,15,4,STANDARD,1,none,1
1709.89,1011,7,5,2,0.7143,upi,insufficient_funds,1,18.18,18,0,STANDARD,2,none,0
1366.77,563,11,6,5,0.5455,card,fraud_suspected,1,46.32,5,2,PREMIUM,0,active,0
3811.74,1164,7,6,1,0.8571,upi,temporary_failure,1,23.36,23,5,STANDARD,1,none,1
5140.63,533,7,5,2,0.7143,card,network_error,2,32.24,7,2,STANDARD,1,none,1
7839.14,1418,15,10,5,0.6667,upi,bank_timeout,1,53.89,10,0,STANDARD,1,none,1
3704.09,1384,10,9,1,0.9,upi,insufficient_funds,1,10.59,20,5,STANDARD,1,none,1
1024.48,871,8,6,2,0.75,upi,fraud_suspected,1,58.9,4,0,STANDARD,1,none,0
1446.94,136,12,9,3,0.75,upi,bank_decline,1,51.45,23,0,PREMIUM,1,active,0
3385.49,918,5,5,0,1.0,netbanking,bank_decline,1,66.71,22,5,STANDARD,2,none,1
6079.07,373,7,3,4,0.4286,netbanking,network_error,1,32.66,10,0,STANDARD,0,none,0
2707.44,389,7,6,1,0.8571,card,temporary_failure,1,61.95,2,6,PREMIUM,1,active,1
2120.38,1202,10,10,0,1.0,upi,bank_timeout,3,94.28,11,5,STANDARD,0,none,1
1784.44,730,14,11,3,0.7857,card,network_error,1,37.2,16,2,STANDARD,0,none,1
6993.74,1638,12,11,1,0.9167,card,bank_decline,1,69.33,6,6,PREMIUM,1,active,1
1429.39,179,14,9,5,0.6429,card,bank_timeout,2,75.29,21,4,STANDARD,1,none,1
9762.74,209,6,4,2,0.6667,upi,bank_decline,2,24.54,2,3,PREMIUM,2,active,0
2841.23,480,9,7,2,0.7778,upi,temporary_failure,1,63.75,9,2,PREMIUM,2,active,1
4577.47,1209,7,5,2,0.7143,card,invalid_account,1,53.64,15,0,STANDARD,1,none,1
3062.9,907,8,6,2,0.75,card,insufficient_funds,2,52.47,10,5,STANDARD,0,none,0
8133.0,1635,11,11,0,1.0,wallet,fraud_suspected,2,134.44,13,5,STANDARD,2,none,1
2076.56,1180,8,6,2,0.75,card,insufficient_funds,3,52.38,22,5,STANDARD,1,none,0
2739.21,682,10,9,1,0.9,netbanking,network_error,2,55.92,5,6,STANDARD,1,none,1
4519.75,1762,7,6,1,0.8571,netbanking,temporary_failure,3,29.17,14,6,STANDARD,1,none,0
6633.07,309,3,2,1,0.6667,upi,insufficient_funds,1,37.86,8,0,STANDARD,3,none,1
4943.29,1025,5,3,2,0.6,netbanking,bank_decline,2,88.71,8,1,ENTERPRISE,0,active,0
3452.33,814,6,6,0,1.0,upi,invalid_account,3,43.9,1,2,STANDARD,2,none,1
2337.03,1288,10,9,1,0.9,upi,temporary_failure,2,49.93,6,3,PREMIUM,0,active,1
2076.15,1266,13,9,4,0.6923,card,temporary_failure,2,83.02,18,2,STANDARD,2,none,0
11607.34,187,15,9,6,0.6,card,bank_timeout,2,73.19,21,6,STANDARD,0,none,0
1250.91,877,11,8,3,0.7273,wallet,network_error,2,41.26,0,5,STANDARD,1,none,0
3670.52,884,14,10,4,0.7143,upi,bank_decline,2,34.95,3,0,STANDARD,1,none,0
2475.33,493,11,8,3,0.7273,upi,network_error,3,18.65,3,5,PREMIUM,0,active,0
1981.18,1786,12,9,3,0.75,netbanking,bank_timeout,2,82.41,22,3,STANDARD,0,none,1
2052.54,1141,7,4,3,0.5714,wallet,temporary_failure,1,59.58,19,0,PREMIUM,0,active,1
1236.02,1055,10,7,3,0.7,card,temporary_failure,3,33.78,9,3,STANDARD,0,none,0
6975.14,1027,6,5,1,0.8333,upi,insufficient_funds,1,39.05,2,1,STANDARD,1,none,1
2182.94,1235,10,9,1,0.9,card,bank_decline,1,21.06,20,1,STANDARD,1,none,1
5986.28,867,11,10,1,0.9091,netbanking,bank_timeout,2,68.84,20,1,STANDARD,1,none,1
2560.54,719,9,7,2,0.7778,upi,invalid_account,2,67.78,2,3,STANDARD,1,none,0
1923.31,286,6,4,2,0.6667,netbanking,temporary_failure,1,66.14,8,5,ENTERPRISE,1,active,1
4010.74,1399,6,5,1,0.8333,upi,invalid_account,3,15.61,12,4,STANDARD,0,none,0
12664.23,1659,10,7,3,0.7,card,insufficient_funds,1,22.58,21,2,STANDARD,4,none,1
4217.28,659,9,6,3,0.6667,wallet,network_error,1,100.61,13,6,STANDARD,0,none,1
5788.38,881,8,7,1,0.875,upi,temporary_failure,2,15.44,5,2,ENTERPRISE,1,active,1
8676.66,1196,7,7,0,1.0,upi,network_error,1,55.63,16,6,PREMIUM,1,active,0
9909.76,1501,7,5,2,0.7143,upi,bank_decline,3,31.57,10,5,STANDARD,3,none,1
2798.49,482,7,4,3,0.5714,upi,fraud_suspected,1,67.25,9,3,STANDARD,1,none,0
3727.59,1624,15,13,2,0.8667,upi,temporary_failure,1,51.14,19,4,PREMIUM,1,active,1
3015.11,31,10,8,2,0.8,netbanking,temporary_failure,2,43.96,19,5,STANDARD,1,none,1
3647.17,1331,13,10,3,0.7692,upi,bank_timeout,1,18.25,7,2,PREMIUM,2,active,0
9401.01,1377,16,12,4,0.75,upi,fraud_suspected,3,6.9,12,2,STANDARD,2,none,0
8331.67,1273,11,8,3,0.7273,upi,temporary_failure,2,52.69,21,4,PREMIUM,0,active,1
5181.59,1283,10,6,4,0.6,card,invalid_account,1,29.47,18,4,STANDARD,1,none,0
4487.75,1163,9,5,4,0.5556,upi,network_error,3,29.78,6,2,STANDARD,1,none,0
2410.34,39,8,7,1,0.875,upi,bank_timeout,2,13.11,14,0,PREMIUM,0,active,1
3874.26,993,13,9,4,0.6923,card,network_error,2,22.2,9,0,STANDARD,0,none,0
3712.35,114,5,4,1,0.8,card,bank_decline,1,5.18,19,0,STANDARD,2,none,1
5540.09,248,6,6,0,1.0,netbanking,temporary_failure,1,95.61,1,0,PREMIUM,0,active,1
2773.94,818,7,5,2,0.7143,card,bank_decline,3,50.96,5,2,PREMIUM,3,active,1
7965.04,1560,9,8,1,0.8889,card,insufficient_funds,2,9.32,19,2,STANDARD,1,none,0
6263.07,496,8,6,2,0.75,upi,temporary_failure,1,24.9,17,3,STANDARD,2,none,1
1917.17,1322,9,5,4,0.5556,wallet,network_error,1,13.48,19,5,STANDARD,1,none,1
2668.01,1118,7,5,2,0.7143,card,temporary_failure,2,62.63,14,1,STANDARD,1,none,1
5736.9,945,10,8,2,0.8,upi,insufficient_funds,1,27.71,7,3,STANDARD,3,none,1
1408.11,1065,10,9,1,0.9,card,invalid_account,3,28.99,12,6,STANDARD,2,none,0
5015.58,995,7,4,3,0.5714,card,network_error,2,48.43,17,0,STANDARD,1,none,0
1777.72,223,10,7,3,0.7,upi,invalid_account,2,15.83,23,0,STANDARD,2,none,0
4231.35,803,5,4,1,0.8,upi,network_error,2,34.19,18,4,STANDARD,0,none,1
49664.61,1627,6,4,2,0.6667,upi,temporary_failure,1,50.08,16,5,STANDARD,1,none,1
2503.69,418,7,6,1,0.8571,upi,invalid_account,3,89.89,8,1,ENTERPRISE,1,active,0
8568.62,664,7,7,0,1.0,upi,insufficient_funds,3,47.63,17,0,STANDARD,0,none,0
2003.12,1031,9,6,3,0.6667,netbanking,network_error,3,26.52,15,5,STANDARD,2,none,0
2890.77,1696,5,5,0,1.0,upi,insufficient_funds,1,44.68,9,1,STANDARD,0,none,0
9190.68,996,7,6,1,0.8571,card,bank_timeout,2,23.59,14,4,PREMIUM,2,active,1
893.27,320,4,4,0,1.0,upi,temporary_failure,1,35.58,14,0,PREMIUM,2,active,1
541.92,510,10,7,3,0.7,upi,insufficient_funds,3,96.14,7,1,STANDARD,1,none,0
2077.21,660,12,9,3,0.75,upi,insufficient_funds,1,40.34,10,1,PREMIUM,0,active,1
1295.98,1346,9,7,2,0.7778,upi,insufficient_funds,2,112.3,6,0,PREMIUM,2,active,1
7751.24,1707,11,8,3,0.7273,netbanking,insufficient_funds,3,17.06,16,3,STANDARD,0,none,0
2319.38,1786,7,3,4,0.4286,upi,temporary_failure,2,38.06,5,1,PREMIUM,0,active,1
1075.9,1388,11,6,5,0.5455,card,network_error,1,20.41,13,2,STANDARD,0,none,0
2882.39,444,7,7,0,1.0,upi,temporary_failure,3,8.61,7,1,PREMIUM,0,active,1
7026.44,1755,7,7,0,1.0,netbanking,bank_decline,1,14.71,21,2,ENTERPRISE,0,active,1
1675.52,973,8,6,2,0.75,upi,temporary_failure,2,34.65,14,1,PREMIUM,2,active,1
2089.2,1472,9,6,3,0.6667,upi,bank_decline,2,81.03,7,6,STANDARD,1,none,0
5986.57,1796,9,7,2,0.7778,netbanking,insufficient_funds,3,36.56,18,2,STANDARD,1,none,1
1708.83,1104,7,4,3,0.5714,card,bank_timeout,2,37.46,5,4,STANDARD,2,none,0
14999.07,102,6,5,1,0.8333,card,bank_decline,2,31.67,5,6,STANDARD,1,none,1
3230.95,789,11,9,2,0.8182,wallet,bank_timeout,1,34.84,20,4,STANDARD,1,none,1
5127.11,1631,7,5,2,0.7143,netbanking,bank_decline,2,15.08,21,3,STANDARD,1,none,1
2071.57,1540,8,6,2,0.75,upi,bank_decline,3,2.95,13,2,STANDARD,0,none,0
4017.63,198,8,3,5,0.375,netbanking,network_error,1,37.81,4,4,PREMIUM,1,active,0
15217.44,630,6,4,2,0.6667,card,bank_decline,3,84.53,18,1,STANDARD,1,none,0
11402.86,807,11,10,1,0.9091,netbanking,insufficient_funds,1,72.42,2,3,STANDARD,0,none,1
3455.2,1554,5,4,1,0.8,netbanking,bank_decline,1,95.46,12,1,STANDARD,2,none,1
1295.34,1690,13,10,3,0.7692,upi,fraud_suspected,1,16.91,4,5,PREMIUM,1,active,0
3456.14,810,14,12,2,0.8571,netbanking,temporary_failure,3,54.05,20,1,STANDARD,4,none,1
516.17,1302,5,5,0,1.0,card,insufficient_funds,1,112.37,0,1,PREMIUM,1,active,0
6428.57,1499,4,3,1,0.75,upi,fraud_suspected,2,50.3,10,4,ENTERPRISE,1,active,0
1697.31,585,6,2,4,0.3333,netbanking,temporary_failure,1,29.79,10,1,PREMIUM,0,active,0
3602.92,1514,7,6,1,0.8571,card,bank_timeout,2,16.23,17,3,STANDARD,2,none,0
3299.88,707,11,10,1,0.9091,card,temporary_failure,2,96.17,6,3,STANDARD,0,none,1
8245.29,28,6,5,1,0.8333,card,insufficient_funds,2,42.49,18,0,STANDARD,4,none,0
3976.13,1339,7,5,2,0.7143,upi,temporary_failure,3,6.19,19,1,STANDARD,0,none,1
3305.91,1740,4,4,0,1.0,wallet,fraud_suspected,2,20.18,21,2,STANDARD,1,none,1
12457.79,864,8,5,3,0.625,upi,temporary_failure,2,6.94,4,4,STANDARD,1,none,1
7678.47,426,7,2,5,0.2857,card,bank_decline,3,37.65,23,6,STANDARD,1,none,0
2019.31,1264,7,5,2,0.7143,upi,fraud_suspected,2,21.97,20,2,ENTERPRISE,0,active,0
5968.53,903,13,8,5,0.6154,netbanking,bank_timeout,2,15.29,16,4,STANDARD,0,none,1
2696.42,382,9,7,2,0.7778,upi,insufficient_funds,1,8.63,17,6,STANDARD,0,none,0
2545.69,162,9,8,1,0.8889,upi,bank_decline,1,2.97,21,6,PREMIUM,0,active,1
1858.91,396,12,8,4,0.6667,netbanking,network_error,2,24.24,23,4,STANDARD,0,none,0
1818.46,1304,7,6,1,0.8571,upi,insufficient_funds,2,44.97,3,1,PREMIUM,1,active,0
1985.08,32,7,3,4,0.4286,upi,invalid_account,2,29.85,9,5,STANDARD,1,none,0
1730.7,454,5,2,3,0.4,upi,temporary_failure,1,5.93,21,5,PREMIUM,2,active,1
4832.81,819,4,3,1,0.75,upi,insufficient_funds,1,29.9,12,2,STANDARD,2,none,1
2375.03,1007,2,2,0,1.0,upi,invalid_account,1,57.52,18,3,STANDARD,3,none,0
6352.71,1496,6,2,4,0.3333,upi,fraud_suspected,2,22.02,12,1,STANDARD,0,none,0
2961.59,481,9,5,4,0.5556,wallet,insufficient_funds,1,34.55,0,5,STANDARD,0,none,0
9115.89,1079,10,8,2,0.8,card,insufficient_funds,2,43.19,7,4,PREMIUM,0,active,1
1570.34,1443,6,6,0,1.0,upi,network_error,2,7.12,6,0,STANDARD,1,none,1
711.46,62,3,2,1,0.6667,netbanking,bank_timeout,2,41.35,1,0,STANDARD,2,none,1
4225.75,936,4,3,1,0.75,upi,bank_decline,3,42.9,23,1,STANDARD,1,none,1
11695.18,405,11,9,2,0.8182,card,insufficient_funds,3,6.32,4,0,STANDARD,1,none,0
3297.62,456,6,5,1,0.8333,netbanking,bank_decline,2,61.05,19,6,ENTERPRISE,1,active,1
4835.99,1308,4,3,1,0.75,card,bank_timeout,1,27.52,5,6,PREMIUM,1,active,0
1661.16,156,6,4,2,0.6667,netbanking,insufficient_funds,2,49.79,11,1,STANDARD,1,none,1
9220.28,166,6,5,1,0.8333,netbanking,temporary_failure,2,63.37,11,2,PREMIUM,0,active,1
3441.79,283,7,2,5,0.2857,card,temporary_failure,2,25.12,4,2,STANDARD,1,none,0
5080.34,175,10,7,3,0.7,upi,temporary_failure,1,28.2,18,4,STANDARD,1,none,1
1737.71,403,9,9,0,1.0,netbanking,bank_decline,3,47.28,5,4,ENTERPRISE,3,active,1
1941.06,1123,8,6,2,0.75,wallet,fraud_suspected,1,22.39,17,4,STANDARD,0,none,0
3210.14,1386,8,6,2,0.75,netbanking,fraud_suspected,1,38.45,16,6,ENTERPRISE,2,active,0
2194.22,150,8,8,0,1.0,card,bank_decline,2,21.85,8,3,STANDARD,0,none,1
7800.23,790,6,5,1,0.8333,upi,invalid_account,1,24.98,7,3,STANDARD,1,none,0
2918.24,74,4,3,1,0.75,upi,insufficient_funds,2,67.54,16,5,PREMIUM,1,active,0
4462.07,941,5,3,2,0.6,card,bank_timeout,2,9.15,19,6,STANDARD,2,none,0
10329.9,527,10,9,1,0.9,netbanking,bank_decline,1,72.58,1,5,STANDARD,2,none,0
6446.12,1182,7,7,0,1.0,card,temporary_failure,3,29.22,20,3,STANDARD,2,none,0
12811.23,1571,6,5,1,0.8333,upi,temporary_failure,2,29.33,0,6,STANDARD,0,none,0
1402.09,313,10,7,3,0.7,netbanking,bank_timeout,3,5.89,14,2,STANDARD,0,none,1
4654.35,392,14,11,3,0.7857,netbanking,insufficient_funds,2,73.13,14,6,PREMIUM,4,active,1
1024.94,785,15,13,2,0.8667,netbanking,bank_decline,1,75.0,15,0,STANDARD,1,none,0
1781.66,517,10,7,3,0.7,wallet,insufficient_funds,2,4.01,21,5,STANDARD,1,none,0
3579.65,252,12,10,2,0.8333,netbanking,insufficient_funds,1,131.46,18,1,ENTERPRISE,1,active,0
4061.47,1568,6,4,2,0.6667,card,bank_timeout,3,6.79,12,5,PREMIUM,0,active,0
4613.87,944,12,8,4,0.6667,upi,bank_timeout,1,50.9,18,3,STANDARD,1,none,1
3868.54,506,5,3,2,0.6,wallet,network_error,3,14.76,11,5,PREMIUM,3,active,1
23850.35,1462,8,6,2,0.75,card,bank_decline,2,47.99,9,4,PREMIUM,0,active,1
2362.03,777,10,6,4,0.6,netbanking,temporary_failure,1,31.42,20,1,STANDARD,1,none,1
1738.58,489,8,6,2,0.75,netbanking,fraud_suspected,2,25.04,11,1,PREMIUM,2,active,0
28882.17,37,8,6,2,0.75,upi,network_error,1,34.65,14,3,STANDARD,3,none,1
16785.42,1306,9,9,0,1.0,upi,bank_timeout,1,30.86,19,1,STANDARD,1,none,1
7333.32,536,11,7,4,0.6364,card,insufficient_funds,1,40.8,21,2,STANDARD,3,none,0
8240.95,1290,15,12,3,0.8,upi,network_error,3,60.87,8,4,STANDARD,0,none,1
2823.96,630,9,8,1,0.8889,netbanking,insufficient_funds,3,38.36,1,6,STANDARD,0,none,1
3299.78,811,10,8,2,0.8,upi,fraud_suspected,2,112.17,6,5,STANDARD,0,none,0
5466.29,555,8,6,2,0.75,upi,network_error,3,12.91,6,6,STANDARD,1,none,1
4851.58,1579,7,5,2,0.7143,card,fraud_suspected,2,43.88,15,6,PREMIUM,0,active,0
2331.55,1211,11,8,3,0.7273,card,insufficient_funds,1,23.65,5,5,STANDARD,1,none,1
6940.75,1287,7,6,1,0.8571,upi,temporary_failure,1,65.17,8,2,STANDARD,2,none,1
30021.62,456,8,5,3,0.625,card,temporary_failure,2,52.45,9,6,STANDARD,1,none,1
6619.2,1289,8,6,2,0.75,card,insufficient_funds,3,20.98,19,2,PREMIUM,1,active,0
24543.32,926,5,3,2,0.6,upi,network_error,1,38.67,23,5,ENTERPRISE,0,active,1
5623.88,442,10,7,3,0.7,upi,insufficient_funds,3,12.13,2,1,STANDARD,0,none,1
9434.0,756,7,5,2,0.7143,card,bank_decline,3,64.77,11,3,PREMIUM,0,active,1
5081.39,371,13,8,5,0.6154,upi,temporary_failure,1,15.15,4,0,PREMIUM,1,active,1
5661.37,558,6,4,2,0.6667,upi,fraud_suspected,2,42.3,23,5,PREMIUM,0,active,0
2200.66,1590,12,10,2,0.8333,upi,network_error,3,10.66,5,6,PREMIUM,1,active,0
2186.84,26,7,5,2,0.7143,upi,invalid_account,3,67.73,9,6,STANDARD,0,none,0
5760.48,1174,16,12,4,0.75,upi,insufficient_funds,2,43.44,18,4,STANDARD,1,none,0
8629.17,381,12,9,3,0.75,upi,network_error,3,9.41,18,0,STANDARD,1,none,1
8263.93,1662,8,6,2,0.75,netbanking,network_error,2,21.18,10,2,PREMIUM,2,active,1
9714.07,934,10,6,4,0.6,card,temporary_failure,2,23.77,11,0,STANDARD,1,none,1
1092.72,206,11,7,4,0.6364,card,invalid_account,3,44.33,13,5,PREMIUM,1,active,0
4442.93,824,13,11,2,0.8462,card,network_error,2,104.34,13,5,STANDARD,1,none,1
7913.9,798,9,8,1,0.8889,card,bank_timeout,1,10.2,14,1,STANDARD,1,none,1
542.96,127,10,9,1,0.9,upi,temporary_failure,3,27.78,17,4,PREMIUM,3,active,0
4884.53,1684,12,11,1,0.9167,card,temporary_failure,2,15.85,13,2,ENTERPRISE,0,active,1
3902.11,1395,10,6,4,0.6,netbanking,network_error,3,83.79,14,3,STANDARD,4,none,0
6519.18,1186,6,6,0,1.0,netbanking,insufficient_funds,2,35.74,20,3,STANDARD,0,none,1
2197.54,1193,9,7,2,0.7778,netbanking,bank_decline,3,81.4,3,3,STANDARD,0,none,0
9806.25,1467,5,3,2,0.6,card,temporary_failure,3,21.28,22,3,STANDARD,2,none,0
5510.49,1715,10,7,3,0.7,upi,invalid_account,2,34.36,21,2,PREMIUM,2,active,0
4096.5,604,11,9,2,0.8182,netbanking,network_error,3,45.97,23,1,STANDARD,2,none,0
3716.28,253,4,4,0,1.0,wallet,bank_decline,2,126.71,4,1,STANDARD,2,none,0
3295.93,1317,11,10,1,0.9091,wallet,temporary_failure,1,25.7,9,3,STANDARD,2,none,1
4535.35,748,9,7,2,0.7778,upi,insufficient_funds,2,10.54,16,2,ENTERPRISE,2,active,0
2902.82,1519,12,9,3,0.75,card,invalid_account,3,46.93,16,0,STANDARD,2,none,0
4628.55,138,10,8,2,0.8,upi,insufficient_funds,1,12.26,20,4,PREMIUM,4,active,1
3915.41,1673,10,6,4,0.6,card,bank_timeout,3,18.97,4,4,STANDARD,1,none,1
3360.69,592,5,3,2,0.6,upi,insufficient_funds,1,49.35,17,4,STANDARD,2,none,0
2269.33,239,8,6,2,0.75,card,network_error,1,46.85,15,6,ENTERPRISE,2,active,1
5619.76,650,13,9,4,0.6923,wallet,temporary_failure,3,16.37,13,3,PREMIUM,1,active,1
9411.87,788,3,1,2,0.3333,upi,insufficient_funds,3,35.86,12,0,STANDARD,1,none,0
12025.8,268,4,3,1,0.75,upi,insufficient_funds,2,21.02,12,0,STANDARD,1,none,1
5240.43,688,13,9,4,0.6923,upi,temporary_failure,3,38.41,15,2,PREMIUM,3,active,0
7765.53,337,12,8,4,0.6667,netbanking,bank_timeout,3,24.96,9,1,STANDARD,1,none,1
2613.41,581,8,7,1,0.875,netbanking,temporary_failure,3,67.77,2,6,STANDARD,0,none,1
4247.74,664,11,7,4,0.6364,upi,bank_decline,3,58.6,0,1,PREMIUM,0,active,1
4561.15,802,7,4,3,0.5714,card,insufficient_funds,3,8.69,20,5,STANDARD,5,none,1
6649.16,1707,8,8,0,1.0,upi,invalid_account,2,35.94,8,5,STANDARD,2,none,1
1383.48,494,10,8,2,0.8,wallet,bank_decline,1,23.86,2,1,PREMIUM,0,active,1
2226.95,210,5,3,2,0.6,upi,insufficient_funds,3,54.04,13,2,STANDARD,1,none,0
4810.16,205,13,10,3,0.7692,card,insufficient_funds,3,22.28,4,2,STANDARD,1,none,0
7663.15,1538,7,4,3,0.5714,card,insufficient_funds,2,39.01,21,5,STANDARD,0,none,1
8081.4,1719,11,7,4,0.6364,upi,bank_decline,1,13.11,20,5,STANDARD,0,none,0
18772.78,9,13,10,3,0.7692,netbanking,bank_timeout,2,5.12,1,4,STANDARD,2,none,1
2406.75,1029,9,6,3,0.6667,upi,insufficient_funds,1,33.64,8,5,PREMIUM,0,active,1
8536.5,932,7,4,3,0.5714,upi,bank_decline,3,14.01,16,6,PREMIUM,0,active,0
1710.7,1502,9,5,4,0.5556,card,bank_decline,2,39.16,23,0,PREMIUM,2,active,0
7467.07,152,6,5,1,0.8333,upi,bank_timeout,1,2.26,3,2,STANDARD,0,none,1
6691.25,524,9,8,1,0.8889,upi,bank_decline,2,68.97,19,0,STANDARD,0,none,0
7453.46,1623,6,4,2,0.6667,upi,insufficient_funds,1,25.3,1,3,PREMIUM,1,active,0
7512.5,384,5,3,2,0.6,netbanking,bank_timeout,2,16.55,8,1,STANDARD,1,none,1
1584.95,196,4,4,0,1.0,netbanking,fraud_suspected,2,64.32,16,2,STANDARD,0,none,0
10229.1,117,10,8,2,0.8,card,insufficient_funds,3,94.01,13,1,STANDARD,1,none,1
721.01,896,10,6,4,0.6,card,network_error,2,50.33,3,4,STANDARD,1,none,1
2734.94,748,7,6,1,0.8571,upi,network_error,3,27.29,18,3,STANDARD,1,none,1
5430.45,110,8,6,2,0.75,card,invalid_account,3,72.87,11,3,STANDARD,0,none,0
4257.73,246,8,5,3,0.625,wallet,network_error,1,60.42,20,0,STANDARD,2,none,1
1421.79,1683,9,7,2,0.7778,netbanking,insufficient_funds,2,108.27,19,5,STANDARD,0,none,1
5906.2,801,8,6,2,0.75,netbanking,network_error,2,44.16,22,5,STANDARD,0,none,1
25251.99,226,11,11,0,1.0,card,insufficient_funds,1,42.61,6,0,STANDARD,0,none,1
4792.5,1692,5,5,0,1.0,card,insufficient_funds,3,30.19,0,0,PREMIUM,2,active,1
4020.3,727,8,5,3,0.625,card,bank_timeout,2,25.53,5,0,STANDARD,1,none,1
1601.76,394,5,4,1,0.8,netbanking,bank_decline,2,30.91,6,2,STANDARD,3,none,0
1389.69,1643,9,7,2,0.7778,card,temporary_failure,3,44.46,15,3,STANDARD,2,none,1
1650.43,929,8,7,1,0.875,card,bank_decline,1,62.29,13,5,STANDARD,1,none,1
7401.74,1188,10,7,3,0.7,wallet,temporary_failure,2,69.01,4,3,STANDARD,0,none,1
5937.48,1289,12,9,3,0.75,upi,temporary_failure,1,51.49,2,3,STANDARD,0,none,1
8627.82,1782,6,4,2,0.6667,upi,insufficient_funds,2,65.08,17,5,STANDARD,3,none,0
4070.54,114,12,11,1,0.9167,netbanking,bank_timeout,2,42.52,5,6,STANDARD,1,none,1
2783.41,651,9,6,3,0.6667,netbanking,bank_timeout,2,58.25,23,1,PREMIUM,0,active,0
1835.74,1030,10,7,3,0.7,upi,fraud_suspected,2,22.57,22,3,PREMIUM,0,active,0
1060.9,696,9,8,1,0.8889,card,network_error,2,0.43,4,1,PREMIUM,0,active,1
3180.56,1025,5,4,1,0.8,netbanking,insufficient_funds,1,39.79,17,5,PREMIUM,2,active,0
2387.44,342,6,5,1,0.8333,card,insufficient_funds,1,63.18,18,3,STANDARD,2,none,0
17843.04,1057,7,5,2,0.7143,card,network_error,1,37.65,3,4,ENTERPRISE,2,active,1
10560.69,259,8,6,2,0.75,upi,insufficient_funds,3,6.36,6,6,STANDARD,2,none,0
1772.67,1452,5,4,1,0.8,card,fraud_suspected,3,5.98,12,2,STANDARD,1,none,0
3505.8,311,11,9,2,0.8182,netbanking,temporary_failure,2,35.54,11,0,PREMIUM,2,active,1
461.34,1483,6,4,2,0.6667,card,temporary_failure,3,18.3,2,2,PREMIUM,0,active,1
4621.44,1353,9,7,2,0.7778,upi,network_error,2,42.99,3,3,STANDARD,1,none,0
5167.56,1534,6,5,1,0.8333,upi,insufficient_funds,3,37.98,23,1,STANDARD,1,none,1
5367.84,894,12,8,4,0.6667,upi,bank_timeout,3,23.76,21,6,STANDARD,0,none,1
6969.43,255,9,6,3,0.6667,upi,bank_decline,3,42.36,20,1,PREMIUM,1,active,0
4010.29,362,4,4,0,1.0,card,invalid_account,2,48.84,0,1,STANDARD,0,none,0
3501.8,409,5,5,0,1.0,netbanking,bank_decline,1,31.86,13,3,STANDARD,0,none,1
4063.68,1488,7,5,2,0.7143,upi,insufficient_funds,1,17.12,12,2,PREMIUM,1,active,0
1726.67,1502,7,5,2,0.7143,upi,temporary_failure,2,31.29,23,5,PREMIUM,0,active,1
3401.13,801,8,6,2,0.75,netbanking,temporary_failure,1,70.84,18,1,STANDARD,0,none,1
6901.7,921,10,7,3,0.7,wallet,bank_decline,2,1.46,5,0,STANDARD,1,none,0
2676.71,1582,6,5,1,0.8333,card,insufficient_funds,2,18.31,23,3,STANDARD,1,none,0
12319.33,1042,8,6,2,0.75,upi,temporary_failure,3,58.95,20,0,ENTERPRISE,1,active,1
3403.87,673,7,5,2,0.7143,upi,insufficient_funds,2,52.73,12,4,STANDARD,0,none,0
2676.16,992,9,8,1,0.8889,netbanking,bank_timeout,3,3.27,22,6,PREMIUM,1,active,1
2042.14,1310,8,7,1,0.875,upi,bank_decline,2,61.37,0,5,STANDARD,0,none,1
3095.02,86,8,8,0,1.0,upi,bank_timeout,3,25.43,16,6,STANDARD,2,none,0
2113.48,1626,2,2,0,1.0,upi,insufficient_funds,3,142.61,5,5,STANDARD,2,none,0
4672.86,607,12,11,1,0.9167,wallet,insufficient_funds,2,36.18,20,0,ENTERPRISE,3,active,1
6193.79,1227,13,13,0,1.0,card,insufficient_funds,3,44.14,3,0,STANDARD,3,none,1
26760.59,757,12,10,2,0.8333,upi,fraud_suspected,3,61.35,1,5,STANDARD,1,none,0
2093.9,969,9,8,1,0.8889,card,bank_timeout,3,63.2,1,2,STANDARD,0,none,1
3637.28,1403,13,10,3,0.7692,card,bank_decline,1,57.24,21,3,STANDARD,1,none,1
5613.72,1027,15,13,2,0.8667,card,bank_decline,3,13.0,14,3,STANDARD,1,none,0
5666.15,1362,11,8,3,0.7273,card,bank_decline,1,33.95,9,3,PREMIUM,3,active,1
5932.83,1074,6,6,0,1.0,wallet,temporary_failure,2,10.97,14,4,STANDARD,0,none,1
9979.39,546,13,12,1,0.9231,upi,bank_timeout,2,57.58,14,6,STANDARD,2,none,1
2601.78,1479,12,9,3,0.75,card,bank_decline,1,92.36,0,4,STANDARD,2,none,0
3948.27,1163,6,4,2,0.6667,upi,bank_timeout,3,80.81,22,6,STANDARD,0,none,1
6547.88,84,13,8,5,0.6154,upi,insufficient_funds,3,41.66,18,3,ENTERPRISE,1,active,0
1015.99,1156,8,5,3,0.625,card,fraud_suspected,1,32.98,4,2,STANDARD,2,none,0
2349.75,577,9,7,2,0.7778,card,insufficient_funds,3,17.51,6,4,STANDARD,0,none,0
4100.0,1372,8,6,2,0.75,card,invalid_account,1,51.81,16,4,STANDARD,1,none,1
7824.48,1756,10,8,2,0.8,netbanking,insufficient_funds,2,10.05,5,3,PREMIUM,1,active,1
3412.87,453,10,7,3,0.7,netbanking,temporary_failure,1,24.08,17,0,PREMIUM,1,active,0
5306.45,546,12,8,4,0.6667,card,insufficient_funds,1,97.35,3,2,STANDARD,1,none,0
711.71,149,8,6,2,0.75,upi,insufficient_funds,2,15.17,20,5,PREMIUM,1,active,1
1879.24,357,8,7,1,0.875,netbanking,insufficient_funds,3,62.38,17,1,STANDARD,1,none,1
996.26,1607,13,12,1,0.9231,wallet,insufficient_funds,3,45.32,1,4,STANDARD,0,none,1
4680.42,513,11,10,1,0.9091,upi,insufficient_funds,1,38.74,7,3,STANDARD,0,none,1
2597.14,1008,8,4,4,0.5,card,bank_decline,2,78.98,6,5,PREMIUM,0,active,0
6968.99,522,6,4,2,0.6667,card,invalid_account,2,74.41,7,6,STANDARD,2,none,0
4372.54,995,6,5,1,0.8333,upi,insufficient_funds,1,84.15,8,6,STANDARD,0,none,0
2926.03,365,12,12,0,1.0,card,insufficient_funds,1,27.97,4,5,STANDARD,0,none,1
5042.94,1322,11,8,3,0.7273,netbanking,insufficient_funds,3,60.9,5,5,STANDARD,3,none,1
5658.78,699,12,6,6,0.5,upi,insufficient_funds,1,31.77,12,4,STANDARD,1,none,0
2713.35,133,11,5,6,0.4545,card,network_error,3,65.46,20,2,STANDARD,1,none,0
5453.07,1003,11,9,2,0.8182,upi,insufficient_funds,3,24.31,23,0,PREMIUM,0,active,1
1578.79,1118,12,10,2,0.8333,card,bank_decline,2,49.82,2,5,ENTERPRISE,1,active,1
4784.9,483,12,9,3,0.75,upi,temporary_failure,1,36.63,9,5,STANDARD,0,none,1
6147.5,616,14,10,4,0.7143,upi,temporary_failure,1,49.1,16,2,STANDARD,1,none,1
3428.99,1410,8,6,2,0.75,upi,bank_decline,3,36.63,7,2,STANDARD,0,none,1
2665.3,927,6,6,0,1.0,card,fraud_suspected,2,65.94,22,6,STANDARD,2,none,1
1238.22,767,13,11,2,0.8462,upi,insufficient_funds,2,20.82,12,0,STANDARD,1,none,0
6235.42,1056,7,4,3,0.5714,upi,network_error,1,42.46,10,3,STANDARD,2,none,1
1828.13,1295,11,10,1,0.9091,upi,bank_decline,1,38.36,19,6,STANDARD,0,none,1
1011.83,1016,7,6,1,0.8571,card,bank_decline,2,46.29,7,3,PREMIUM,2,active,1
3771.63,1138,7,7,0,1.0,upi,temporary_failure,1,38.53,17,3,PREMIUM,0,active,1
1447.57,489,7,6,1,0.8571,card,bank_timeout,2,25.08,6,4,ENTERPRISE,1,active,1
1225.66,534,12,10,2,0.8333,upi,bank_decline,2,73.71,14,6,PREMIUM,0,active,1
6547.18,1443,10,9,1,0.9,card,insufficient_funds,3,19.84,18,0,STANDARD,0,none,0
4776.29,391,12,11,1,0.9167,card,invalid_account,2,86.82,15,2,STANDARD,0,none,0
5404.41,622,9,6,3,0.6667,card,temporary_failure,3,15.59,21,3,STANDARD,0,none,1
14679.13,891,7,7,0,1.0,upi,fraud_suspected,3,96.54,12,6,STANDARD,1,none,0
4639.29,812,8,6,2,0.75,netbanking,insufficient_funds,1,14.11,14,3,STANDARD,0,none,0
4812.33,1388,7,7,0,1.0,upi,network_error,1,113.07,12,4,STANDARD,1,none,1
2377.1,596,16,14,2,0.875,card,bank_decline,2,30.67,6,0,STANDARD,1,none,1
14216.97,1504,12,9,3,0.75,netbanking,bank_decline,2,85.37,17,2,PREMIUM,2,active,0
1951.9,843,1,1,0,1.0,upi,bank_timeout,2,36.74,6,0,STANDARD,1,none,1
17029.99,86,5,3,2,0.6,wallet,insufficient_funds,3,37.97,4,6,STANDARD,0,none,0
1418.14,1036,12,9,3,0.75,upi,insufficient_funds,1,28.84,0,3,STANDARD,1,none,0
2587.12,546,11,8,3,0.7273,card,fraud_suspected,2,12.68,0,2,STANDARD,0,none,1
7563.31,1140,13,9,4,0.6923,netbanking,insufficient_funds,1,10.28,11,2,STANDARD,1,none,0
9661.98,447,8,6,2,0.75,upi,network_error,2,10.23,1,5,PREMIUM,1,active,1
1291.82,1133,11,9,2,0.8182,card,fraud_suspected,1,15.81,20,3,STANDARD,1,none,0
4755.08,166,7,7,0,1.0,card,invalid_account,2,11.44,13,2,STANDARD,0,none,0
7206.22,332,12,9,3,0.75,netbanking,network_error,3,30.58,15,5,STANDARD,2,none,0
6558.68,503,8,8,0,1.0,upi,temporary_failure,1,53.4,7,2,PREMIUM,1,active,1
6599.7,1246,11,10,1,0.9091,card,bank_decline,1,80.82,21,6,STANDARD,2,none,1
1799.88,215,12,10,2,0.8333,upi,temporary_failure,3,24.54,22,2,STANDARD,2,none,1
16474.82,1431,11,6,5,0.5455,netbanking,bank_timeout,1,80.76,19,2,PREMIUM,0,active,1
1420.95,475,9,7,2,0.7778,netbanking,fraud_suspected,3,22.41,7,2,STANDARD,2,none,0
6339.37,1413,3,2,1,0.6667,upi,temporary_failure,2,12.82,8,2,PREMIUM,0,active,1
9639.62,1165,9,8,1,0.8889,upi,insufficient_funds,3,110.62,8,3,PREMIUM,0,active,0
12435.71,1435,9,7,2,0.7778,card,network_error,3,6.16,4,2,STANDARD,0,none,1
11153.11,451,10,9,1,0.9,card,insufficient_funds,3,31.4,0,2,STANDARD,1,none,0
11051.36,1313,7,7,0,1.0,upi,bank_timeout,3,30.91,10,4,PREMIUM,1,active,1
12965.5,361,9,6,3,0.6667,upi,invalid_account,1,42.12,1,1,STANDARD,1,none,0
3481.67,731,8,6,2,0.75,upi,invalid_account,3,90.86,10,3,STANDARD,1,none,0
2551.77,957,11,7,4,0.6364,card,temporary_failure,3,13.01,1,4,PREMIUM,2,active,0
10220.81,654,11,7,4,0.6364,upi,fraud_suspected,1,71.0,16,4,STANDARD,0,none,0
8634.95,869,8,7,1,0.875,upi,insufficient_funds,3,22.2,13,0,STANDARD,0,none,0
7124.56,1435,9,3,6,0.3333,upi,bank_timeout,3,38.41,2,5,STANDARD,3,none,1
3787.93,187,11,11,0,1.0,netbanking,temporary_failure,1,15.58,8,4,PREMIUM,0,active,1
764.17,389,8,7,1,0.875,netbanking,insufficient_funds,3,41.91,1,4,PREMIUM,1,active,1
10893.07,1297,9,8,1,0.8889,upi,bank_timeout,3,42.17,13,2,PREMIUM,0,active,1
5662.62,1557,4,3,1,0.75,upi,bank_decline,1,69.72,23,4,STANDARD,0,none,0
8067.48,1789,11,8,3,0.7273,upi,insufficient_funds,3,14.12,8,6,PREMIUM,1,active,1
2855.58,1085,7,7,0,1.0,upi,bank_timeout,2,20.19,3,3,STANDARD,0,none,1
3958.26,814,12,9,3,0.75,card,invalid_account,2,21.56,20,3,PREMIUM,2,active,0
2457.96,1373,3,2,1,0.6667,card,temporary_failure,2,25.55,2,1,STANDARD,1,none,1
3052.07,358,6,3,3,0.5,wallet,network_error,2,27.92,19,4,ENTERPRISE,2,active,1
4688.18,1792,8,8,0,1.0,netbanking,bank_timeout,1,79.02,15,4,STANDARD,1,none,1
31389.78,1355,9,7,2,0.7778,card,bank_timeout,1,38.8,2,4,STANDARD,2,none,1
846.82,1449,13,10,3,0.7692,card,bank_timeout,3,17.17,7,3,STANDARD,1,none,1
5925.62,1641,12,8,4,0.6667,upi,bank_timeout,2,54.27,18,5,PREMIUM,1,active,1
18203.05,591,10,9,1,0.9,wallet,bank_timeout,2,85.64,5,2,ENTERPRISE,1,active,0
9634.76,268,5,5,0,1.0,netbanking,insufficient_funds,3,34.99,17,6,PREMIUM,2,active,1
14961.4,294,8,6,2,0.75,upi,insufficient_funds,1,28.99,0,4,PREMIUM,0,active,1
1024.01,938,10,8,2,0.8,card,temporary_failure,3,31.67,23,5,STANDARD,0,none,1
1749.3,1659,2,1,1,0.5,netbanking,bank_decline,2,18.41,10,2,PREMIUM,2,active,1
5923.55,1667,9,4,5,0.4444,netbanking,invalid_account,1,49.3,12,2,STANDARD,1,none,0
25965.76,470,7,5,2,0.7143,upi,temporary_failure,1,24.7,10,4,STANDARD,4,none,1
2918.2,845,9,5,4,0.5556,card,fraud_suspected,3,51.41,20,2,STANDARD,2,none,0
1485.03,352,5,4,1,0.8,netbanking,bank_decline,2,84.7,8,5,STANDARD,0,none,1
4486.36,1258,9,6,3,0.6667,card,bank_timeout,1,56.87,17,2,STANDARD,1,none,0
6769.17,1286,6,4,2,0.6667,card,bank_decline,1,32.07,13,3,PREMIUM,0,active,1
5415.08,308,4,3,1,0.75,card,network_error,3,10.37,8,4,STANDARD,0,none,1
8943.19,1076,7,7,0,1.0,upi,temporary_failure,2,13.35,1,6,PREMIUM,1,active,1
7783.64,1176,12,11,1,0.9167,netbanking,temporary_failure,1,60.15,3,0,ENTERPRISE,0,active,1
2533.35,1514,10,9,1,0.9,card,bank_decline,2,10.22,11,5,PREMIUM,1,active,1
8714.11,1094,14,12,2,0.8571,card,bank_decline,1,16.51,19,5,STANDARD,0,none,1
1595.96,1721,10,9,1,0.9,card,temporary_failure,1,99.66,13,5,PREMIUM,1,active,0
2652.74,381,3,2,1,0.6667,wallet,network_error,2,50.74,2,1,PREMIUM,0,active,1
11785.21,467,7,7,0,1.0,upi,bank_decline,2,89.78,12,3,STANDARD,1,none,1
1078.87,217,17,12,5,0.7059,upi,network_error,1,10.42,16,5,PREMIUM,1,active,0
2693.3,1604,14,14,0,1.0,card,insufficient_funds,2,82.32,3,6,STANDARD,2,none,0
3272.56,1138,12,10,2,0.8333,card,temporary_failure,3,17.93,19,2,STANDARD,0,none,0
2406.6,1125,11,9,2,0.8182,upi,network_error,2,45.71,6,5,PREMIUM,1,active,1
5005.04,318,9,8,1,0.8889,netbanking,temporary_failure,1,119.16,7,6,STANDARD,1,none,1
1452.09,662,6,6,0,1.0,upi,fraud_suspected,2,35.13,5,6,ENTERPRISE,2,active,0
2390.78,1365,9,7,2,0.7778,card,bank_decline,3,16.61,12,5,STANDARD,1,none,0
1862.18,228,6,5,1,0.8333,upi,insufficient_funds,3,47.07,0,4,PREMIUM,1,active,1
13265.79,681,10,7,3,0.7,netbanking,temporary_failure,2,50.82,10,0,STANDARD,1,none,1
2871.12,1036,11,7,4,0.6364,card,insufficient_funds,2,33.18,5,5,STANDARD,2,none,0
12269.81,868,12,11,1,0.9167,upi,insufficient_funds,1,36.73,1,0,STANDARD,1,none,0
584.47,1637,12,9,3,0.75,card,temporary_failure,1,94.9,8,0,PREMIUM,0,active,0
4288.8,967,5,4,1,0.8,card,insufficient_funds,2,18.87,5,6,PREMIUM,1,active,1
9636.69,150,11,9,2,0.8182,upi,bank_decline,3,24.6,10,3,PREMIUM,0,active,1
5502.54,726,10,8,2,0.8,netbanking,insufficient_funds,3,46.26,4,1,STANDARD,0,none,1
6119.99,1746,8,6,2,0.75,netbanking,insufficient_funds,3,64.26,0,3,PREMIUM,1,active,0
1582.78,451,9,8,1,0.8889,upi,network_error,3,82.75,17,3,ENTERPRISE,1,active,0
3341.0,414,8,5,3,0.625,wallet,bank_timeout,2,41.47,3,4,STANDARD,0,none,1
7167.25,134,11,8,3,0.7273,card,bank_decline,1,14.65,0,1,STANDARD,1,none,0
6005.27,97,8,7,1,0.875,card,network_error,3,34.78,6,2,ENTERPRISE,1,active,0
10799.58,453,9,8,1,0.8889,card,bank_decline,3,15.28,3,5,STANDARD,2,none,1
4988.59,869,6,5,1,0.8333,card,network_error,2,5.44,12,4,PREMIUM,0,active,1
7966.14,445,16,11,5,0.6875,upi,bank_decline,3,36.07,0,1,STANDARD,2,none,1
12526.37,461,11,10,1,0.9091,upi,bank_decline,3,58.52,8,3,PREMIUM,1,active,1
8613.26,1569,12,11,1,0.9167,netbanking,fraud_suspected,1,22.72,12,4,PREMIUM,0,active,0
3146.69,168,9,6,3,0.6667,netbanking,network_error,2,89.33,18,2,STANDARD,1,none,0
4916.78,1713,8,6,2,0.75,upi,temporary_failure,2,31.6,18,4,PREMIUM,4,active,1
7863.08,863,10,9,1,0.9,upi,network_error,3,31.66,19,4,PREMIUM,1,active,1
8036.85,379,11,10,1,0.9091,card,temporary_failure,1,25.43,3,5,ENTERPRISE,1,active,1
3209.22,1359,8,5,3,0.625,upi,network_error,3,63.47,1,5,STANDARD,1,none,1
3420.13,578,10,7,3,0.7,upi,bank_decline,1,24.78,7,2,STANDARD,0,none,0
1594.09,1680,12,8,4,0.6667,card,temporary_failure,2,42.1,16,5,STANDARD,0,none,1
6822.22,989,9,8,1,0.8889,card,bank_timeout,1,6.18,6,0,PREMIUM,1,active,1
6096.42,1219,8,5,3,0.625,wallet,temporary_failure,2,34.39,11,3,STANDARD,2,none,0
6057.95,1770,5,4,1,0.8,card,fraud_suspected,1,29.72,22,1,PREMIUM,2,active,1
3614.54,925,8,7,1,0.875,netbanking,temporary_failure,2,58.8,21,6,STANDARD,1,none,1
10982.73,160,10,8,2,0.8,card,invalid_account,2,58.99,1,1,STANDARD,0,none,0
12398.5,1793,6,6,0,1.0,card,insufficient_funds,3,37.24,7,1,PREMIUM,1,active,1
4047.73,1694,4,2,2,0.5,card,insufficient_funds,2,10.13,21,3,STANDARD,1,none,1
1932.24,1585,8,6,2,0.75,upi,temporary_failure,3,9.71,0,3,STANDARD,0,none,1
747.03,481,11,7,4,0.6364,netbanking,insufficient_funds,2,68.75,18,1,STANDARD,1,none,1
1474.92,1230,6,5,1,0.8333,card,bank_timeout,3,38.83,7,0,STANDARD,1,none,1
7195.72,1355,10,7,3,0.7,netbanking,insufficient_funds,1,39.82,7,0,STANDARD,1,none,1
1796.18,868,11,9,2,0.8182,wallet,network_error,1,15.04,6,6,STANDARD,2,none,1
6161.34,1447,15,13,2,0.8667,card,network_error,3,59.33,15,5,STANDARD,1,none,1
1683.05,1495,14,9,5,0.6429,card,temporary_failure,3,40.13,1,6,PREMIUM,1,active,0
1311.39,1003,12,12,0,1.0,netbanking,insufficient_funds,1,43.14,13,6,STANDARD,2,none,0
5805.01,863,8,5,3,0.625,card,network_error,1,46.34,19,0,STANDARD,1,none,0
3449.13,172,14,13,1,0.9286,card,temporary_failure,2,32.75,5,4,PREMIUM,0,active,1
2273.89,1040,8,7,1,0.875,card,insufficient_funds,3,47.08,21,4,STANDARD,0,none,1
6357.73,1055,7,4,3,0.5714,upi,invalid_account,3,1.92,20,4,STANDARD,1,none,0
15371.17,214,12,11,1,0.9167,card,invalid_account,2,14.04,21,6,ENTERPRISE,0,active,1
2350.56,494,7,5,2,0.7143,netbanking,fraud_suspected,2,17.38,18,1,STANDARD,2,none,0
3709.58,936,2,2,0,1.0,upi,insufficient_funds,3,29.49,23,1,STANDARD,2,none,1
2517.28,285,11,6,5,0.5455,netbanking,bank_timeout,2,11.35,11,5,STANDARD,1,none,0
5799.68,1651,9,6,3,0.6667,card,bank_decline,2,59.72,10,6,PREMIUM,2,active,0
4415.04,314,7,6,1,0.8571,netbanking,bank_timeout,3,21.07,7,2,STANDARD,1,none,1
2715.96,71,10,9,1,0.9,upi,bank_decline,3,24.13,6,6,ENTERPRISE,2,active,1
18553.44,684,17,11,6,0.6471,netbanking,bank_timeout,2,84.63,10,2,PREMIUM,0,active,0
1115.68,900,4,2,2,0.5,upi,invalid_account,3,36.1,0,5,STANDARD,1,none,0
4119.62,731,7,5,2,0.7143,card,temporary_failure,3,22.11,13,2,STANDARD,0,none,0
6622.92,1335,10,9,1,0.9,upi,insufficient_funds,1,47.14,23,3,PREMIUM,1,active,1
2819.08,1136,5,3,2,0.6,upi,insufficient_funds,3,45.37,13,3,STANDARD,1,none,0
5645.66,1261,14,12,2,0.8571,wallet,fraud_suspected,1,23.41,23,4,PREMIUM,0,active,0
5150.64,1042,4,3,1,0.75,card,network_error,1,34.53,16,0,ENTERPRISE,1,active,1
9930.89,888,7,5,2,0.7143,upi,temporary_failure,3,30.31,13,3,STANDARD,0,none,1
9985.91,893,5,1,4,0.2,upi,temporary_failure,3,52.89,22,0,STANDARD,3,none,0
3462.08,1095,9,6,3,0.6667,card,bank_decline,1,67.17,6,4,STANDARD,1,none,0
8722.87,489,4,2,2,0.5,card,temporary_failure,2,80.48,21,5,STANDARD,1,none,0
14232.37,86,10,7,3,0.7,upi,bank_decline,1,28.11,8,0,STANDARD,1,none,0
5034.44,1746,9,5,4,0.5556,upi,insufficient_funds,2,21.25,14,6,STANDARD,0,none,0
2858.08,1144,11,9,2,0.8182,netbanking,network_error,2,67.34,4,3,PREMIUM,1,active,1
2592.34,1575,13,10,3,0.7692,upi,temporary_failure,1,57.43,12,4,STANDARD,0,none,0
7286.86,1335,11,8,3,0.7273,wallet,bank_decline,1,28.96,18,4,PREMIUM,4,active,1
2070.98,1339,8,6,2,0.75,card,fraud_suspected,1,146.44,9,1,STANDARD,1,none,0
2663.53,842,10,8,2,0.8,netbanking,invalid_account,3,50.3,12,1,ENTERPRISE,0,active,0
4902.0,191,9,8,1,0.8889,upi,bank_decline,3,78.3,20,2,STANDARD,4,none,0
2057.81,991,4,3,1,0.75,card,temporary_failure,2,2.43,15,3,STANDARD,0,none,1
3827.71,739,14,8,6,0.5714,upi,network_error,3,25.4,9,5,STANDARD,0,none,1
8289.71,370,6,5,1,0.8333,upi,invalid_account,3,54.09,0,0,STANDARD,0,none,0
1614.62,165,9,7,2,0.7778,card,bank_decline,2,65.61,8,6,ENTERPRISE,1,active,0
5261.28,548,11,8,3,0.7273,card,network_error,3,12.43,13,5,STANDARD,1,none,1
6702.04,1157,10,5,5,0.5,upi,insufficient_funds,2,63.66,1,5,STANDARD,1,none,0
11106.49,375,11,7,4,0.6364,netbanking,network_error,1,28.92,18,6,STANDARD,1,none,1
4172.03,1341,9,5,4,0.5556,wallet,insufficient_funds,2,38.82,11,5,STANDARD,1,none,1
3625.16,617,9,6,3,0.6667,card,insufficient_funds,1,103.38,17,6,STANDARD,0,none,0
3064.41,693,15,12,3,0.8,upi,fraud_suspected,3,33.56,11,2,STANDARD,0,none,0
1952.77,1339,15,12,3,0.8,card,temporary_failure,3,8.55,19,1,PREMIUM,0,active,0
10694.23,548,6,3,3,0.5,card,network_error,2,23.79,2,4,STANDARD,1,none,1
4699.31,708,10,5,5,0.5,card,bank_timeout,1,28.93,17,0,ENTERPRISE,3,active,1
4042.67,1389,6,5,1,0.8333,upi,insufficient_funds,1,7.6,23,0,ENTERPRISE,1,active,1
4076.81,605,8,4,4,0.5,card,bank_decline,3,69.07,22,0,STANDARD,1,none,0
3056.81,407,7,5,2,0.7143,netbanking,temporary_failure,3,61.4,1,3,PREMIUM,1,active,1
2520.03,712,17,14,3,0.8235,upi,insufficient_funds,2,16.06,7,4,PREMIUM,1,active,1
3380.92,716,10,7,3,0.7,card,bank_decline,3,24.54,5,1,PREMIUM,1,active,0
2036.11,1005,7,4,3,0.5714,upi,temporary_failure,3,8.55,11,6,STANDARD,0,none,1
3303.23,607,12,10,2,0.8333,card,bank_timeout,2,55.43,5,2,STANDARD,0,none,1
2732.53,1608,9,6,3,0.6667,card,network_error,1,31.97,10,6,STANDARD,0,none,1
3412.45,1460,11,8,3,0.7273,upi,network_error,1,56.34,0,4,STANDARD,1,none,1
1147.88,814,6,5,1,0.8333,card,network_error,1,3.96,16,6,PREMIUM,1,active,1
10621.59,1397,5,4,1,0.8,card,temporary_failure,3,64.32,15,0,STANDARD,2,none,0
4132.93,1164,9,7,2,0.7778,upi,temporary_failure,1,42.27,1,0,PREMIUM,2,active,1
2808.25,281,9,9,0,1.0,netbanking,invalid_account,3,102.39,3,0,STANDARD,0,none,0
2769.58,435,4,2,2,0.5,card,bank_decline,1,12.21,16,4,STANDARD,0,none,0
12914.75,315,9,8,1,0.8889,upi,temporary_failure,3,37.52,4,2,STANDARD,0,none,1
2549.15,1564,14,10,4,0.7143,netbanking,insufficient_funds,3,51.5,15,4,STANDARD,1,none,0
10096.48,338,12,10,2,0.8333,upi,bank_decline,1,103.41,10,0,PREMIUM,0,active,0
2384.79,216,7,4,3,0.5714,card,network_error,3,138.52,12,1,STANDARD,1,none,0
6372.89,262,10,8,2,0.8,card,temporary_failure,3,4.65,19,4,PREMIUM,0,active,1
6424.06,899,11,9,2,0.8182,upi,bank_timeout,3,15.64,3,1,STANDARD,2,none,0
11542.3,1251,9,9,0,1.0,card,invalid_account,3,38.69,9,5,STANDARD,0,none,0
4762.59,901,10,7,3,0.7,upi,network_error,2,50.73,9,6,STANDARD,0,none,1
3024.14,1492,11,10,1,0.9091,upi,insufficient_funds,3,31.21,17,1,STANDARD,2,none,1
10229.95,1287,12,8,4,0.6667,card,temporary_failure,2,6.26,13,6,STANDARD,1,none,0
7166.39,1162,9,6,3,0.6667,card,temporary_failure,2,79.24,15,4,STANDARD,3,none,0
951.12,488,11,9,2,0.8182,wallet,bank_decline,2,37.53,13,6,STANDARD,2,none,0
13489.41,197,6,5,1,0.8333,upi,network_error,3,26.43,16,3,PREMIUM,1,active,1
1993.48,533,10,7,3,0.7,netbanking,network_error,1,10.61,13,3,STANDARD,2,none,1
6653.54,388,14,10,4,0.7143,upi,invalid_account,2,56.01,22,0,PREMIUM,0,active,0
4028.91,1567,8,7,1,0.875,upi,insufficient_funds,3,30.05,8,1,STANDARD,0,none,1
337.13,520,15,11,4,0.7333,card,insufficient_funds,1,23.75,21,3,PREMIUM,1,active,0
14319.98,1791,7,4,3,0.5714,card,insufficient_funds,2,56.11,5,5,STANDARD,2,none,0
8722.84,1736,9,6,3,0.6667,upi,network_error,3,11.73,2,6,STANDARD,3,none,1
2875.74,1759,4,3,1,0.75,card,bank_timeout,2,29.8,9,4,STANDARD,1,none,0
26406.08,1264,12,11,1,0.9167,upi,bank_decline,2,37.59,15,1,STANDARD,2,none,0
3369.57,1288,4,3,1,0.75,upi,insufficient_funds,2,31.2,10,6,PREMIUM,1,active,1
3356.04,415,8,6,2,0.75,upi,bank_decline,1,57.73,4,3,STANDARD,5,none,1
2827.55,350,12,9,3,0.75,upi,bank_decline,2,20.76,2,1,STANDARD,2,none,1
6523.86,1283,10,8,2,0.8,card,network_error,3,28.63,15,5,PREMIUM,0,active,1
6009.3,110,7,5,2,0.7143,upi,insufficient_funds,1,12.87,19,4,STANDARD,3,none,0
3589.56,1185,10,7,3,0.7,upi,insufficient_funds,2,38.51,1,5,STANDARD,0,none,1
2859.84,1030,7,4,3,0.5714,netbanking,network_error,1,42.29,6,0,STANDARD,2,none,0
8018.38,1646,11,11,0,1.0,netbanking,bank_timeout,3,23.74,15,5,STANDARD,1,none,1
2351.0,1647,14,12,2,0.8571,upi,fraud_suspected,1,23.17,11,3,PREMIUM,4,active,1
6186.69,987,12,9,3,0.75,card,bank_decline,3,77.77,6,5,STANDARD,0,none,0
4732.94,331,12,12,0,1.0,netbanking,insufficient_funds,3,93.97,9,1,STANDARD,0,none,0
672.53,1363,11,10,1,0.9091,upi,insufficient_funds,1,25.82,0,6,PREMIUM,0,active,0
4180.62,353,5,4,1,0.8,netbanking,fraud_suspected,3,30.5,0,5,STANDARD,1,none,0
1879.85,584,9,8,1,0.8889,card,temporary_failure,3,29.94,15,6,ENTERPRISE,0,active,1
4615.95,936,8,7,1,0.875,upi,temporary_failure,2,17.05,4,3,STANDARD,3,none,1
5213.9,1050,8,7,1,0.875,card,bank_decline,1,10.49,6,3,STANDARD,3,none,1
10925.8,493,7,6,1,0.8571,netbanking,bank_decline,3,8.65,0,3,STANDARD,2,none,1
5128.83,140,3,2,1,0.6667,upi,invalid_account,3,42.42,23,3,STANDARD,2,none,0
5308.82,748,8,6,2,0.75,upi,bank_decline,1,9.64,22,1,ENTERPRISE,1,active,1
2318.81,1602,10,8,2,0.8,card,temporary_failure,2,39.76,4,1,STANDARD,1,none,0
2823.83,1504,8,6,2,0.75,card,temporary_failure,2,1.54,22,4,STANDARD,1,none,0
9843.62,695,10,8,2,0.8,upi,network_error,2,50.96,12,2,PREMIUM,0,active,1
2284.06,1409,8,5,3,0.625,upi,network_error,2,75.66,3,6,STANDARD,2,none,1
2564.55,1452,9,7,2,0.7778,wallet,temporary_failure,3,8.41,13,1,STANDARD,0,none,1
3437.53,1411,8,8,0,1.0,card,bank_timeout,3,17.77,2,6,STANDARD,0,none,1
14718.9,270,4,3,1,0.75,upi,bank_decline,2,42.45,16,6,STANDARD,3,none,0
2261.3,386,9,8,1,0.8889,upi,insufficient_funds,1,64.44,9,3,STANDARD,2,none,1
21012.1,211,9,7,2,0.7778,upi,bank_decline,1,80.67,14,4,STANDARD,2,none,0
13602.71,1519,6,6,0,1.0,netbanking,temporary_failure,1,65.52,22,1,STANDARD,0,none,1
11090.6,990,4,4,0,1.0,upi,temporary_failure,1,71.09,19,3,PREMIUM,0,active,1
2668.25,307,6,5,1,0.8333,upi,invalid_account,2,28.14,17,3,STANDARD,1,none,0
3371.09,451,9,7,2,0.7778,upi,network_error,1,15.41,16,0,STANDARD,3,none,1
2877.63,693,9,6,3,0.6667,wallet,temporary_failure,2,51.14,23,2,STANDARD,4,none,1
8204.77,1448,7,6,1,0.8571,upi,temporary_failure,3,13.04,11,6,STANDARD,0,none,1
4214.7,250,11,9,2,0.8182,upi,bank_timeout,1,22.48,4,3,STANDARD,2,none,0
4250.63,954,15,12,3,0.8,upi,insufficient_funds,1,21.65,3,0,PREMIUM,2,active,1
2767.25,1212,13,9,4,0.6923,card,bank_timeout,1,80.19,18,1,STANDARD,0,none,1
6810.66,1539,9,9,0,1.0,upi,insufficient_funds,3,31.89,5,0,STANDARD,1,none,0
4227.1,1361,11,9,2,0.8182,netbanking,temporary_failure,3,22.35,22,2,STANDARD,0,none,1
1452.85,327,10,9,1,0.9,upi,insufficient_funds,1,22.23,3,3,STANDARD,2,none,1
4003.91,680,10,7,3,0.7,upi,network_error,2,80.99,7,4,STANDARD,0,none,0
2047.91,1368,6,5,1,0.8333,wallet,bank_timeout,2,65.93,0,3,STANDARD,1,none,1
1220.23,1237,7,5,2,0.7143,upi,insufficient_funds,1,20.69,11,6,STANDARD,1,none,1
737.97,1386,9,7,2,0.7778,card,insufficient_funds,1,35.29,19,3,PREMIUM,1,active,0
1272.59,996,6,4,2,0.6667,upi,bank_decline,2,66.43,9,5,PREMIUM,1,active,0
12844.1,1609,17,13,4,0.7647,card,bank_timeout,2,47.28,22,3,PREMIUM,1,active,0
1540.22,1652,7,4,3,0.5714,upi,bank_decline,1,56.78,18,3,STANDARD,4,none,0
6363.33,106,8,8,0,1.0,card,bank_timeout,3,57.65,20,4,STANDARD,1,none,1
20846.84,518,15,13,2,0.8667,card,fraud_suspected,1,7.07,7,2,ENTERPRISE,0,active,0
1626.56,1412,7,7,0,1.0,upi,temporary_failure,1,10.69,21,5,PREMIUM,2,active,1
3365.74,1055,6,5,1,0.8333,upi,temporary_failure,3,24.98,10,1,PREMIUM,1,active,1
17723.07,347,10,5,5,0.5,netbanking,fraud_suspected,3,16.7,0,2,STANDARD,0,none,0
10354.4,996,7,7,0,1.0,upi,bank_decline,3,17.69,3,4,STANDARD,1,none,1
12818.18,575,9,8,1,0.8889,card,bank_decline,2,38.77,21,4,STANDARD,2,none,1
2704.96,499,16,12,4,0.75,upi,insufficient_funds,2,124.59,22,2,PREMIUM,1,active,0
8296.98,1336,12,10,2,0.8333,upi,network_error,3,24.11,11,3,STANDARD,3,none,1
2393.02,1678,10,7,3,0.7,wallet,temporary_failure,2,36.29,1,4,PREMIUM,0,active,1
2464.18,1446,14,9,5,0.6429,netbanking,insufficient_funds,3,23.32,3,3,PREMIUM,0,active,1
22226.72,950,9,9,0,1.0,netbanking,fraud_suspected,1,51.53,6,2,STANDARD,3,none,0
7389.02,1744,5,4,1,0.8,card,bank_timeout,2,11.26,22,0,PREMIUM,0,active,1
13080.27,1554,12,10,2,0.8333,upi,bank_decline,1,12.96,10,4,PREMIUM,2,active,0
1224.9,205,12,10,2,0.8333,card,invalid_account,1,33.26,12,6,PREMIUM,2,active,0
2331.39,1211,13,10,3,0.7692,card,bank_timeout,2,59.57,14,3,STANDARD,1,none,1
1155.25,10,12,9,3,0.75,upi,bank_timeout,1,9.04,17,4,PREMIUM,2,active,1
3574.27,835,12,10,2,0.8333,card,network_error,2,5.29,2,4,ENTERPRISE,0,active,0
17969.92,1185,7,4,3,0.5714,upi,temporary_failure,1,41.11,12,2,PREMIUM,2,active,0
3174.79,484,7,6,1,0.8571,card,bank_decline,3,52.38,19,4,PREMIUM,0,active,1
4497.0,1278,5,4,1,0.8,card,invalid_account,3,13.08,15,1,STANDARD,1,none,0
5979.0,311,8,7,1,0.875,upi,temporary_failure,1,27.75,17,3,PREMIUM,1,active,1
4130.6,1189,14,13,1,0.9286,netbanking,network_error,1,72.74,12,1,STANDARD,1,none,1
3805.69,1498,10,7,3,0.7,netbanking,invalid_account,1,30.11,5,0,STANDARD,1,none,0
2556.34,958,4,3,1,0.75,card,insufficient_funds,2,67.33,22,0,STANDARD,2,none,0
3313.59,1113,15,11,4,0.7333,card,temporary_failure,1,50.8,22,5,STANDARD,0,none,0
4365.03,904,7,7,0,1.0,card,bank_timeout,2,78.28,14,5,STANDARD,0,none,1
5438.2,1174,7,6,1,0.8571,card,bank_decline,2,74.85,0,3,ENTERPRISE,2,active,0
12150.06,358,8,7,1,0.875,card,network_error,1,22.78,10,4,STANDARD,0,none,1
2283.22,1120,13,8,5,0.6154,netbanking,insufficient_funds,1,58.54,15,1,STANDARD,2,none,1
7664.36,1286,9,9,0,1.0,netbanking,bank_timeout,1,52.48,14,3,PREMIUM,0,active,1
3218.95,665,9,8,1,0.8889,upi,temporary_failure,1,18.35,16,3,PREMIUM,0,active,1
4298.22,1342,11,9,2,0.8182,upi,bank_timeout,3,122.09,15,6,PREMIUM,2,active,1
1896.67,993,11,7,4,0.6364,upi,temporary_failure,1,26.67,22,1,STANDARD,0,none,1
3892.76,1472,14,12,2,0.8571,upi,temporary_failure,1,33.54,21,6,STANDARD,2,none,0
3783.75,1256,10,5,5,0.5,card,insufficient_funds,2,71.66,15,2,STANDARD,3,none,1
5745.12,886,12,11,1,0.9167,upi,bank_decline,2,46.3,2,5,STANDARD,0,none,0
1481.37,503,10,8,2,0.8,upi,temporary_failure,1,19.58,15,3,STANDARD,2,none,1
1737.97,538,11,10,1,0.9091,card,bank_timeout,2,43.6,12,6,STANDARD,0,none,1
9684.73,599,9,6,3,0.6667,upi,bank_timeout,3,15.18,8,0,STANDARD,2,none,1
1798.27,1299,7,5,2,0.7143,upi,network_error,3,43.32,13,3,STANDARD,1,none,1
3628.45,1194,12,8,4,0.6667,card,temporary_failure,2,22.18,22,6,STANDARD,0,none,1
2143.7,1187,9,7,2,0.7778,wallet,invalid_account,3,21.28,1,5,STANDARD,1,none,0
3950.42,582,7,6,1,0.8571,netbanking,insufficient_funds,3,24.84,20,5,STANDARD,3,none,0
3802.48,1107,13,11,2,0.8462,upi,insufficient_funds,1,3.19,16,5,STANDARD,1,none,1
5342.26,1256,8,7,1,0.875,netbanking,temporary_failure,2,45.34,17,0,STANDARD,1,none,1
1745.02,1326,8,6,2,0.75,upi,bank_decline,3,7.0,12,2,PREMIUM,1,active,1
1792.38,855,6,6,0,1.0,upi,temporary_failure,2,18.07,3,1,STANDARD,1,none,1
13596.51,1171,7,5,2,0.7143,upi,bank_decline,2,11.29,18,6,STANDARD,2,none,0
13805.75,1572,8,8,0,1.0,upi,insufficient_funds,2,11.98,7,1,STANDARD,0,none,1
1573.93,1511,5,3,2,0.6,upi,temporary_failure,3,23.11,11,2,STANDARD,2,none,1
5239.59,1135,9,4,5,0.4444,netbanking,temporary_failure,3,75.85,10,4,STANDARD,1,none,1
1239.79,1360,9,7,2,0.7778,card,insufficient_funds,2,7.01,14,1,STANDARD,1,none,0
2627.67,350,7,6,1,0.8571,card,insufficient_funds,3,31.09,16,2,STANDARD,1,none,1
9537.59,1405,5,2,3,0.4,upi,network_error,1,4.75,10,6,STANDARD,0,none,1
2499.74,691,9,6,3,0.6667,upi,network_error,3,10.08,5,5,PREMIUM,2,active,0
10413.67,877,6,6,0,1.0,upi,fraud_suspected,2,91.3,4,0,STANDARD,0,none,1
897.46,1183,6,5,1,0.8333,upi,insufficient_funds,2,9.37,14,4,STANDARD,0,none,1
8352.55,1774,3,3,0,1.0,upi,bank_timeout,1,16.57,5,1,PREMIUM,0,active,1
4416.49,729,10,9,1,0.9,upi,temporary_failure,2,49.08,16,1,STANDARD,2,none,1
5361.07,918,9,8,1,0.8889,card,insufficient_funds,1,62.46,21,5,PREMIUM,0,active,1
1778.24,186,9,7,2,0.7778,card,insufficient_funds,3,18.85,2,2,PREMIUM,0,active,0
1157.06,1342,9,7,2,0.7778,netbanking,insufficient_funds,1,46.94,8,4,PREMIUM,1,active,0
2668.58,1233,8,6,2,0.75,upi,temporary_failure,1,14.8,11,4,PREMIUM,1,active,1
40580.04,691,9,8,1,0.8889,card,bank_timeout,3,52.96,20,2,STANDARD,0,none,1
2465.88,1145,7,6,1,0.8571,card,bank_timeout,2,17.0,2,5,STANDARD,2,none,1
1946.08,1488,9,7,2,0.7778,upi,temporary_failure,3,52.29,7,4,PREMIUM,2,active,1
2774.15,975,7,5,2,0.7143,card,insufficient_funds,1,59.89,4,1,PREMIUM,3,active,0
3976.01,780,4,3,1,0.75,card,network_error,2,135.58,13,5,STANDARD,3,none,1
2864.47,690,6,4,2,0.6667,card,network_error,1,38.15,2,5,STANDARD,0,none,1
4028.58,340,11,9,2,0.8182,wallet,insufficient_funds,1,52.81,21,3,STANDARD,2,none,1
4145.73,609,11,9,2,0.8182,wallet,temporary_failure,2,33.07,17,3,PREMIUM,0,active,1
6517.85,1423,8,6,2,0.75,upi,bank_decline,3,14.73,11,1,STANDARD,0,none,1
3553.41,162,6,5,1,0.8333,upi,bank_decline,3,9.17,3,5,PREMIUM,0,active,1
4475.13,1762,11,6,5,0.5455,netbanking,bank_decline,1,45.35,10,2,PREMIUM,0,active,0
1049.5,911,13,11,2,0.8462,wallet,network_error,1,30.75,19,5,STANDARD,2,none,1
2755.5,306,10,4,6,0.4,upi,temporary_failure,3,141.29,20,0,STANDARD,0,none,0
2448.5,1022,10,10,0,1.0,card,temporary_failure,3,34.92,16,4,PREMIUM,0,active,1
2228.1,938,11,7,4,0.6364,upi,temporary_failure,2,18.39,18,1,STANDARD,1,none,0
5114.53,652,11,9,2,0.8182,upi,bank_timeout,2,25.3,6,4,STANDARD,0,none,1
2401.22,1563,12,11,1,0.9167,upi,invalid_account,1,35.34,4,5,STANDARD,0,none,0
1670.47,227,8,5,3,0.625,card,insufficient_funds,3,73.08,0,0,STANDARD,1,none,0
11687.61,1069,10,8,2,0.8,upi,insufficient_funds,1,173.55,1,1,ENTERPRISE,2,active,0
3049.34,1751,10,8,2,0.8,card,temporary_failure,1,48.99,23,0,STANDARD,1,none,1
6978.01,801,9,6,3,0.6667,upi,network_error,2,58.4,1,0,STANDARD,0,none,1
2545.93,206,8,7,1,0.875,upi,bank_decline,3,36.95,15,0,STANDARD,1,none,0
1927.52,1733,12,11,1,0.9167,netbanking,insufficient_funds,1,51.39,7,4,PREMIUM,1,active,1
1223.79,179,9,9,0,1.0,netbanking,bank_timeout,2,38.47,8,4,PREMIUM,1,active,1
14778.92,1578,9,7,2,0.7778,upi,network_error,1,90.62,14,5,STANDARD,2,none,0
6751.19,356,9,6,3,0.6667,netbanking,temporary_failure,1,61.98,23,5,STANDARD,1,none,0
2100.26,475,10,7,3,0.7,netbanking,temporary_failure,1,61.2,23,5,STANDARD,0,none,0
21433.42,359,4,3,1,0.75,upi,bank_timeout,2,64.45,1,4,PREMIUM,2,active,1
941.09,1607,8,6,2,0.75,upi,network_error,1,40.95,0,6,PREMIUM,2,active,1
4353.43,709,8,7,1,0.875,card,bank_timeout,2,61.74,19,2,STANDARD,0,none,1
1303.79,489,7,5,2,0.7143,card,bank_decline,1,35.28,6,1,STANDARD,1,none,1
1463.99,1235,13,9,4,0.6923,upi,fraud_suspected,1,16.34,9,4,STANDARD,1,none,0
363.91,1297,7,5,2,0.7143,card,network_error,1,39.52,17,4,PREMIUM,0,active,1
3523.29,449,8,6,2,0.75,upi,bank_timeout,1,12.55,4,5,STANDARD,1,none,1
5370.44,512,7,6,1,0.8571,upi,network_error,2,26.29,22,1,STANDARD,1,none,1
7886.19,1752,12,7,5,0.5833,wallet,bank_timeout,1,18.1,4,5,STANDARD,0,none,0
5724.55,860,7,5,2,0.7143,upi,bank_timeout,1,19.71,16,5,STANDARD,1,none,1
4133.25,756,7,5,2,0.7143,wallet,fraud_suspected,3,69.07,2,3,STANDARD,0,none,0
10022.14,1518,9,6,3,0.6667,netbanking,temporary_failure,1,2.09,23,3,STANDARD,0,none,1
9462.18,1711,5,4,1,0.8,upi,network_error,2,46.02,18,4,ENTERPRISE,1,active,1
2092.95,1665,7,5,2,0.7143,netbanking,temporary_failure,2,31.62,1,5,STANDARD,0,none,1
7031.54,619,6,6,0,1.0,card,invalid_account,1,30.8,0,5,STANDARD,0,none,1
7050.68,1294,13,9,4,0.6923,upi,bank_decline,3,28.94,14,1,PREMIUM,1,active,0
1656.59,874,10,6,4,0.6,card,insufficient_funds,1,8.96,1,4,PREMIUM,0,active,1
4375.07,1123,8,4,4,0.5,wallet,temporary_failure,2,28.15,15,5,STANDARD,2,none,0
1244.69,762,14,6,8,0.4286,card,invalid_account,1,36.4,2,4,STANDARD,1,none,0
2931.78,502,9,7,2,0.7778,card,insufficient_funds,3,26.67,23,0,PREMIUM,1,active,1
6198.03,534,17,12,5,0.7059,upi,fraud_suspected,2,18.61,3,5,STANDARD,1,none,0
7468.48,513,15,13,2,0.8667,upi,insufficient_funds,2,40.22,23,5,STANDARD,1,none,0
1963.95,805,18,16,2,0.8889,card,invalid_account,3,40.8,16,5,STANDARD,1,none,0
4426.54,513,7,5,2,0.7143,upi,temporary_failure,2,95.64,0,4,PREMIUM,2,active,1
8941.19,1660,7,7,0,1.0,card,fraud_suspected,1,26.59,3,6,STANDARD,1,none,0
3253.75,1481,11,9,2,0.8182,upi,bank_timeout,2,24.49,22,6,STANDARD,0,none,1
2999.39,1331,12,12,0,1.0,wallet,temporary_failure,1,28.27,10,0,STANDARD,0,none,1
11273.22,577,18,13,5,0.7222,card,bank_timeout,1,26.63,6,1,STANDARD,1,none,0
6698.21,1770,8,6,2,0.75,upi,bank_decline,2,35.36,21,3,STANDARD,1,none,0
4801.95,1754,7,7,0,1.0,wallet,insufficient_funds,1,49.72,15,2,STANDARD,0,none,1
950.19,1368,6,6,0,1.0,wallet,temporary_failure,3,30.97,11,1,STANDARD,2,none,1
4737.78,32,18,15,3,0.8333,card,temporary_failure,3,47.26,3,2,PREMIUM,0,active,1
2984.76,164,6,5,1,0.8333,wallet,insufficient_funds,3,39.6,19,6,ENTERPRISE,0,active,1
1882.09,1186,13,9,4,0.6923,upi,bank_timeout,1,6.47,23,2,STANDARD,2,none,0
3952.78,81,9,7,2,0.7778,card,network_error,2,43.88,1,4,PREMIUM,0,active,1
10534.33,128,11,10,1,0.9091,netbanking,temporary_failure,1,37.41,7,0,PREMIUM,2,active,1
21897.69,869,4,2,2,0.5,upi,temporary_failure,1,93.48,9,1,STANDARD,1,none,1
7055.56,206,6,4,2,0.6667,card,insufficient_funds,1,22.39,8,5,PREMIUM,1,active,1
1674.83,512,9,7,2,0.7778,card,insufficient_funds,1,31.71,1,3,STANDARD,0,none,0
2856.87,1336,11,11,0,1.0,netbanking,bank_timeout,1,13.05,4,0,STANDARD,0,none,1
2725.34,808,8,7,1,0.875,upi,network_error,2,7.73,20,5,STANDARD,1,none,1
1904.7,1273,6,4,2,0.6667,card,temporary_failure,3,25.04,9,6,STANDARD,0,none,1
6964.21,1302,9,7,2,0.7778,netbanking,bank_decline,2,37.42,23,3,STANDARD,0,none,1
2785.02,1736,7,5,2,0.7143,upi,insufficient_funds,2,28.94,9,5,STANDARD,1,none,0
1305.73,1759,12,8,4,0.6667,upi,temporary_failure,3,30.76,4,3,STANDARD,3,none,0
4418.61,7,15,14,1,0.9333,upi,invalid_account,1,34.56,9,3,STANDARD,1,none,0
15747.58,1568,8,7,1,0.875,card,temporary_failure,2,36.37,16,2,STANDARD,1,none,1
5617.9,76,5,3,2,0.6,upi,invalid_account,2,21.68,18,0,STANDARD,2,none,1
2400.63,140,5,4,1,0.8,card,bank_decline,2,19.36,3,1,PREMIUM,0,active,1
15596.87,1686,12,10,2,0.8333,upi,insufficient_funds,1,54.99,8,3,STANDARD,3,none,0
3636.36,1167,6,6,0,1.0,card,insufficient_funds,3,65.52,17,6,STANDARD,0,none,0
4484.86,634,5,4,1,0.8,card,insufficient_funds,1,16.58,20,1,STANDARD,0,none,0
4659.97,1680,8,6,2,0.75,upi,fraud_suspected,1,16.45,4,2,STANDARD,1,none,1
16243.85,727,7,4,3,0.5714,wallet,temporary_failure,1,25.78,8,4,PREMIUM,2,active,1
3594.03,346,8,6,2,0.75,upi,insufficient_funds,3,60.0,13,5,STANDARD,0,none,1
2472.17,964,14,12,2,0.8571,netbanking,network_error,2,31.27,14,5,STANDARD,0,none,1
9588.36,338,6,5,1,0.8333,wallet,fraud_suspected,2,47.08,11,6,STANDARD,0,none,0
14984.66,585,13,10,3,0.7692,netbanking,network_error,3,5.99,16,3,STANDARD,0,none,1
3649.05,944,10,7,3,0.7,card,temporary_failure,2,29.1,9,4,STANDARD,0,none,1
2807.16,307,5,5,0,1.0,card,insufficient_funds,1,80.21,8,1,PREMIUM,2,active,1
5579.75,643,10,8,2,0.8,upi,fraud_suspected,2,59.88,10,3,ENTERPRISE,1,active,0
578.89,1028,5,5,0,1.0,upi,insufficient_funds,2,49.9,19,3,PREMIUM,1,active,1
2750.29,22,11,7,4,0.6364,netbanking,temporary_failure,1,13.7,17,5,PREMIUM,2,active,1
1363.28,1501,6,5,1,0.8333,netbanking,temporary_failure,2,7.77,7,0,STANDARD,1,none,0
1081.88,512,12,6,6,0.5,wallet,fraud_suspected,2,15.02,6,3,STANDARD,1,none,0
1202.52,374,17,16,1,0.9412,card,insufficient_funds,1,58.2,12,0,PREMIUM,0,active,1
3708.76,992,4,4,0,1.0,netbanking,temporary_failure,2,124.63,1,2,STANDARD,1,none,1
1993.86,469,5,4,1,0.8,card,fraud_suspected,1,10.79,18,6,STANDARD,1,none,1
1318.46,477,4,2,2,0.5,netbanking,insufficient_funds,2,45.73,20,0,STANDARD,2,none,1
3820.89,874,4,4,0,1.0,netbanking,insufficient_funds,3,66.51,6,1,STANDARD,2,none,1
3255.96,638,8,4,4,0.5,upi,bank_timeout,2,33.74,0,5,STANDARD,0,none,0
5441.23,206,8,6,2,0.75,upi,insufficient_funds,3,55.43,10,6,STANDARD,1,none,0
5535.17,1452,5,4,1,0.8,upi,invalid_account,2,47.35,3,1,PREMIUM,0,active,0
2930.04,283,15,13,2,0.8667,card,invalid_account,3,26.3,17,3,STANDARD,1,none,1
6603.34,903,11,8,3,0.7273,card,bank_timeout,3,45.94,13,5,PREMIUM,1,active,0
2270.15,141,4,4,0,1.0,card,insufficient_funds,2,7.24,10,0,STANDARD,0,none,1
2801.94,1133,9,7,2,0.7778,upi,bank_timeout,1,34.34,19,6,PREMIUM,0,active,1
4205.91,1467,10,7,3,0.7,upi,insufficient_funds,1,24.41,9,5,STANDARD,1,none,1
6934.2,1198,6,4,2,0.6667,card,insufficient_funds,3,23.51,5,6,STANDARD,1,none,0
2896.28,689,6,6,0,1.0,upi,temporary_failure,1,4.98,7,3,STANDARD,1,none,1
1157.3,1230,8,8,0,1.0,wallet,fraud_suspected,3,20.37,17,0,PREMIUM,1,active,0
9383.21,1178,11,9,2,0.8182,netbanking,bank_decline,3,8.88,20,3,STANDARD,1,none,1
2016.21,27,14,12,2,0.8571,upi,bank_timeout,1,12.68,19,5,STANDARD,0,none,1
6344.63,419,8,6,2,0.75,card,network_error,3,61.46,1,4,PREMIUM,1,active,1
1787.77,867,7,5,2,0.7143,upi,network_error,1,105.74,1,4,STANDARD,4,none,1
686.83,266,15,12,3,0.8,upi,network_error,1,17.56,9,3,STANDARD,2,none,1
2735.15,1684,7,4,3,0.5714,upi,network_error,2,13.84,13,3,STANDARD,2,none,0
7463.54,820,12,8,4,0.6667,upi,bank_decline,2,35.22,8,5,PREMIUM,1,active,0
1384.51,1130,9,7,2,0.7778,wallet,network_error,1,20.82,16,1,STANDARD,1,none,1
3095.96,32,11,7,4,0.6364,wallet,temporary_failure,3,56.75,14,6,PREMIUM,1,active,1
6813.63,171,10,7,3,0.7,card,insufficient_funds,1,1.98,15,4,PREMIUM,0,active,0
5450.17,1044,9,9,0,1.0,card,invalid_account,1,68.14,21,0,PREMIUM,1,active,1
66254.26,60,4,2,2,0.5,card,network_error,1,33.04,18,3,STANDARD,0,none,1
6643.51,236,10,8,2,0.8,card,bank_decline,2,84.44,17,1,PREMIUM,2,active,0
4680.96,1516,11,7,4,0.6364,upi,network_error,1,124.19,2,0,PREMIUM,0,active,1
2899.1,1320,4,3,1,0.75,wallet,bank_timeout,1,31.85,14,2,STANDARD,0,none,1
2364.92,1753,11,10,1,0.9091,upi,bank_timeout,1,42.93,7,3,STANDARD,0,none,1
4053.11,1382,7,5,2,0.7143,card,network_error,3,14.77,19,6,STANDARD,0,none,1
6284.38,1037,5,5,0,1.0,upi,temporary_failure,3,16.9,18,2,ENTERPRISE,1,active,1
1044.16,772,7,5,2,0.7143,card,bank_decline,1,40.53,17,6,ENTERPRISE,0,active,0
2720.7,1533,6,5,1,0.8333,card,bank_decline,1,0.8,23,1,STANDARD,5,none,1
1459.43,1720,11,10,1,0.9091,card,network_error,3,22.3,15,6,STANDARD,2,none,1
1629.32,639,12,10,2,0.8333,upi,insufficient_funds,2,24.97,0,6,STANDARD,3,none,1
10706.49,1657,7,6,1,0.8571,card,temporary_failure,1,26.06,21,0,STANDARD,1,none,1
4850.12,1755,8,7,1,0.875,upi,temporary_failure,1,32.41,3,4,PREMIUM,3,active,0
9894.45,825,10,8,2,0.8,netbanking,bank_timeout,1,63.03,8,4,STANDARD,0,none,1
8814.49,1535,17,14,3,0.8235,wallet,insufficient_funds,3,41.88,22,1,STANDARD,1,none,0
2197.24,1157,5,5,0,1.0,upi,network_error,3,34.1,12,3,PREMIUM,0,active,1
3112.99,163,6,5,1,0.8333,card,bank_decline,1,52.13,19,3,ENTERPRISE,0,active,1
9364.09,1677,11,9,2,0.8182,netbanking,bank_timeout,1,46.33,12,2,STANDARD,1,none,1
1577.25,229,7,5,2,0.7143,card,bank_decline,2,63.4,6,3,PREMIUM,2,active,0
4297.12,1708,9,7,2,0.7778,netbanking,invalid_account,3,49.34,17,5,STANDARD,1,none,1
2322.45,43,9,8,1,0.8889,card,network_error,3,16.36,15,3,STANDARD,1,none,1
2242.85,636,5,5,0,1.0,wallet,network_error,1,15.26,20,1,STANDARD,0,none,1
4448.19,371,5,4,1,0.8,upi,bank_decline,2,32.82,7,0,PREMIUM,2,active,0
3697.71,852,12,7,5,0.5833,upi,bank_timeout,3,56.83,1,5,STANDARD,0,none,0
2280.73,1506,12,9,3,0.75,netbanking,bank_decline,3,23.27,10,3,ENTERPRISE,2,active,1
4723.78,1132,16,9,7,0.5625,upi,bank_timeout,3,34.49,4,1,PREMIUM,1,active,0
10357.1,955,9,6,3,0.6667,wallet,temporary_failure,2,29.08,19,0,STANDARD,0,none,1
730.83,1214,8,7,1,0.875,netbanking,network_error,1,13.95,6,5,ENTERPRISE,3,active,1
1811.3,1017,7,4,3,0.5714,netbanking,temporary_failure,1,96.45,19,4,STANDARD,0,none,1
1855.5,1171,9,9,0,1.0,card,bank_timeout,2,20.09,11,5,STANDARD,0,none,1
7969.55,480,11,9,2,0.8182,card,invalid_account,2,22.48,18,1,STANDARD,0,none,0
4961.78,566,9,7,2,0.7778,upi,bank_timeout,1,47.88,21,0,STANDARD,0,none,1
3342.72,1724,17,15,2,0.8824,wallet,insufficient_funds,3,4.27,4,1,STANDARD,0,none,0
1131.01,907,5,5,0,1.0,upi,fraud_suspected,2,26.05,18,5,STANDARD,0,none,0
15171.0,1730,11,9,2,0.8182,card,temporary_failure,3,44.79,9,6,STANDARD,0,none,0
1652.88,305,9,8,1,0.8889,upi,bank_timeout,3,56.16,5,1,PREMIUM,0,active,0
1420.14,1357,14,8,6,0.5714,card,temporary_failure,2,40.64,18,5,STANDARD,2,none,0
372.63,738,4,4,0,1.0,upi,temporary_failure,2,9.93,16,2,STANDARD,2,none,1
1980.11,1628,9,6,3,0.6667,upi,bank_timeout,2,8.19,17,6,STANDARD,1,none,1
2649.91,1447,5,5,0,1.0,card,bank_decline,1,17.55,19,6,PREMIUM,1,active,1
2756.16,1099,7,5,2,0.7143,upi,temporary_failure,2,53.73,15,6,STANDARD,1,none,0
6039.71,1339,5,2,3,0.4,card,temporary_failure,1,43.69,3,3,PREMIUM,2,active,1
4772.55,1362,10,10,0,1.0,card,insufficient_funds,3,46.34,3,4,PREMIUM,1,active,0
5545.42,1663,6,6,0,1.0,wallet,insufficient_funds,2,23.71,8,2,PREMIUM,1,active,1
1593.54,200,8,5,3,0.625,upi,bank_decline,1,21.29,20,2,STANDARD,2,none,1
7539.99,208,6,3,3,0.5,upi,temporary_failure,3,15.22,11,6,STANDARD,0,none,1
4176.36,1770,12,9,3,0.75,card,insufficient_funds,3,81.37,3,6,STANDARD,0,none,1
2991.21,837,8,7,1,0.875,upi,insufficient_funds,1,66.37,2,1,STANDARD,1,none,1
1427.55,1030,6,4,2,0.6667,upi,invalid_account,3,13.5,14,6,STANDARD,0,none,0
4597.82,1036,11,11,0,1.0,card,network_error,1,9.85,8,5,STANDARD,0,none,1
6887.75,1187,13,11,2,0.8462,upi,insufficient_funds,1,17.9,15,1,PREMIUM,2,active,1
7116.94,1241,16,11,5,0.6875,card,insufficient_funds,1,32.16,20,4,PREMIUM,2,active,1
2724.13,1417,11,8,3,0.7273,upi,temporary_failure,2,36.95,7,6,STANDARD,1,none,1
6899.13,1423,11,9,2,0.8182,wallet,bank_decline,1,64.31,2,6,STANDARD,0,none,0
685.68,1594,15,12,3,0.8,upi,bank_decline,3,20.5,5,6,PREMIUM,2,active,0
3172.36,764,14,11,3,0.7857,upi,bank_decline,1,22.19,15,1,PREMIUM,0,active,1
11457.18,1709,16,11,5,0.6875,upi,temporary_failure,1,20.04,3,4,PREMIUM,3,active,0
4347.97,1598,16,14,2,0.875,upi,temporary_failure,1,9.47,14,3,PREMIUM,1,active,1
1789.35,1541,11,9,2,0.8182,upi,temporary_failure,3,12.2,1,4,PREMIUM,1,active,1
842.71,843,18,12,6,0.6667,card,bank_decline,2,12.91,3,1,STANDARD,1,none,0
2150.85,789,7,4,3,0.5714,card,bank_timeout,1,30.52,2,0,STANDARD,3,none,0
2921.44,1711,8,6,2,0.75,card,network_error,3,49.76,11,1,PREMIUM,2,active,1
5613.64,795,13,12,1,0.9231,upi,insufficient_funds,3,63.69,17,3,STANDARD,2,none,1
5614.55,602,8,7,1,0.875,upi,temporary_failure,3,109.96,8,1,STANDARD,0,none,0
6264.23,477,4,4,0,1.0,card,bank_decline,1,20.88,14,0,STANDARD,1,none,0
4675.89,1523,5,3,2,0.6,card,invalid_account,1,49.37,2,2,ENTERPRISE,1,active,1
5918.55,459,7,6,1,0.8571,upi,bank_timeout,1,108.31,2,2,PREMIUM,3,active,1
9315.28,315,8,7,1,0.875,netbanking,insufficient_funds,3,11.99,18,3,STANDARD,0,none,1
5888.07,1740,15,12,3,0.8,card,temporary_failure,3,66.16,19,1,STANDARD,0,none,1
4767.43,1132,7,6,1,0.8571,card,insufficient_funds,1,19.31,1,4,STANDARD,1,none,1
3855.89,277,8,6,2,0.75,card,insufficient_funds,3,30.06,9,5,STANDARD,0,none,0
4709.18,533,8,5,3,0.625,card,bank_decline,1,49.13,7,1,STANDARD,1,none,0
3746.28,1770,12,10,2,0.8333,upi,insufficient_funds,1,46.41,13,2,STANDARD,2,none,1
2975.49,1790,11,10,1,0.9091,card,bank_decline,2,55.51,8,6,STANDARD,0,none,1
41308.6,1366,9,4,5,0.4444,netbanking,temporary_failure,2,27.68,2,2,STANDARD,1,none,0
2184.65,1744,5,4,1,0.8,netbanking,fraud_suspected,3,13.63,15,1,STANDARD,0,none,1
3231.51,718,10,9,1,0.9,netbanking,network_error,3,12.96,13,5,STANDARD,3,none,1
1828.34,1031,4,3,1,0.75,upi,insufficient_funds,3,42.49,20,0,PREMIUM,1,active,1
22905.55,138,8,7,1,0.875,upi,network_error,1,48.83,5,5,PREMIUM,2,active,1
5383.1,1712,11,8,3,0.7273,upi,insufficient_funds,2,11.87,15,5,STANDARD,0,none,0
10774.12,897,4,3,1,0.75,card,insufficient_funds,3,106.03,0,2,ENTERPRISE,2,active,1
21515.43,1765,10,7,3,0.7,card,insufficient_funds,3,62.86,4,5,STANDARD,1,none,0
5775.05,1714,7,4,3,0.5714,card,insufficient_funds,1,50.52,12,5,ENTERPRISE,1,active,0
7293.96,1510,12,10,2,0.8333,upi,insufficient_funds,2,23.28,14,4,PREMIUM,3,active,0
12552.79,911,14,10,4,0.7143,wallet,bank_timeout,2,49.0,18,4,ENTERPRISE,2,active,1
3039.59,248,12,8,4,0.6667,netbanking,insufficient_funds,2,34.45,15,4,STANDARD,0,none,1
2900.3,1376,6,5,1,0.8333,card,insufficient_funds,1,48.42,10,5,PREMIUM,1,active,1
4786.65,1012,13,12,1,0.9231,upi,bank_timeout,2,27.03,2,2,PREMIUM,0,active,0
3058.73,789,15,13,2,0.8667,upi,bank_decline,2,11.27,11,4,PREMIUM,1,active,0
2330.8,374,10,6,4,0.6,wallet,insufficient_funds,1,79.26,23,2,PREMIUM,2,active,0
3248.58,1152,7,5,2,0.7143,upi,bank_decline,3,23.69,10,0,PREMIUM,2,active,1
5335.39,1624,6,5,1,0.8333,card,insufficient_funds,3,40.75,15,0,STANDARD,0,none,0
4653.59,278,12,11,1,0.9167,netbanking,bank_timeout,1,26.57,15,0,STANDARD,1,none,0
2004.34,1031,4,2,2,0.5,upi,bank_decline,3,14.72,13,0,STANDARD,1,none,0
2698.27,1385,12,10,2,0.8333,upi,bank_decline,2,104.43,22,1,STANDARD,1,none,0
2871.6,1264,8,6,2,0.75,card,fraud_suspected,3,43.82,1,2,STANDARD,0,none,0
1344.96,1795,13,11,2,0.8462,netbanking,insufficient_funds,1,45.85,17,4,PREMIUM,0,active,1
4198.08,494,6,5,1,0.8333,card,insufficient_funds,2,27.71,11,6,PREMIUM,0,active,0
1898.52,429,7,6,1,0.8571,netbanking,temporary_failure,1,26.56,16,5,STANDARD,1,none,1
14592.62,1447,6,5,1,0.8333,upi,insufficient_funds,1,53.72,1,6,STANDARD,0,none,0
4650.82,1592,10,8,2,0.8,upi,bank_decline,1,26.79,2,4,PREMIUM,1,active,1
5048.06,824,13,8,5,0.6154,card,bank_timeout,1,83.3,5,1,STANDARD,2,none,0
6739.13,550,10,7,3,0.7,upi,insufficient_funds,2,16.68,23,0,PREMIUM,2,active,0
1659.66,531,15,13,2,0.8667,card,temporary_failure,2,37.64,22,2,PREMIUM,0,active,1
4750.76,1326,11,8,3,0.7273,upi,network_error,3,97.88,22,6,STANDARD,0,none,1
2864.75,171,13,10,3,0.7692,netbanking,bank_decline,3,46.42,17,2,STANDARD,1,none,0
5417.7,1211,8,4,4,0.5,netbanking,invalid_account,2,24.63,5,0,STANDARD,0,none,0
3426.41,1262,12,9,3,0.75,netbanking,insufficient_funds,3,26.34,11,3,STANDARD,1,none,0
2552.64,1658,5,4,1,0.8,wallet,temporary_failure,1,133.23,10,4,STANDARD,2,none,0
1366.53,1518,5,4,1,0.8,upi,bank_timeout,3,90.22,20,3,PREMIUM,2,active,1
687.28,942,7,3,4,0.4286,upi,fraud_suspected,1,16.92,7,2,PREMIUM,1,active,0
9608.55,282,8,7,1,0.875,card,network_error,2,16.84,3,2,STANDARD,1,none,1
2842.49,1501,5,5,0,1.0,card,bank_decline,2,36.78,13,4,PREMIUM,1,active,0
4380.85,588,8,5,3,0.625,upi,insufficient_funds,1,82.13,4,4,PREMIUM,0,active,1
3851.04,353,11,8,3,0.7273,netbanking,invalid_account,1,36.49,8,2,STANDARD,1,none,0
505.22,381,10,7,3,0.7,netbanking,insufficient_funds,2,11.49,1,1,STANDARD,1,none,1
2005.76,1184,11,9,2,0.8182,wallet,bank_decline,1,79.46,4,0,STANDARD,2,none,1
5879.84,1365,13,9,4,0.6923,card,insufficient_funds,2,25.91,8,5,PREMIUM,1,active,1
8388.18,1581,8,7,1,0.875,upi,temporary_failure,1,18.02,14,5,STANDARD,1,none,1
3716.27,1694,10,10,0,1.0,card,insufficient_funds,1,72.98,7,4,PREMIUM,0,active,1
1556.99,223,8,6,2,0.75,upi,insufficient_funds,1,55.01,11,1,PREMIUM,2,active,0
7507.29,250,9,8,1,0.8889,netbanking,bank_decline,1,29.72,11,0,STANDARD,0,none,1
11380.8,836,13,8,5,0.6154,card,fraud_suspected,2,53.95,3,2,STANDARD,1,none,0
4625.65,1001,11,10,1,0.9091,card,bank_decline,3,44.86,3,6,PREMIUM,1,active,1
2781.41,1335,12,9,3,0.75,card,bank_timeout,1,3.45,5,3,STANDARD,1,none,1
1624.4,620,4,3,1,0.75,netbanking,network_error,3,56.06,8,3,STANDARD,1,none,1
3608.07,1166,10,8,2,0.8,netbanking,network_error,2,34.16,14,6,PREMIUM,0,active,1
6453.65,824,8,7,1,0.875,card,temporary_failure,3,40.78,19,6,STANDARD,0,none,1
2115.63,563,10,8,2,0.8,upi,temporary_failure,1,51.24,16,0,PREMIUM,0,active,1
5200.51,415,9,8,1,0.8889,upi,temporary_failure,3,41.67,5,6,ENTERPRISE,2,active,1
2246.05,1753,12,11,1,0.9167,card,insufficient_funds,1,59.36,4,2,STANDARD,2,none,0
3025.42,1345,10,6,4,0.6,upi,fraud_suspected,1,28.39,10,2,PREMIUM,2,active,0
18556.48,1797,16,12,4,0.75,card,insufficient_funds,3,41.87,7,2,STANDARD,0,none,0
1267.06,712,8,6,2,0.75,upi,fraud_suspected,2,19.61,8,4,STANDARD,0,none,0
5103.1,389,5,4,1,0.8,upi,insufficient_funds,2,13.08,2,4,STANDARD,0,none,1
4226.51,727,13,9,4,0.6923,netbanking,insufficient_funds,1,17.9,22,2,PREMIUM,1,active,1
3629.43,418,11,11,0,1.0,netbanking,temporary_failure,2,20.3,13,5,STANDARD,1,none,1
5203.97,240,10,9,1,0.9,netbanking,temporary_failure,3,44.8,22,2,STANDARD,0,none,1
5364.32,1789,6,6,0,1.0,card,temporary_failure,2,47.65,15,1,STANDARD,2,none,0
4052.62,802,9,8,1,0.8889,upi,bank_timeout,2,7.49,4,4,PREMIUM,4,active,1
2600.64,932,8,6,2,0.75,netbanking,fraud_suspected,2,29.81,2,0,STANDARD,0,none,0
6345.04,1581,7,6,1,0.8571,upi,bank_timeout,3,9.92,4,6,STANDARD,2,none,1
1989.89,1333,7,7,0,1.0,card,temporary_failure,3,43.36,20,4,STANDARD,0,none,0
3718.34,1033,7,5,2,0.7143,upi,temporary_failure,1,33.68,18,3,STANDARD,0,none,0
5180.19,116,5,4,1,0.8,card,insufficient_funds,2,57.97,20,6,STANDARD,0,none,1
1678.45,1204,7,6,1,0.8571,wallet,insufficient_funds,1,54.1,1,2,PREMIUM,0,active,1
4281.17,1047,8,5,3,0.625,card,invalid_account,3,33.21,8,6,STANDARD,1,none,0
1404.66,1797,10,9,1,0.9,netbanking,bank_decline,2,69.56,18,5,PREMIUM,1,active,0
5020.58,1439,11,7,4,0.6364,upi,bank_timeout,1,21.36,20,4,ENTERPRISE,1,active,0
3145.87,1382,11,9,2,0.8182,netbanking,insufficient_funds,1,25.43,4,2,PREMIUM,2,active,1
7534.58,99,8,5,3,0.625,upi,bank_timeout,1,94.29,18,1,STANDARD,0,none,1
3172.33,1433,8,6,2,0.75,upi,insufficient_funds,1,109.37,11,0,STANDARD,0,none,1
2235.17,120,10,9,1,0.9,upi,bank_decline,3,51.65,5,2,STANDARD,1,none,1
2346.3,300,7,4,3,0.5714,card,temporary_failure,3,98.35,16,4,STANDARD,3,none,1
4200.06,900,11,9,2,0.8182,card,network_error,1,41.34,16,6,STANDARD,1,none,1
2479.3,1364,10,5,5,0.5,upi,network_error,3,45.83,15,6,STANDARD,0,none,0
4905.13,292,8,7,1,0.875,card,network_error,2,53.56,3,1,STANDARD,2,none,1
14243.47,237,6,5,1,0.8333,upi,bank_decline,1,54.67,16,2,STANDARD,1,none,1
1492.04,726,14,11,3,0.7857,card,fraud_suspected,3,33.72,21,6,ENTERPRISE,2,active,0
3358.53,885,11,10,1,0.9091,netbanking,network_error,3,4.6,14,4,PREMIUM,1,active,1
4959.0,1427,5,5,0,1.0,netbanking,temporary_failure,2,40.77,2,3,STANDARD,2,none,1
1728.27,258,8,7,1,0.875,upi,bank_decline,3,35.63,16,3,STANDARD,0,none,1
6090.74,342,7,6,1,0.8571,netbanking,bank_timeout,1,45.4,12,0,PREMIUM,0,active,1
792.33,1481,4,4,0,1.0,card,insufficient_funds,1,10.02,6,5,STANDARD,2,none,1
5253.13,651,10,6,4,0.6,upi,bank_timeout,3,32.32,19,0,STANDARD,0,none,1
884.78,1724,6,6,0,1.0,netbanking,temporary_failure,1,88.95,4,6,ENTERPRISE,0,active,0
3302.89,451,10,6,4,0.6,upi,bank_decline,3,28.53,20,3,STANDARD,3,none,0
2274.31,490,15,13,2,0.8667,card,invalid_account,3,39.63,21,4,PREMIUM,0,active,0
2072.71,1050,7,2,5,0.2857,netbanking,insufficient_funds,3,85.18,23,5,STANDARD,1,none,0
2916.64,1382,13,12,1,0.9231,upi,insufficient_funds,2,39.62,8,4,STANDARD,1,none,0
3639.73,681,9,8,1,0.8889,card,temporary_failure,2,44.09,18,2,STANDARD,2,none,0
4131.12,271,6,6,0,1.0,upi,invalid_account,2,4.56,0,0,STANDARD,3,none,0
5200.35,799,11,9,2,0.8182,upi,insufficient_funds,3,37.59,4,5,STANDARD,0,none,0
1503.41,1029,11,11,0,1.0,card,bank_decline,2,68.78,17,2,PREMIUM,3,active,1
20296.5,1097,14,13,1,0.9286,card,bank_timeout,3,70.92,21,6,ENTERPRISE,2,active,1
1696.85,887,7,6,1,0.8571,upi,fraud_suspected,3,44.3,13,4,PREMIUM,0,active,0
9741.37,302,7,6,1,0.8571,card,bank_decline,3,32.09,9,0,STANDARD,0,none,0
22986.55,363,10,9,1,0.9,upi,temporary_failure,1,26.8,18,4,STANDARD,2,none,1
12886.42,1224,5,3,2,0.6,upi,insufficient_funds,1,18.17,3,4,PREMIUM,2,active,0
3324.97,1113,7,6,1,0.8571,card,insufficient_funds,1,55.56,4,4,STANDARD,3,none,1
7288.89,1165,10,7,3,0.7,upi,bank_decline,3,36.67,0,1,STANDARD,0,none,0
6036.67,835,13,12,1,0.9231,upi,temporary_failure,1,29.04,22,5,STANDARD,0,none,1
1763.02,1641,16,12,4,0.75,card,insufficient_funds,3,14.77,12,5,ENTERPRISE,0,active,0
804.43,898,13,11,2,0.8462,wallet,insufficient_funds,3,38.41,1,3,STANDARD,0,none,1
5815.12,1148,8,4,4,0.5,netbanking,temporary_failure,2,28.78,13,1,STANDARD,0,none,0
5898.75,931,7,6,1,0.8571,upi,bank_decline,3,17.37,7,1,STANDARD,3,none,1
3355.16,496,8,6,2,0.75,card,temporary_failure,1,40.75,11,5,STANDARD,0,none,1
6351.29,612,5,4,1,0.8,card,temporary_failure,3,51.57,23,3,STANDARD,0,none,1
4110.6,959,9,8,1,0.8889,card,bank_decline,2,61.2,0,0,PREMIUM,1,active,1
11371.61,985,7,6,1,0.8571,card,invalid_account,3,67.94,0,1,STANDARD,2,none,0
425.0,1421,14,9,5,0.6429,wallet,temporary_failure,3,77.22,16,5,STANDARD,1,none,1
30790.3,57,9,8,1,0.8889,wallet,insufficient_funds,2,31.08,15,6,STANDARD,2,none,0
2429.92,991,7,7,0,1.0,upi,insufficient_funds,3,79.16,0,5,PREMIUM,1,active,1
2095.53,829,10,8,2,0.8,card,bank_timeout,2,4.54,0,1,STANDARD,0,none,1
15241.98,1669,5,4,1,0.8,card,bank_timeout,2,24.11,23,6,STANDARD,2,none,1
1782.49,1755,4,3,1,0.75,card,bank_timeout,3,83.46,2,2,STANDARD,4,none,1
9171.45,1203,7,6,1,0.8571,upi,bank_decline,1,82.37,0,5,PREMIUM,0,active,1
14304.97,1017,10,9,1,0.9,upi,invalid_account,3,54.81,21,5,STANDARD,0,none,1
7417.24,386,10,8,2,0.8,upi,temporary_failure,1,10.26,18,1,PREMIUM,0,active,1
10234.9,1685,8,4,4,0.5,card,temporary_failure,2,16.24,4,1,PREMIUM,0,active,0
7652.07,825,6,6,0,1.0,upi,bank_timeout,2,70.49,17,3,PREMIUM,1,active,1
6378.06,312,9,6,3,0.6667,card,insufficient_funds,2,78.44,1,6,STANDARD,0,none,0
1428.74,1165,13,11,2,0.8462,card,insufficient_funds,1,49.5,6,4,STANDARD,1,none,1
5411.67,805,6,3,3,0.5,card,bank_decline,2,9.07,18,3,STANDARD,0,none,0
2256.15,938,8,7,1,0.875,netbanking,invalid_account,1,93.77,23,0,STANDARD,0,none,1
6325.45,69,10,9,1,0.9,netbanking,bank_timeout,2,26.24,0,1,STANDARD,1,none,1
3104.76,1060,13,10,3,0.7692,netbanking,bank_decline,1,52.97,18,0,STANDARD,0,none,1
14212.97,657,8,8,0,1.0,upi,insufficient_funds,3,56.72,9,1,STANDARD,0,none,1
1829.37,1113,8,8,0,1.0,netbanking,fraud_suspected,2,138.91,23,2,STANDARD,1,none,0
5300.58,1535,18,16,2,0.8889,upi,bank_timeout,2,15.29,18,0,PREMIUM,2,active,0
3768.43,1671,5,4,1,0.8,upi,network_error,2,23.32,5,1,STANDARD,0,none,0
12481.19,874,12,11,1,0.9167,card,bank_decline,3,66.44,5,2,PREMIUM,2,active,1
3793.79,271,4,4,0,1.0,netbanking,temporary_failure,2,25.55,3,4,STANDARD,1,none,1
1918.59,1162,14,9,5,0.6429,upi,invalid_account,1,22.45,0,0,STANDARD,3,none,0
1597.31,1595,12,9,3,0.75,wallet,bank_decline,1,17.84,8,4,STANDARD,1,none,1
2627.33,24,10,8,2,0.8,card,bank_decline,2,26.89,0,4,STANDARD,2,none,1
1799.63,445,11,10,1,0.9091,card,bank_timeout,3,105.43,19,5,STANDARD,0,none,1
6747.47,1034,6,6,0,1.0,upi,insufficient_funds,2,17.84,3,4,STANDARD,1,none,1
2558.63,1346,13,10,3,0.7692,upi,fraud_suspected,3,30.19,20,3,ENTERPRISE,0,active,0
1251.59,1583,7,6,1,0.8571,netbanking,temporary_failure,2,6.43,23,5,STANDARD,0,none,1
3953.74,1195,14,13,1,0.9286,upi,network_error,3,19.57,17,0,STANDARD,1,none,1
811.93,543,14,12,2,0.8571,card,invalid_account,1,27.28,15,4,STANDARD,4,none,1
10485.74,209,14,12,2,0.8571,wallet,insufficient_funds,3,69.92,13,3,STANDARD,3,none,1
2549.77,763,10,8,2,0.8,netbanking,temporary_failure,3,51.46,13,1,STANDARD,2,none,0
14354.28,1689,7,7,0,1.0,card,insufficient_funds,3,11.53,10,3,STANDARD,2,none,1
8035.98,1723,13,7,6,0.5385,card,network_error,1,35.29,1,4,STANDARD,0,none,0
3471.53,1097,7,6,1,0.8571,upi,invalid_account,3,30.01,21,0,STANDARD,3,none,0
8720.38,1325,10,8,2,0.8,netbanking,insufficient_funds,3,70.06,22,4,PREMIUM,2,active,1
1035.47,1424,9,7,2,0.7778,card,insufficient_funds,3,56.63,7,4,STANDARD,1,none,0
3209.56,927,11,8,3,0.7273,upi,bank_timeout,1,14.54,13,3,STANDARD,1,none,0
3570.01,1143,8,7,1,0.875,upi,insufficient_funds,3,12.22,12,1,STANDARD,0,none,1
2538.71,822,5,3,2,0.6,netbanking,fraud_suspected,1,7.16,5,5,PREMIUM,2,active,1
1641.34,1727,7,5,2,0.7143,card,temporary_failure,2,21.34,8,1,STANDARD,1,none,0
4317.3,939,15,15,0,1.0,wallet,bank_timeout,2,28.24,0,1,STANDARD,0,none,1
7252.32,1604,8,6,2,0.75,netbanking,bank_timeout,3,21.72,16,1,PREMIUM,1,active,1
4133.75,798,6,3,3,0.5,card,fraud_suspected,1,71.21,14,0,STANDARD,2,none,0
4103.29,178,7,2,5,0.2857,wallet,network_error,2,14.22,11,1,STANDARD,1,none,0
2473.98,178,16,13,3,0.8125,upi,network_error,1,87.32,19,2,PREMIUM,1,active,1
3996.61,1039,6,5,1,0.8333,upi,fraud_suspected,2,24.75,9,4,PREMIUM,0,active,0
1327.01,1006,7,3,4,0.4286,upi,insufficient_funds,1,109.29,8,1,PREMIUM,0,active,0
2330.04,613,16,13,3,0.8125,upi,bank_decline,1,55.85,16,1,ENTERPRISE,0,active,1
1099.2,1727,8,8,0,1.0,card,invalid_account,1,24.59,5,1,STANDARD,2,none,0
3681.9,777,8,7,1,0.875,netbanking,temporary_failure,3,43.02,22,6,PREMIUM,0,active,0
8769.73,380,7,7,0,1.0,card,invalid_account,1,9.54,4,0,STANDARD,1,none,0
2501.62,1344,5,4,1,0.8,upi,bank_decline,1,18.58,14,2,STANDARD,0,none,1
1884.77,827,12,9,3,0.75,wallet,temporary_failure,3,47.37,22,1,STANDARD,1,none,1
3137.75,862,12,8,4,0.6667,card,insufficient_funds,3,26.62,10,2,STANDARD,0,none,1
3680.46,1144,16,12,4,0.75,upi,insufficient_funds,1,44.66,13,3,STANDARD,1,none,1
2948.93,908,4,2,2,0.5,card,network_error,2,44.41,17,6,STANDARD,0,none,1
2136.01,1038,7,5,2,0.7143,upi,bank_timeout,1,102.81,10,2,STANDARD,1,none,0
1025.09,1200,11,10,1,0.9091,card,network_error,1,35.86,8,1,PREMIUM,4,active,1
3824.38,893,10,8,2,0.8,upi,bank_decline,1,95.29,13,1,STANDARD,2,none,0
9564.1,408,10,9,1,0.9,netbanking,temporary_failure,3,80.13,1,0,STANDARD,2,none,1
2851.16,1154,10,7,3,0.7,card,bank_decline,2,55.36,9,6,STANDARD,1,none,0
2037.51,832,7,6,1,0.8571,netbanking,network_error,2,53.24,12,3,STANDARD,1,none,1
3383.76,1617,12,9,3,0.75,upi,bank_decline,3,30.66,6,3,STANDARD,2,none,0
2091.68,1748,6,5,1,0.8333,upi,invalid_account,3,39.98,0,1,STANDARD,1,none,0
5335.4,685,18,14,4,0.7778,upi,invalid_account,3,63.16,0,4,STANDARD,1,none,0
2160.89,281,8,7,1,0.875,netbanking,bank_timeout,1,32.4,23,6,STANDARD,1,none,1
21740.59,1718,12,11,1,0.9167,wallet,temporary_failure,2,24.42,23,3,STANDARD,0,none,1
4318.74,476,8,5,3,0.625,card,bank_decline,3,10.93,2,0,STANDARD,1,none,0
1341.04,1612,4,3,1,0.75,card,network_error,1,96.41,16,0,PREMIUM,1,active,1
5012.25,1665,7,5,2,0.7143,card,invalid_account,1,63.21,10,5,STANDARD,2,none,0
1430.49,270,8,7,1,0.875,upi,temporary_failure,3,26.73,5,5,PREMIUM,1,active,1
2888.47,1482,7,6,1,0.8571,card,network_error,1,90.73,13,5,STANDARD,0,none,1
1404.33,1308,9,6,3,0.6667,wallet,insufficient_funds,3,76.0,1,1,STANDARD,2,none,0
954.37,1658,10,9,1,0.9,upi,insufficient_funds,3,12.27,16,1,PREMIUM,0,active,1
12835.24,881,8,4,4,0.5,upi,insufficient_funds,2,32.13,8,0,ENTERPRISE,1,active,1
2093.53,1593,10,6,4,0.6,upi,bank_decline,3,46.75,11,4,PREMIUM,0,active,0
2087.76,536,8,6,2,0.75,netbanking,insufficient_funds,2,55.12,16,0,STANDARD,1,none,0
1604.32,1055,10,10,0,1.0,card,invalid_account,1,24.99,4,2,STANDARD,1,none,0
2683.02,1601,7,6,1,0.8571,card,insufficient_funds,3,7.94,9,3,PREMIUM,1,active,0
4835.05,174,12,11,1,0.9167,card,temporary_failure,3,13.51,0,6,STANDARD,0,none,1
1654.06,642,12,10,2,0.8333,upi,fraud_suspected,2,36.75,11,6,STANDARD,1,none,0
2185.38,1197,9,7,2,0.7778,card,temporary_failure,1,32.45,1,0,PREMIUM,1,active,1
2864.29,800,6,5,1,0.8333,wallet,fraud_suspected,3,49.02,3,4,STANDARD,3,none,0
759.13,11,10,9,1,0.9,upi,temporary_failure,3,74.76,21,0,STANDARD,3,none,1
7226.95,251,9,9,0,1.0,card,bank_timeout,3,27.11,21,0,STANDARD,0,none,1
7735.99,254,6,5,1,0.8333,netbanking,insufficient_funds,1,22.05,7,1,ENTERPRISE,4,active,0
3157.43,1059,7,6,1,0.8571,upi,network_error,3,24.19,18,6,STANDARD,2,none,1
6653.68,1291,4,2,2,0.5,upi,network_error,1,11.18,5,4,PREMIUM,1,active,1
9564.4,1124,8,4,4,0.5,card,network_error,3,42.13,17,1,PREMIUM,0,active,1
1014.62,834,7,5,2,0.7143,upi,bank_timeout,2,24.0,0,6,PREMIUM,2,active,1
242.69,1692,11,9,2,0.8182,card,network_error,1,99.49,15,5,STANDARD,2,none,1
5236.18,332,3,2,1,0.6667,netbanking,bank_timeout,2,108.12,23,4,STANDARD,1,none,1
2545.59,846,8,8,0,1.0,upi,insufficient_funds,2,66.23,19,1,STANDARD,0,none,1
1871.01,1669,5,4,1,0.8,card,network_error,2,36.51,7,2,STANDARD,0,none,1
7969.77,1315,13,10,3,0.7692,card,invalid_account,1,36.85,22,5,STANDARD,0,none,0
10471.79,1223,4,4,0,1.0,card,bank_decline,1,30.57,12,3,PREMIUM,1,active,1
10804.31,822,11,10,1,0.9091,netbanking,invalid_account,3,22.05,7,6,STANDARD,3,none,0
3407.27,942,10,7,3,0.7,card,temporary_failure,1,20.86,3,6,PREMIUM,0,active,1
11162.01,1169,7,4,3,0.5714,card,invalid_account,1,97.47,3,4,STANDARD,0,none,0
1968.25,1352,7,6,1,0.8571,card,network_error,3,15.17,8,1,STANDARD,1,none,1
1668.11,500,11,9,2,0.8182,upi,network_error,1,31.83,11,4,STANDARD,0,none,1
3267.45,1211,9,6,3,0.6667,upi,bank_timeout,3,68.85,4,4,PREMIUM,2,active,1
3395.71,1397,5,4,1,0.8,netbanking,insufficient_funds,1,45.84,4,1,STANDARD,0,none,0
7574.09,1530,13,10,3,0.7692,netbanking,temporary_failure,2,36.31,1,5,STANDARD,2,none,1
5314.34,1520,11,10,1,0.9091,upi,fraud_suspected,1,28.94,4,4,STANDARD,2,none,0
1489.16,201,7,4,3,0.5714,upi,temporary_failure,2,7.71,13,6,STANDARD,1,none,1
2743.06,1352,9,6,3,0.6667,upi,temporary_failure,2,19.71,13,4,PREMIUM,0,active,1
4330.12,1408,10,8,2,0.8,netbanking,insufficient_funds,2,46.59,5,3,STANDARD,1,none,0
4989.1,330,12,11,1,0.9167,netbanking,network_error,1,39.01,10,1,PREMIUM,0,active,1
2019.02,1437,11,7,4,0.6364,upi,bank_timeout,3,39.66,21,4,STANDARD,0,none,1
6845.33,383,9,9,0,1.0,upi,insufficient_funds,3,54.04,12,4,STANDARD,2,none,1
4137.88,1481,11,9,2,0.8182,upi,bank_timeout,1,42.33,22,1,STANDARD,2,none,0
1098.0,161,7,6,1,0.8571,card,temporary_failure,1,11.66,18,4,PREMIUM,2,active,1
3282.07,693,8,6,2,0.75,card,temporary_failure,3,33.52,12,3,STANDARD,0,none,0
4466.92,542,9,7,2,0.7778,wallet,bank_timeout,3,14.27,17,0,STANDARD,0,none,0
5190.22,47,5,4,1,0.8,upi,insufficient_funds,2,58.69,23,6,STANDARD,2,none,1
10066.18,1298,6,6,0,1.0,netbanking,bank_decline,2,44.08,12,5,PREMIUM,1,active,1
6539.34,1415,10,6,4,0.6,netbanking,insufficient_funds,3,29.6,1,5,STANDARD,0,none,1
15640.71,85,8,2,6,0.25,wallet,bank_timeout,1,24.12,16,3,PREMIUM,1,active,0
9272.29,1254,7,4,3,0.5714,card,insufficient_funds,1,83.38,13,0,STANDARD,2,none,1
2434.06,1331,11,8,3,0.7273,upi,fraud_suspected,2,22.35,3,4,STANDARD,1,none,0
2169.88,524,8,8,0,1.0,netbanking,bank_timeout,1,54.27,14,5,PREMIUM,1,active,1
4303.21,165,10,7,3,0.7,upi,bank_decline,3,26.68,16,6,STANDARD,1,none,0
10498.89,823,10,8,2,0.8,wallet,fraud_suspected,2,49.26,3,3,STANDARD,2,none,0
915.51,996,7,6,1,0.8571,card,network_error,3,49.59,2,1,STANDARD,0,none,1
7976.84,1394,14,10,4,0.7143,upi,network_error,1,61.3,0,0,STANDARD,0,none,1
6103.65,1786,7,6,1,0.8571,upi,bank_decline,1,19.24,0,5,PREMIUM,2,active,0
2859.08,477,8,6,2,0.75,netbanking,bank_decline,3,6.47,20,2,STANDARD,1,none,1
4720.73,1480,4,4,0,1.0,card,network_error,1,14.34,10,1,STANDARD,1,none,1
2273.62,1106,7,6,1,0.8571,wallet,insufficient_funds,2,13.74,6,1,PREMIUM,0,active,1
6633.04,601,8,7,1,0.875,card,insufficient_funds,3,11.05,21,6,PREMIUM,1,active,0
2595.07,1076,7,6,1,0.8571,netbanking,invalid_account,1,45.73,18,1,STANDARD,1,none,0
4085.78,191,11,11,0,1.0,netbanking,fraud_suspected,3,8.06,15,6,PREMIUM,1,active,1
2262.31,332,10,5,5,0.5,card,temporary_failure,3,49.29,14,3,STANDARD,3,none,0
10062.52,1243,8,5,3,0.625,card,temporary_failure,1,23.84,23,5,STANDARD,0,none,0
3842.42,291,6,3,3,0.5,upi,bank_timeout,1,16.01,23,0,STANDARD,3,none,1
2376.59,732,5,4,1,0.8,netbanking,bank_decline,2,5.44,0,5,STANDARD,2,none,1
1292.42,1249,6,5,1,0.8333,wallet,fraud_suspected,2,2.09,6,2,STANDARD,1,none,0
4472.58,1502,8,7,1,0.875,upi,insufficient_funds,2,17.31,12,4,STANDARD,1,none,1
939.63,336,16,14,2,0.875,card,invalid_account,3,13.24,2,2,STANDARD,2,none,0
5112.22,551,8,7,1,0.875,upi,bank_timeout,2,47.14,5,1,STANDARD,0,none,1
1122.66,986,5,4,1,0.8,upi,network_error,1,6.74,17,0,STANDARD,1,none,1
2981.05,132,5,5,0,1.0,card,temporary_failure,2,17.21,15,0,STANDARD,1,none,1
4435.36,1615,7,6,1,0.8571,upi,temporary_failure,1,28.1,0,3,PREMIUM,0,active,1
579.72,200,11,10,1,0.9091,upi,bank_timeout,3,89.96,8,3,STANDARD,2,none,1
10369.16,1502,7,5,2,0.7143,card,temporary_failure,2,38.85,18,5,STANDARD,1,none,1
2841.11,513,6,4,2,0.6667,netbanking,temporary_failure,3,51.21,20,5,STANDARD,0,none,0
5842.12,897,9,7,2,0.7778,upi,invalid_account,2,35.23,19,6,STANDARD,3,none,1
2440.36,153,9,6,3,0.6667,upi,bank_decline,1,15.84,23,5,STANDARD,5,none,1
10096.37,1336,6,5,1,0.8333,upi,network_error,2,8.5,14,5,STANDARD,0,none,1
7123.77,908,10,8,2,0.8,upi,temporary_failure,1,37.96,5,2,PREMIUM,1,active,1
1852.17,1790,10,10,0,1.0,card,bank_timeout,1,22.22,18,1,PREMIUM,3,active,1
5746.54,1705,10,9,1,0.9,upi,temporary_failure,2,22.77,11,6,PREMIUM,0,active,1
6416.82,746,19,15,4,0.7895,upi,temporary_failure,2,18.07,20,1,STANDARD,1,none,1
1857.85,1670,8,7,1,0.875,netbanking,bank_decline,3,60.21,12,4,STANDARD,4,none,0
6535.27,1608,6,5,1,0.8333,netbanking,fraud_suspected,3,7.4,23,6,PREMIUM,0,active,0
2934.65,1625,16,12,4,0.75,upi,insufficient_funds,2,99.48,14,6,PREMIUM,4,active,0
18618.69,700,6,3,3,0.5,netbanking,bank_decline,2,71.95,13,2,PREMIUM,1,active,0
1707.72,511,8,6,2,0.75,upi,bank_timeout,1,56.75,0,0,STANDARD,0,none,1
6137.45,1191,12,11,1,0.9167,upi,fraud_suspected,2,13.08,13,5,STANDARD,1,none,0
4729.25,859,6,4,2,0.6667,upi,bank_decline,1,12.7,23,5,STANDARD,2,none,1
4218.97,961,9,9,0,1.0,upi,bank_decline,3,21.85,7,0,STANDARD,1,none,1
4722.68,823,11,8,3,0.7273,upi,temporary_failure,3,5.93,7,5,STANDARD,1,none,0
5409.2,767,9,6,3,0.6667,upi,insufficient_funds,2,19.56,6,4,STANDARD,1,none,1
30417.46,321,2,2,0,1.0,upi,fraud_suspected,3,37.59,9,5,STANDARD,0,none,1
6995.07,1200,12,10,2,0.8333,card,invalid_account,3,90.26,2,5,STANDARD,1,none,0
10119.54,190,8,5,3,0.625,netbanking,fraud_suspected,2,4.87,21,0,STANDARD,0,none,0
871.9,1423,12,11,1,0.9167,wallet,fraud_suspected,3,49.89,4,0,PREMIUM,0,active,0
7162.18,409,11,8,3,0.7273,card,bank_timeout,3,31.24,10,2,STANDARD,1,none,0
1895.53,662,9,6,3,0.6667,upi,temporary_failure,1,20.61,14,4,STANDARD,3,none,1
3238.34,1738,9,7,2,0.7778,wallet,network_error,3,26.38,12,4,STANDARD,2,none,1
5786.4,430,7,7,0,1.0,netbanking,insufficient_funds,3,23.61,19,2,STANDARD,1,none,1
11358.57,548,9,8,1,0.8889,card,bank_decline,2,41.78,13,3,STANDARD,2,none,0
81262.5,677,7,3,4,0.4286,upi,bank_timeout,1,15.95,13,6,STANDARD,0,none,0
1834.15,817,6,5,1,0.8333,upi,temporary_failure,2,40.14,14,5,STANDARD,1,none,1
2672.7,849,12,9,3,0.75,upi,temporary_failure,2,58.08,17,2,STANDARD,3,none,1
16262.22,806,9,6,3,0.6667,wallet,network_error,2,20.97,14,4,STANDARD,0,none,0
3921.76,865,10,9,1,0.9,netbanking,network_error,1,45.53,14,4,STANDARD,1,none,1
1580.67,401,7,6,1,0.8571,upi,invalid_account,3,42.15,8,4,STANDARD,0,none,0
1264.17,722,10,8,2,0.8,card,invalid_account,3,29.43,21,4,STANDARD,2,none,0
6311.28,1508,15,13,2,0.8667,upi,network_error,2,91.0,1,1,STANDARD,3,none,1
5565.1,1110,8,5,3,0.625,wallet,network_error,3,16.52,3,0,PREMIUM,3,active,1
5025.63,452,8,6,2,0.75,card,network_error,3,57.23,6,2,PREMIUM,1,active,0
528.5,352,11,6,5,0.5455,netbanking,network_error,3,23.03,13,0,PREMIUM,0,active,1
1433.6,328,9,6,3,0.6667,card,bank_timeout,2,89.4,6,0,STANDARD,1,none,0
15108.65,979,11,7,4,0.6364,card,network_error,2,81.01,5,4,STANDARD,0,none,0
6627.61,1257,8,7,1,0.875,card,temporary_failure,2,5.23,16,0,STANDARD,1,none,1
3596.43,1181,5,4,1,0.8,upi,bank_decline,1,58.18,18,0,STANDARD,0,none,1
4037.32,1593,10,6,4,0.6,card,temporary_failure,2,20.35,22,5,STANDARD,1,none,0
8024.57,1636,2,2,0,1.0,wallet,bank_decline,3,46.17,17,3,STANDARD,1,none,0
20816.94,337,10,7,3,0.7,upi,invalid_account,1,20.47,0,5,STANDARD,0,none,0
882.49,132,9,8,1,0.8889,upi,insufficient_funds,2,45.56,1,6,STANDARD,0,none,1
7696.45,253,17,12,5,0.7059,netbanking,insufficient_funds,2,55.99,7,5,STANDARD,2,none,0
3785.14,128,6,6,0,1.0,card,temporary_failure,1,15.36,3,4,STANDARD,4,none,1
4206.45,714,16,9,7,0.5625,upi,bank_timeout,2,7.24,1,2,ENTERPRISE,0,active,0
3576.87,285,12,12,0,1.0,upi,bank_timeout,1,62.76,23,6,STANDARD,1,none,1
4249.66,787,9,9,0,1.0,card,bank_decline,1,49.11,10,3,PREMIUM,2,active,0
6345.38,289,7,5,2,0.7143,upi,network_error,2,43.08,1,6,STANDARD,0,none,1
3607.45,890,5,4,1,0.8,upi,network_error,1,26.8,12,3,ENTERPRISE,1,active,0
3991.04,110,10,8,2,0.8,netbanking,fraud_suspected,3,10.59,4,1,STANDARD,0,none,0
7644.26,679,12,10,2,0.8333,card,insufficient_funds,1,20.8,15,1,STANDARD,1,none,0
4707.48,1445,8,6,2,0.75,upi,bank_decline,2,18.18,14,5,STANDARD,1,none,1
3608.41,932,8,7,1,0.875,upi,insufficient_funds,3,56.05,23,2,STANDARD,1,none,0
4375.99,1668,10,8,2,0.8,upi,insufficient_funds,1,4.34,7,4,STANDARD,2,none,1
10592.81,1591,7,7,0,1.0,upi,insufficient_funds,2,25.26,20,6,ENTERPRISE,0,active,1
1979.44,1106,7,6,1,0.8571,upi,temporary_failure,3,12.25,10,6,STANDARD,0,none,1
6953.86,1648,7,4,3,0.5714,upi,network_error,2,63.32,20,0,PREMIUM,0,active,1
5444.0,605,9,9,0,1.0,upi,invalid_account,2,83.19,11,2,PREMIUM,2,active,0
6566.43,855,8,6,2,0.75,upi,insufficient_funds,3,83.08,15,1,STANDARD,2,none,0
8012.24,972,12,8,4,0.6667,upi,bank_decline,1,43.7,5,6,STANDARD,0,none,0
1864.2,1523,3,1,2,0.3333,upi,fraud_suspected,2,74.94,21,3,STANDARD,1,none,0
5230.36,898,12,10,2,0.8333,wallet,network_error,3,27.01,6,1,PREMIUM,0,active,1
15172.85,1042,11,8,3,0.7273,upi,fraud_suspected,2,45.84,1,1,STANDARD,0,none,1
5355.08,1263,11,10,1,0.9091,upi,network_error,2,46.48,14,4,STANDARD,1,none,1
5140.04,555,15,12,3,0.8,upi,network_error,2,13.48,8,5,STANDARD,2,none,0
4044.86,1081,10,10,0,1.0,upi,temporary_failure,3,47.57,16,3,STANDARD,0,none,0
1820.82,1039,7,5,2,0.7143,wallet,bank_decline,3,41.51,23,4,PREMIUM,1,active,0
1576.04,131,10,8,2,0.8,card,insufficient_funds,1,87.89,3,0,STANDARD,3,none,0
2580.55,1706,9,7,2,0.7778,wallet,fraud_suspected,2,30.73,5,0,STANDARD,1,none,1
8047.42,1299,15,11,4,0.7333,upi,temporary_failure,3,105.63,4,0,STANDARD,1,none,0
24111.47,1040,7,5,2,0.7143,card,network_error,3,16.39,15,1,PREMIUM,0,active,1
1980.11,1788,7,6,1,0.8571,upi,temporary_failure,1,76.15,21,1,STANDARD,0,none,0
490.54,1003,3,1,2,0.3333,card,network_error,1,83.11,17,3,PREMIUM,2,active,1
2482.66,705,6,3,3,0.5,netbanking,bank_timeout,2,23.86,0,0,PREMIUM,0,active,0
34286.75,1425,9,9,0,1.0,upi,temporary_failure,1,56.19,16,1,PREMIUM,0,active,0
19098.59,583,14,11,3,0.7857,upi,network_error,1,36.85,23,3,STANDARD,2,none,0
2033.42,1340,11,8,3,0.7273,upi,bank_decline,3,23.9,1,0,ENTERPRISE,2,active,0
2429.89,191,8,6,2,0.75,upi,temporary_failure,1,32.12,13,2,STANDARD,1,none,1
4301.59,229,7,5,2,0.7143,upi,bank_decline,3,62.85,1,0,PREMIUM,1,active,1
6755.26,112,16,14,2,0.875,netbanking,temporary_failure,3,64.13,12,6,STANDARD,1,none,1
5304.16,1540,9,6,3,0.6667,upi,insufficient_funds,3,45.43,8,6,STANDARD,1,none,0
11557.82,1452,4,3,1,0.75,upi,temporary_failure,2,36.57,7,0,STANDARD,1,none,1
6903.46,1550,6,5,1,0.8333,upi,bank_decline,2,52.52,3,4,STANDARD,0,none,1
16612.23,298,13,10,3,0.7692,netbanking,network_error,1,48.41,14,6,ENTERPRISE,1,active,1
4892.15,1721,9,6,3,0.6667,upi,temporary_failure,2,45.74,10,6,PREMIUM,1,active,0
10049.39,516,7,6,1,0.8571,card,bank_timeout,2,10.37,0,3,ENTERPRISE,0,active,1
2863.79,645,10,10,0,1.0,card,temporary_failure,1,50.39,6,3,STANDARD,2,none,1
3660.85,529,10,8,2,0.8,upi,temporary_failure,1,14.5,15,0,ENTERPRISE,1,active,1
4723.48,1616,5,5,0,1.0,card,insufficient_funds,1,83.84,22,4,STANDARD,2,none,0
4636.86,1624,11,7,4,0.6364,wallet,insufficient_funds,2,50.92,16,3,STANDARD,0,none,0
1251.7,953,9,6,3,0.6667,netbanking,bank_decline,2,61.59,20,5,PREMIUM,0,active,0
1101.69,1319,9,9,0,1.0,upi,temporary_failure,2,4.82,14,2,PREMIUM,1,active,1
6966.99,144,8,7,1,0.875,upi,network_error,3,71.66,23,1,STANDARD,0,none,1
37192.46,313,6,6,0,1.0,netbanking,insufficient_funds,3,75.37,11,1,STANDARD,0,none,0
9606.88,1360,16,11,5,0.6875,upi,bank_decline,1,7.42,9,0,PREMIUM,1,active,1
8368.92,287,12,9,3,0.75,card,bank_timeout,3,9.49,7,2,PREMIUM,0,active,1
5456.64,705,10,5,5,0.5,wallet,bank_timeout,1,131.57,14,6,STANDARD,3,none,0
3972.92,537,13,11,2,0.8462,upi,network_error,3,62.82,1,3,PREMIUM,1,active,1
3059.04,957,10,9,1,0.9,wallet,bank_decline,3,40.85,10,1,STANDARD,1,none,0
4231.37,92,10,7,3,0.7,upi,temporary_failure,1,10.74,10,4,STANDARD,1,none,1
3821.55,1757,9,7,2,0.7778,upi,invalid_account,3,30.39,9,5,STANDARD,1,none,0
1966.5,476,11,10,1,0.9091,upi,invalid_account,1,34.0,11,3,STANDARD,1,none,1
12902.18,1639,2,2,0,1.0,card,network_error,1,24.16,5,5,ENTERPRISE,1,active,1
4987.83,457,8,5,3,0.625,upi,bank_decline,3,44.26,10,1,STANDARD,1,none,0
2228.97,1788,8,7,1,0.875,card,bank_timeout,1,66.28,20,6,STANDARD,1,none,1
3859.26,408,9,6,3,0.6667,netbanking,bank_timeout,1,49.21,15,6,STANDARD,1,none,1
1923.94,1200,8,6,2,0.75,card,temporary_failure,3,63.45,19,1,PREMIUM,1,active,0
8160.21,977,11,8,3,0.7273,upi,fraud_suspected,3,35.84,15,4,PREMIUM,1,active,0
7557.08,1355,5,4,1,0.8,upi,bank_decline,1,2.72,22,2,STANDARD,1,none,1
2587.17,901,6,6,0,1.0,netbanking,bank_decline,3,15.13,18,3,STANDARD,1,none,1
2388.26,774,9,8,1,0.8889,card,insufficient_funds,1,32.24,1,4,STANDARD,1,none,1
1468.35,1160,10,9,1,0.9,upi,insufficient_funds,2,42.13,16,5,PREMIUM,0,active,1
5397.94,1029,7,4,3,0.5714,upi,bank_decline,1,57.41,4,1,PREMIUM,0,active,0
5112.67,399,16,13,3,0.8125,upi,bank_timeout,3,34.72,15,0,PREMIUM,1,active,1
5365.82,689,17,12,5,0.7059,upi,fraud_suspected,3,46.14,20,6,STANDARD,0,none,0
1415.83,1392,8,7,1,0.875,upi,insufficient_funds,1,98.6,23,2,ENTERPRISE,0,active,1
2440.38,1785,6,5,1,0.8333,card,insufficient_funds,1,54.7,22,3,STANDARD,0,none,1
6499.4,1058,16,11,5,0.6875,card,invalid_account,1,45.28,16,5,PREMIUM,3,active,0
6678.05,881,7,5,2,0.7143,upi,temporary_failure,1,45.47,21,4,STANDARD,0,none,1
3145.33,1408,7,6,1,0.8571,upi,temporary_failure,2,11.86,13,3,PREMIUM,1,active,1
1740.53,496,8,5,3,0.625,netbanking,bank_timeout,2,46.88,7,4,STANDARD,0,none,1
4204.44,721,7,6,1,0.8571,card,temporary_failure,1,43.77,9,6,PREMIUM,1,active,1
8700.43,1325,6,3,3,0.5,card,temporary_failure,2,11.31,17,1,STANDARD,1,none,0
4356.23,1631,11,8,3,0.7273,netbanking,temporary_failure,2,89.09,15,5,STANDARD,1,none,1
2854.22,835,10,9,1,0.9,netbanking,invalid_account,1,16.86,19,2,PREMIUM,0,active,1
2696.94,374,4,4,0,1.0,card,bank_timeout,2,50.25,12,0,PREMIUM,1,active,1
1997.88,680,14,12,2,0.8571,upi,network_error,2,35.82,8,3,PREMIUM,1,active,1
955.46,563,11,10,1,0.9091,upi,invalid_account,2,44.47,21,6,PREMIUM,2,active,1
4359.82,803,11,9,2,0.8182,upi,network_error,2,70.82,18,6,PREMIUM,1,active,1
1935.11,1376,6,5,1,0.8333,upi,temporary_failure,1,11.39,10,1,STANDARD,1,none,1
12517.97,1670,10,9,1,0.9,card,insufficient_funds,1,23.24,16,4,ENTERPRISE,0,active,1
5219.29,1073,5,4,1,0.8,upi,temporary_failure,2,87.72,22,6,PREMIUM,1,active,1
7470.14,148,10,9,1,0.9,card,invalid_account,3,57.0,5,6,STANDARD,0,none,0
3843.54,796,11,9,2,0.8182,upi,bank_decline,1,54.99,6,3,STANDARD,0,none,0
4395.14,753,10,8,2,0.8,netbanking,temporary_failure,1,52.01,17,0,STANDARD,1,none,0
6609.35,609,8,6,2,0.75,card,invalid_account,2,38.6,6,6,PREMIUM,0,active,1
2094.02,60,9,6,3,0.6667,card,network_error,1,26.72,7,3,STANDARD,0,none,1
3618.75,1144,13,12,1,0.9231,netbanking,temporary_failure,1,40.34,22,4,STANDARD,0,none,1
11253.12,606,9,7,2,0.7778,upi,temporary_failure,1,30.41,21,2,STANDARD,2,none,1
8363.11,1149,11,10,1,0.9091,upi,network_error,2,73.75,4,0,ENTERPRISE,1,active,1
1104.82,1326,13,11,2,0.8462,upi,bank_timeout,1,24.26,7,3,STANDARD,0,none,1
1003.82,1350,7,5,2,0.7143,card,network_error,2,12.98,17,6,STANDARD,1,none,1
1665.0,1092,6,6,0,1.0,upi,insufficient_funds,1,49.73,12,6,STANDARD,2,none,1
1147.56,1240,7,5,2,0.7143,upi,bank_timeout,2,20.16,18,6,STANDARD,1,none,1
5178.34,792,12,11,1,0.9167,upi,bank_timeout,3,7.62,23,3,PREMIUM,1,active,1
4466.45,1066,9,7,2,0.7778,upi,insufficient_funds,3,33.38,3,5,PREMIUM,3,active,1
3703.74,1161,6,5,1,0.8333,card,insufficient_funds,2,61.41,23,4,PREMIUM,3,active,1
5149.95,106,4,1,3,0.25,netbanking,network_error,3,10.96,17,2,STANDARD,1,none,1
5270.36,1335,12,8,4,0.6667,card,invalid_account,2,53.38,21,4,STANDARD,0,none,0
5677.41,152,8,7,1,0.875,upi,temporary_failure,2,25.61,11,4,PREMIUM,0,active,1
7155.41,702,17,13,4,0.7647,card,insufficient_funds,3,21.08,9,6,STANDARD,1,none,0
9632.03,555,15,12,3,0.8,upi,bank_timeout,2,90.93,9,3,STANDARD,0,none,0
6312.16,461,10,6,4,0.6,wallet,bank_decline,2,24.58,16,0,STANDARD,0,none,0
1582.99,349,14,11,3,0.7857,upi,fraud_suspected,3,17.22,20,0,STANDARD,2,none,0
11298.49,539,6,3,3,0.5,card,insufficient_funds,2,78.78,14,6,STANDARD,0,none,0
12969.75,762,9,6,3,0.6667,upi,bank_timeout,1,1.41,17,5,STANDARD,1,none,1
3656.97,1678,5,3,2,0.6,upi,insufficient_funds,2,32.69,5,0,STANDARD,1,none,0
2043.91,609,7,5,2,0.7143,netbanking,insufficient_funds,1,37.75,7,1,STANDARD,1,none,1
2906.51,1329,10,6,4,0.6,upi,bank_decline,3,5.63,3,5,STANDARD,2,none,1
2627.62,1122,5,4,1,0.8,card,temporary_failure,3,31.65,16,5,STANDARD,1,none,1
19842.61,1664,12,11,1,0.9167,upi,bank_decline,3,20.33,6,1,STANDARD,0,none,1
1545.57,1531,8,6,2,0.75,upi,insufficient_funds,1,13.58,11,2,PREMIUM,1,active,0
9418.51,1259,11,9,2,0.8182,upi,insufficient_funds,3,29.67,8,0,STANDARD,1,none,0
15227.26,1114,12,7,5,0.5833,upi,bank_decline,2,19.26,17,0,STANDARD,0,none,0
12091.86,425,11,10,1,0.9091,card,temporary_failure,1,87.95,13,3,STANDARD,1,none,1
4762.6,410,7,7,0,1.0,upi,invalid_account,2,28.43,1,6,ENTERPRISE,2,active,0
2587.06,789,10,9,1,0.9,upi,temporary_failure,2,47.69,3,1,STANDARD,1,none,1
637.01,1261,7,5,2,0.7143,netbanking,bank_timeout,2,23.76,12,0,STANDARD,3,none,0
4616.33,284,9,5,4,0.5556,upi,invalid_account,2,38.54,22,3,PREMIUM,2,active,1
3567.06,365,10,5,5,0.5,upi,invalid_account,3,49.82,6,0,STANDARD,2,none,0
2777.02,1099,8,4,4,0.5,upi,network_error,3,8.46,22,6,STANDARD,2,none,0
3400.37,1377,8,6,2,0.75,card,temporary_failure,3,49.92,23,2,PREMIUM,2,active,1
5999.85,133,7,5,2,0.7143,card,insufficient_funds,1,114.21,1,4,STANDARD,1,none,1
523.27,1567,6,5,1,0.8333,upi,bank_decline,3,15.43,15,4,PREMIUM,0,active,1
7662.71,204,6,5,1,0.8333,upi,invalid_account,2,26.93,4,4,STANDARD,1,none,1
3389.66,648,8,8,0,1.0,upi,temporary_failure,2,111.0,3,1,STANDARD,2,none,1
5052.62,992,5,4,1,0.8,netbanking,network_error,1,4.57,11,5,PREMIUM,1,active,1
1741.25,755,6,3,3,0.5,upi,bank_decline,3,32.38,15,4,PREMIUM,0,active,0
4648.4,380,8,7,1,0.875,card,bank_decline,1,5.75,20,1,STANDARD,0,none,0
17803.08,1493,16,13,3,0.8125,netbanking,insufficient_funds,1,7.3,1,3,PREMIUM,0,active,1
10010.67,110,7,6,1,0.8571,card,temporary_failure,3,9.14,13,6,STANDARD,0,none,1
1479.42,1141,14,9,5,0.6429,wallet,insufficient_funds,3,25.03,13,6,PREMIUM,0,active,0
3499.97,317,12,9,3,0.75,upi,bank_decline,2,27.4,18,4,STANDARD,0,none,0
5921.1,713,7,6,1,0.8571,upi,temporary_failure,2,29.97,0,0,PREMIUM,2,active,1
10109.3,510,11,7,4,0.6364,upi,temporary_failure,1,22.64,22,1,PREMIUM,0,active,1
2905.98,1683,11,11,0,1.0,card,bank_decline,1,69.69,2,6,PREMIUM,0,active,1
9887.27,1497,9,6,3,0.6667,card,network_error,2,51.58,8,4,PREMIUM,0,active,1
1905.86,430,8,7,1,0.875,card,temporary_failure,2,19.15,11,0,ENTERPRISE,0,active,1
3456.75,723,12,10,2,0.8333,netbanking,bank_decline,3,17.48,18,2,STANDARD,1,none,1
11690.84,1595,12,12,0,1.0,netbanking,bank_decline,2,4.35,8,0,STANDARD,2,none,0
2999.21,1703,11,9,2,0.8182,upi,bank_timeout,2,53.18,16,3,PREMIUM,1,active,1
1596.29,1690,4,4,0,1.0,upi,bank_decline,3,20.4,11,6,PREMIUM,0,active,1
5216.67,183,7,4,3,0.5714,netbanking,insufficient_funds,1,43.44,19,6,PREMIUM,0,active,1
3675.4,1629,9,8,1,0.8889,card,network_error,2,4.89,20,1,ENTERPRISE,2,active,0
1011.99,564,6,6,0,1.0,netbanking,bank_timeout,1,31.49,21,6,ENTERPRISE,1,active,1
7216.65,688,12,8,4,0.6667,netbanking,insufficient_funds,1,29.58,12,1,PREMIUM,0,active,1
4752.23,653,7,5,2,0.7143,upi,bank_decline,3,36.95,2,0,PREMIUM,0,active,1
1156.55,1431,9,7,2,0.7778,upi,network_error,1,8.89,22,2,PREMIUM,0,active,1
8385.74,1431,13,10,3,0.7692,wallet,temporary_failure,2,19.53,22,6,STANDARD,1,none,1
4615.13,209,7,7,0,1.0,wallet,invalid_account,2,33.65,9,2,STANDARD,0,none,1
12107.33,1415,9,7,2,0.7778,card,fraud_suspected,1,70.64,14,6,STANDARD,1,none,1
4958.74,1544,11,9,2,0.8182,card,temporary_failure,2,26.08,12,5,STANDARD,0,none,1
2919.9,1075,9,8,1,0.8889,card,fraud_suspected,1,11.35,6,4,STANDARD,3,none,1
3983.29,547,8,6,2,0.75,netbanking,bank_decline,3,35.55,21,0,STANDARD,0,none,1
3755.76,1093,10,6,4,0.6,upi,invalid_account,2,23.27,16,6,STANDARD,1,none,0
4769.25,1473,12,9,3,0.75,netbanking,temporary_failure,3,65.2,5,0,STANDARD,1,none,0
4430.95,1587,7,6,1,0.8571,upi,fraud_suspected,2,18.22,19,5,STANDARD,0,none,0
1773.68,622,10,7,3,0.7,wallet,temporary_failure,2,78.45,2,1,STANDARD,0,none,1
3747.2,163,6,5,1,0.8333,card,temporary_failure,2,39.49,11,6,STANDARD,2,none,1
8359.25,758,7,6,1,0.8571,upi,invalid_account,1,14.64,10,4,STANDARD,1,none,1
4891.19,250,10,7,3,0.7,upi,bank_decline,3,13.22,17,3,STANDARD,4,none,0
1169.89,706,11,9,2,0.8182,card,bank_timeout,1,71.24,22,6,STANDARD,0,none,1
10110.48,1322,10,8,2,0.8,wallet,bank_decline,1,26.07,20,4,STANDARD,0,none,0
2506.67,1147,8,7,1,0.875,netbanking,invalid_account,1,92.84,10,6,STANDARD,1,none,1
663.25,1717,8,7,1,0.875,upi,temporary_failure,1,21.54,9,1,ENTERPRISE,4,active,1
10656.05,1396,8,5,3,0.625,netbanking,temporary_failure,2,42.42,8,4,STANDARD,2,none,1
1031.2,877,12,11,1,0.9167,card,insufficient_funds,1,33.26,15,1,ENTERPRISE,5,active,0
1965.86,1476,8,7,1,0.875,upi,temporary_failure,2,38.95,21,1,STANDARD,1,none,1
1880.62,472,12,7,5,0.5833,upi,insufficient_funds,1,20.91,12,6,STANDARD,0,none,0
1395.78,1206,6,5,1,0.8333,card,network_error,2,64.08,5,0,STANDARD,0,none,0
778.75,728,13,12,1,0.9231,netbanking,insufficient_funds,1,79.28,22,4,STANDARD,3,none,0
3630.39,70,3,3,0,1.0,card,invalid_account,1,48.6,2,6,PREMIUM,1,active,1
6665.61,777,7,4,3,0.5714,netbanking,bank_decline,3,80.29,4,0,ENTERPRISE,0,active,0
14109.38,1187,10,5,5,0.5,card,network_error,2,22.81,13,0,STANDARD,1,none,0
5664.93,634,7,6,1,0.8571,upi,invalid_account,2,3.11,16,3,STANDARD,0,none,0
3192.53,1541,5,4,1,0.8,upi,insufficient_funds,3,6.68,16,2,STANDARD,1,none,1
4904.41,470,7,6,1,0.8571,upi,bank_timeout,1,20.0,7,4,STANDARD,0,none,1
11186.12,154,3,3,0,1.0,netbanking,fraud_suspected,1,26.03,4,0,STANDARD,2,none,0
2251.62,908,9,6,3,0.6667,upi,temporary_failure,3,46.16,11,0,STANDARD,1,none,0
2788.73,1790,6,5,1,0.8333,netbanking,insufficient_funds,2,44.51,13,6,STANDARD,2,none,1
21587.46,905,9,6,3,0.6667,card,invalid_account,2,64.2,10,5,PREMIUM,0,active,0
4070.97,1131,10,5,5,0.5,card,invalid_account,1,43.38,14,6,STANDARD,0,none,0
6603.09,265,10,7,3,0.7,card,temporary_failure,3,13.51,6,4,PREMIUM,1,active,0
806.67,1017,8,6,2,0.75,upi,bank_decline,3,13.29,5,4,PREMIUM,3,active,0
1349.77,438,10,10,0,1.0,upi,bank_timeout,2,19.45,5,4,PREMIUM,0,active,1
15535.25,1372,11,7,4,0.6364,netbanking,bank_decline,1,44.67,9,3,STANDARD,2,none,0
5645.38,1187,12,9,3,0.75,card,temporary_failure,1,76.73,2,5,STANDARD,0,none,1
502.9,1210,8,7,1,0.875,wallet,temporary_failure,2,26.57,14,1,STANDARD,1,none,1
2858.48,372,12,11,1,0.9167,card,temporary_failure,2,23.37,1,4,STANDARD,0,none,1
6268.56,1616,14,10,4,0.7143,upi,insufficient_funds,1,12.44,4,3,ENTERPRISE,0,active,0
1291.57,1714,6,5,1,0.8333,card,fraud_suspected,3,27.32,21,1,STANDARD,0,none,0
1946.36,1684,8,8,0,1.0,upi,bank_decline,2,116.28,3,5,STANDARD,1,none,0
2637.58,1531,8,7,1,0.875,upi,temporary_failure,1,106.32,1,4,STANDARD,0,none,1
3785.47,31,13,11,2,0.8462,upi,temporary_failure,2,23.98,16,4,PREMIUM,1,active,1
2780.05,871,5,3,2,0.6,upi,invalid_account,2,115.69,17,3,ENTERPRISE,2,active,1
6919.1,494,12,10,2,0.8333,card,bank_decline,1,92.94,14,0,PREMIUM,0,active,0
14627.64,1371,9,7,2,0.7778,netbanking,insufficient_funds,2,45.24,23,4,STANDARD,0,none,1
4408.42,25,9,9,0,1.0,card,temporary_failure,2,69.76,11,5,STANDARD,1,none,1
3278.19,914,9,8,1,0.8889,card,temporary_failure,2,11.73,19,3,PREMIUM,1,active,1
2304.17,1323,3,3,0,1.0,card,insufficient_funds,3,37.06,16,6,STANDARD,1,none,1
3010.32,1662,7,3,4,0.4286,netbanking,bank_decline,1,11.74,7,4,STANDARD,1,none,0
5106.6,99,12,8,4,0.6667,card,insufficient_funds,3,22.41,7,6,STANDARD,2,none,0
3217.29,331,7,6,1,0.8571,upi,insufficient_funds,2,60.57,9,2,STANDARD,1,none,0
5250.54,1384,4,1,3,0.25,netbanking,invalid_account,1,29.61,21,3,ENTERPRISE,1,active,0
5776.09,1541,10,8,2,0.8,card,temporary_failure,2,23.6,19,3,STANDARD,2,none,1
7356.87,281,4,4,0,1.0,netbanking,temporary_failure,3,46.76,18,5,STANDARD,2,none,1
7942.61,1208,11,8,3,0.7273,card,network_error,2,37.82,0,5,STANDARD,0,none,1
14819.93,214,10,6,4,0.6,card,temporary_failure,1,75.49,6,6,STANDARD,0,none,0
1277.96,74,9,6,3,0.6667,card,bank_timeout,1,50.43,15,1,PREMIUM,0,active,1
2826.76,248,11,11,0,1.0,card,bank_timeout,3,11.14,5,5,STANDARD,1,none,1
4552.84,1304,10,6,4,0.6,upi,temporary_failure,2,17.37,10,4,STANDARD,1,none,0
2164.76,1220,18,13,5,0.7222,card,temporary_failure,3,18.82,8,4,STANDARD,2,none,1
1747.01,1082,10,9,1,0.9,upi,temporary_failure,1,22.4,15,4,STANDARD,0,none,1
8894.72,1568,6,5,1,0.8333,netbanking,bank_timeout,1,14.1,6,4,STANDARD,2,none,1
7804.63,1530,10,7,3,0.7,card,bank_decline,2,41.52,0,6,STANDARD,4,none,0
4746.3,346,11,9,2,0.8182,upi,temporary_failure,2,20.26,4,4,ENTERPRISE,0,active,1
3950.47,906,12,10,2,0.8333,card,bank_decline,1,28.77,0,6,STANDARD,0,none,0
8288.66,1558,13,12,1,0.9231,upi,temporary_failure,2,21.31,14,5,STANDARD,5,none,1
8678.52,694,4,2,2,0.5,upi,insufficient_funds,1,55.32,20,1,STANDARD,1,none,1
2098.29,1270,11,10,1,0.9091,upi,network_error,3,17.12,22,3,STANDARD,2,none,1
3882.53,1503,6,4,2,0.6667,wallet,temporary_failure,3,118.27,22,1,STANDARD,1,none,1
4854.94,1075,9,6,3,0.6667,card,bank_decline,1,70.51,23,2,PREMIUM,2,active,0
2831.21,343,9,7,2,0.7778,card,insufficient_funds,2,17.89,6,3,STANDARD,2,none,0
1670.75,25,9,7,2,0.7778,upi,insufficient_funds,3,75.6,21,3,PREMIUM,2,active,0
1012.95,102,7,6,1,0.8571,netbanking,bank_timeout,1,25.55,14,5,STANDARD,0,none,1
5720.35,1770,18,15,3,0.8333,upi,network_error,2,49.36,9,6,STANDARD,0,none,1
2241.79,379,12,10,2,0.8333,upi,bank_timeout,1,29.89,22,3,STANDARD,1,none,0
3996.96,931,8,7,1,0.875,upi,insufficient_funds,2,42.58,18,3,PREMIUM,1,active,1
4287.12,380,9,6,3,0.6667,netbanking,temporary_failure,3,92.89,6,0,STANDARD,0,none,0
5468.28,1196,5,4,1,0.8,card,fraud_suspected,3,82.02,13,5,STANDARD,1,none,0
3526.94,1149,9,7,2,0.7778,upi,temporary_failure,2,53.34,7,1,PREMIUM,0,active,0
4057.62,427,13,9,4,0.6923,netbanking,invalid_account,3,23.71,10,4,STANDARD,1,none,0
1593.83,629,8,4,4,0.5,card,fraud_suspected,3,24.64,22,1,STANDARD,3,none,0
2020.78,1780,11,8,3,0.7273,upi,fraud_suspected,1,18.87,23,5,PREMIUM,2,active,0
5742.77,598,15,12,3,0.8,upi,invalid_account,2,6.22,12,4,STANDARD,1,none,0
2510.16,1497,5,3,2,0.6,netbanking,insufficient_funds,1,48.06,10,4,STANDARD,1,none,0
2468.91,236,4,3,1,0.75,netbanking,network_error,3,49.88,12,2,PREMIUM,0,active,1
14296.73,753,15,10,5,0.6667,card,bank_timeout,3,25.74,6,5,STANDARD,1,none,1
5466.05,1691,9,9,0,1.0,netbanking,bank_decline,3,40.3,15,3,STANDARD,0,none,1
4133.73,1588,6,5,1,0.8333,upi,temporary_failure,1,31.84,8,1,PREMIUM,0,active,1
4710.76,7,8,5,3,0.625,card,temporary_failure,2,9.63,5,2,STANDARD,0,none,1
5273.57,1195,4,4,0,1.0,wallet,temporary_failure,3,22.06,7,5,PREMIUM,1,active,1
8342.21,279,14,11,3,0.7857,netbanking,invalid_account,1,18.73,1,4,STANDARD,1,none,0
9614.93,899,12,9,3,0.75,netbanking,bank_timeout,3,14.26,20,6,STANDARD,1,none,1
12419.73,1799,8,5,3,0.625,card,invalid_account,2,25.56,16,2,STANDARD,0,none,0
2874.77,121,8,7,1,0.875,card,insufficient_funds,3,39.46,12,1,STANDARD,1,none,0
5119.57,1663,11,7,4,0.6364,upi,bank_timeout,3,5.82,11,1,STANDARD,1,none,1
5573.87,843,10,5,5,0.5,upi,network_error,3,23.75,18,2,STANDARD,0,none,0
31424.18,997,13,10,3,0.7692,card,network_error,3,25.82,15,5,STANDARD,1,none,1
8557.92,1664,9,6,3,0.6667,upi,network_error,3,56.24,8,2,STANDARD,1,none,1
7377.93,1302,5,5,0,1.0,upi,network_error,1,18.19,22,6,STANDARD,1,none,1
2793.02,1135,3,2,1,0.6667,card,temporary_failure,3,19.47,14,5,STANDARD,2,none,1
1678.25,1329,8,6,2,0.75,card,temporary_failure,1,49.12,2,3,PREMIUM,1,active,1
8064.91,850,11,9,2,0.8182,card,insufficient_funds,2,45.96,21,4,STANDARD,0,none,1
11316.49,1128,13,7,6,0.5385,card,insufficient_funds,3,9.78,20,2,STANDARD,1,none,0
5700.86,47,9,9,0,1.0,card,temporary_failure,2,35.09,23,0,STANDARD,0,none,0
1513.94,1109,12,7,5,0.5833,upi,network_error,3,96.2,0,5,PREMIUM,0,active,0
5756.66,193,13,10,3,0.7692,card,network_error,2,41.09,14,3,STANDARD,0,none,0
6964.74,820,11,9,2,0.8182,netbanking,insufficient_funds,2,34.35,4,2,STANDARD,3,none,0
1549.35,347,10,6,4,0.6,card,insufficient_funds,1,35.51,20,3,STANDARD,1,none,1
9265.47,1508,8,5,3,0.625,card,bank_decline,2,81.04,1,6,ENTERPRISE,0,active,0
4408.48,969,10,8,2,0.8,upi,insufficient_funds,2,37.21,5,5,PREMIUM,0,active,0
12838.07,27,8,6,2,0.75,card,network_error,2,61.13,2,1,STANDARD,2,none,1
987.73,1406,6,3,3,0.5,upi,invalid_account,1,78.11,15,2,STANDARD,1,none,0
2256.71,565,11,8,3,0.7273,upi,network_error,1,15.43,13,1,STANDARD,1,none,0
5230.42,28,12,10,2,0.8333,netbanking,bank_timeout,1,10.57,6,5,STANDARD,3,none,1
23636.78,716,8,4,4,0.5,wallet,insufficient_funds,2,66.88,3,1,STANDARD,2,none,0
10530.25,608,8,8,0,1.0,upi,insufficient_funds,1,64.85,0,4,STANDARD,0,none,1
1522.03,559,15,10,5,0.6667,netbanking,insufficient_funds,2,9.98,18,2,STANDARD,0,none,0
1608.94,598,5,5,0,1.0,upi,network_error,2,39.12,15,2,STANDARD,3,none,1
5692.9,710,10,7,3,0.7,upi,fraud_suspected,2,14.06,21,3,STANDARD,0,none,0
2411.73,1450,11,5,6,0.4545,card,network_error,2,56.42,2,5,ENTERPRISE,2,active,0
991.21,1107,17,12,5,0.7059,upi,bank_decline,2,12.3,0,3,STANDARD,0,none,0
3371.79,978,9,9,0,1.0,wallet,bank_timeout,2,10.25,5,1,PREMIUM,2,active,1
5849.92,707,14,10,4,0.7143,upi,temporary_failure,1,6.84,14,6,PREMIUM,3,active,0
2816.21,248,7,5,2,0.7143,wallet,temporary_failure,2,30.24,17,3,PREMIUM,0,active,1
3878.97,1140,11,8,3,0.7273,card,network_error,1,15.92,18,4,STANDARD,0,none,1
3698.3,499,12,11,1,0.9167,upi,temporary_failure,3,31.88,22,0,PREMIUM,0,active,1
3900.76,288,6,5,1,0.8333,netbanking,insufficient_funds,2,52.12,1,1,STANDARD,1,none,0
3335.89,640,14,10,4,0.7143,upi,invalid_account,1,50.04,3,5,PREMIUM,3,active,0
1487.94,371,4,2,2,0.5,netbanking,insufficient_funds,3,39.56,12,1,PREMIUM,0,active,1
5554.54,404,11,8,3,0.7273,upi,bank_decline,3,60.51,6,1,STANDARD,0,none,0
1789.91,927,6,6,0,1.0,upi,bank_timeout,2,51.02,22,1,STANDARD,1,none,1
2871.94,1672,9,6,3,0.6667,card,network_error,3,24.7,4,5,STANDARD,0,none,0
3488.01,1442,7,6,1,0.8571,netbanking,temporary_failure,1,28.54,3,3,STANDARD,1,none,1
1475.73,1378,9,9,0,1.0,upi,insufficient_funds,2,22.77,17,4,STANDARD,4,none,1
4536.76,1253,9,6,3,0.6667,netbanking,temporary_failure,2,16.67,21,6,STANDARD,1,none,1
1987.42,278,10,9,1,0.9,upi,temporary_failure,3,168.51,5,5,STANDARD,0,none,1
2168.19,1650,6,5,1,0.8333,netbanking,bank_decline,3,67.82,16,3,STANDARD,1,none,1
2782.42,203,13,10,3,0.7692,netbanking,bank_decline,3,85.19,18,1,PREMIUM,1,active,1
25209.32,472,9,6,3,0.6667,upi,insufficient_funds,2,30.57,19,6,PREMIUM,1,active,1
4806.8,1665,11,10,1,0.9091,card,network_error,3,48.28,17,4,STANDARD,0,none,1
14330.87,617,18,13,5,0.7222,card,bank_timeout,1,66.96,1,5,PREMIUM,1,active,1
1960.92,1243,11,7,4,0.6364,upi,temporary_failure,2,131.15,6,0,PREMIUM,3,active,0
6622.42,1409,11,10,1,0.9091,card,insufficient_funds,1,6.13,12,4,STANDARD,0,none,0
2265.83,39,12,10,2,0.8333,wallet,insufficient_funds,3,50.76,2,0,STANDARD,0,none,0
4228.7,1504,4,4,0,1.0,netbanking,invalid_account,2,46.69,0,3,STANDARD,1,none,0
1604.71,1091,8,8,0,1.0,upi,bank_decline,3,50.56,17,5,STANDARD,1,none,0
4870.99,1045,4,3,1,0.75,card,network_error,3,55.3,16,4,PREMIUM,1,active,0
5991.53,57,10,9,1,0.9,card,temporary_failure,2,23.45,7,4,STANDARD,2,none,0
5544.02,323,7,6,1,0.8571,wallet,bank_timeout,1,32.67,11,2,PREMIUM,0,active,1
4350.64,741,14,10,4,0.7143,wallet,insufficient_funds,1,19.24,0,6,STANDARD,0,none,0
2592.31,1678,11,10,1,0.9091,card,bank_timeout,1,38.75,5,0,STANDARD,0,none,1
688.16,1188,10,9,1,0.9,upi,fraud_suspected,2,47.15,19,3,PREMIUM,1,active,1
884.99,1678,7,4,3,0.5714,upi,insufficient_funds,1,27.9,12,3,STANDARD,2,none,1
1946.41,558,9,6,3,0.6667,upi,invalid_account,2,49.63,16,6,STANDARD,2,none,0
4780.77,824,9,8,1,0.8889,netbanking,invalid_account,3,12.53,8,0,STANDARD,2,none,0
1686.09,736,5,4,1,0.8,upi,insufficient_funds,3,13.26,20,4,STANDARD,1,none,0
1216.01,109,7,6,1,0.8571,card,invalid_account,1,82.63,16,1,STANDARD,0,none,1
8557.41,1057,9,7,2,0.7778,upi,insufficient_funds,3,30.23,2,6,PREMIUM,1,active,0
1730.05,570,7,7,0,1.0,netbanking,bank_decline,1,20.5,5,3,STANDARD,1,none,1
2479.93,553,9,7,2,0.7778,card,insufficient_funds,3,17.52,7,3,STANDARD,3,none,0
4867.62,1789,11,10,1,0.9091,card,bank_decline,1,23.19,9,2,STANDARD,0,none,1
1876.29,1518,12,10,2,0.8333,netbanking,bank_decline,1,61.94,19,0,STANDARD,1,none,1
2612.57,600,8,7,1,0.875,upi,network_error,1,39.31,22,6,STANDARD,0,none,1
3879.33,813,7,6,1,0.8571,upi,network_error,2,17.17,19,2,STANDARD,1,none,1
4626.37,89,11,9,2,0.8182,wallet,bank_decline,1,54.61,1,3,PREMIUM,1,active,1
9876.06,330,7,7,0,1.0,wallet,fraud_suspected,3,50.51,1,6,STANDARD,0,none,1
1069.64,1749,7,5,2,0.7143,netbanking,bank_timeout,1,60.18,12,1,STANDARD,0,none,1
613.57,38,10,9,1,0.9,upi,bank_decline,2,25.2,7,5,STANDARD,2,none,1
4279.27,1106,12,8,4,0.6667,upi,insufficient_funds,1,34.74,19,2,STANDARD,1,none,0
9757.0,1278,9,5,4,0.5556,card,invalid_account,3,74.45,21,5,PREMIUM,1,active,0
3094.92,1476,7,6,1,0.8571,upi,fraud_suspected,2,34.06,14,0,PREMIUM,0,active,1
3149.28,1215,12,9,3,0.75,wallet,bank_decline,1,33.85,10,1,STANDARD,1,none,1
2421.18,1074,10,6,4,0.6,card,temporary_failure,1,27.24,13,6,STANDARD,2,none,1
6829.29,1563,10,6,4,0.6,card,insufficient_funds,3,123.92,13,6,PREMIUM,2,active,0
2664.06,947,11,9,2,0.8182,netbanking,invalid_account,2,86.37,15,0,STANDARD,1,none,1
2656.88,291,10,8,2,0.8,card,insufficient_funds,3,21.55,7,4,STANDARD,0,none,0
3630.05,668,8,6,2,0.75,card,temporary_failure,1,23.13,8,1,PREMIUM,3,active,1
1494.91,78,5,5,0,1.0,upi,insufficient_funds,3,41.59,4,6,STANDARD,0,none,1
4512.07,593,10,8,2,0.8,upi,invalid_account,3,53.16,4,6,STANDARD,2,none,0
703.28,1346,6,3,3,0.5,upi,bank_timeout,2,4.8,2,3,STANDARD,1,none,1
6278.12,954,7,7,0,1.0,upi,bank_decline,1,10.8,3,0,STANDARD,1,none,0
5069.12,739,12,10,2,0.8333,upi,temporary_failure,3,53.59,12,4,PREMIUM,0,active,1
5703.84,1546,6,6,0,1.0,card,insufficient_funds,1,42.32,9,6,STANDARD,3,none,1
1847.17,378,8,8,0,1.0,card,fraud_suspected,2,15.12,23,6,STANDARD,0,none,0
7780.25,993,3,2,1,0.6667,card,temporary_failure,2,30.66,16,2,PREMIUM,1,active,1
3813.05,1312,7,6,1,0.8571,upi,insufficient_funds,1,34.13,1,5,STANDARD,0,none,1
7822.83,344,15,13,2,0.8667,upi,temporary_failure,1,48.18,17,5,PREMIUM,1,active,1
4026.52,41,6,4,2,0.6667,upi,bank_timeout,1,28.01,13,0,PREMIUM,3,active,1
5108.25,702,5,2,3,0.4,card,bank_decline,2,34.43,3,2,PREMIUM,3,active,0
2688.13,1499,10,9,1,0.9,card,invalid_account,3,74.53,18,2,STANDARD,1,none,1
1214.68,595,6,6,0,1.0,netbanking,invalid_account,1,35.63,8,6,PREMIUM,0,active,0
2531.92,1656,6,6,0,1.0,card,bank_decline,3,13.26,6,6,STANDARD,0,none,1
4651.62,1272,6,6,0,1.0,upi,bank_decline,1,34.89,3,6,STANDARD,2,none,1
2945.29,938,13,9,4,0.6923,upi,bank_timeout,2,20.81,10,4,STANDARD,0,none,1
1823.25,391,9,8,1,0.8889,upi,bank_decline,3,32.3,18,4,STANDARD,3,none,0
3026.57,1292,7,4,3,0.5714,card,bank_decline,1,23.21,9,1,STANDARD,1,none,1
2341.37,133,9,6,3,0.6667,card,insufficient_funds,1,29.87,11,0,PREMIUM,0,active,1
3843.1,512,6,5,1,0.8333,card,temporary_failure,3,27.22,7,1,PREMIUM,3,active,1
11642.63,860,9,7,2,0.7778,upi,network_error,3,25.37,15,0,STANDARD,2,none,1
15209.53,641,8,6,2,0.75,upi,insufficient_funds,2,31.76,17,1,PREMIUM,1,active,1
2648.96,777,7,6,1,0.8571,upi,insufficient_funds,1,11.94,23,6,PREMIUM,3,active,1
3876.44,523,9,5,4,0.5556,upi,temporary_failure,1,49.46,12,5,STANDARD,0,none,1
598.72,496,10,9,1,0.9,netbanking,network_error,1,12.71,9,4,STANDARD,0,none,1
3528.58,901,8,5,3,0.625,upi,network_error,2,62.33,6,1,ENTERPRISE,2,active,1
1791.34,1099,8,7,1,0.875,card,temporary_failure,3,73.19,15,5,STANDARD,1,none,1
4007.74,1294,12,9,3,0.75,wallet,bank_timeout,2,21.05,9,4,STANDARD,0,none,1
847.7,266,9,7,2,0.7778,card,bank_decline,2,17.94,13,3,PREMIUM,0,active,1
2342.65,1145,6,5,1,0.8333,upi,fraud_suspected,3,34.29,18,1,STANDARD,0,none,0
940.14,1647,9,7,2,0.7778,card,bank_decline,1,104.31,22,3,STANDARD,1,none,0
2483.45,1120,11,8,3,0.7273,card,bank_decline,3,27.52,19,6,PREMIUM,1,active,0
19703.95,1785,9,6,3,0.6667,card,bank_timeout,1,26.26,20,3,STANDARD,1,none,1
1405.47,1385,5,3,2,0.6,upi,bank_decline,3,22.33,22,1,STANDARD,3,none,1
1309.77,151,4,2,2,0.5,upi,insufficient_funds,2,15.8,7,3,PREMIUM,2,active,0
2885.28,1706,8,8,0,1.0,upi,network_error,1,25.6,3,6,PREMIUM,1,active,1
1494.73,60,7,7,0,1.0,card,bank_timeout,2,34.17,15,3,STANDARD,1,none,1
7983.76,58,9,8,1,0.8889,wallet,bank_decline,3,19.39,6,2,STANDARD,1,none,1
1473.93,1618,7,6,1,0.8571,upi,temporary_failure,3,55.62,16,5,ENTERPRISE,1,active,1
948.42,190,6,5,1,0.8333,netbanking,bank_decline,1,57.26,16,5,PREMIUM,0,active,1
4822.77,475,9,8,1,0.8889,card,insufficient_funds,2,49.19,17,2,STANDARD,0,none,0
8722.93,1695,10,9,1,0.9,upi,temporary_failure,2,30.09,6,5,PREMIUM,1,active,1
3587.51,1025,4,3,1,0.75,netbanking,bank_timeout,1,35.54,19,5,STANDARD,0,none,0
1778.44,1073,8,6,2,0.75,netbanking,insufficient_funds,3,27.27,21,4,STANDARD,1,none,0
4458.56,340,5,3,2,0.6,wallet,insufficient_funds,3,68.25,2,5,STANDARD,1,none,0
4989.91,1757,8,5,3,0.625,upi,temporary_failure,1,66.2,18,0,PREMIUM,3,active,1
8405.48,1529,9,8,1,0.8889,upi,bank_decline,2,37.21,15,3,STANDARD,1,none,0
4906.17,1148,10,9,1,0.9,upi,bank_decline,3,18.25,0,3,STANDARD,0,none,1
619.66,908,11,6,5,0.5455,netbanking,network_error,2,42.46,0,6,STANDARD,1,none,0
2956.88,1512,9,6,3,0.6667,card,insufficient_funds,1,44.95,1,4,STANDARD,0,none,1
2042.41,198,13,8,5,0.6154,card,insufficient_funds,2,22.61,17,2,STANDARD,1,none,0
2545.68,97,8,7,1,0.875,upi,temporary_failure,3,21.3,18,0,STANDARD,1,none,1
353.1,417,14,11,3,0.7857,card,insufficient_funds,2,20.15,5,6,STANDARD,1,none,0
2057.53,1312,11,11,0,1.0,upi,temporary_failure,3,16.58,6,3,STANDARD,3,none,1
1106.24,1372,6,4,2,0.6667,card,insufficient_funds,2,11.01,12,0,STANDARD,1,none,1
5244.63,1399,6,6,0,1.0,card,invalid_account,3,26.99,0,2,PREMIUM,1,active,1
3014.29,1790,6,3,3,0.5,wallet,temporary_failure,2,14.22,15,3,STANDARD,2,none,1
4283.19,1203,10,10,0,1.0,netbanking,invalid_account,1,31.91,21,2,PREMIUM,1,active,0
6695.35,1715,6,4,2,0.6667,card,temporary_failure,2,50.37,10,5,ENTERPRISE,1,active,1
2114.63,778,7,5,2,0.7143,upi,bank_timeout,3,21.32,7,1,STANDARD,0,none,0
3725.7,1749,8,3,5,0.375,upi,network_error,3,76.82,2,2,PREMIUM,1,active,1
5610.32,1249,8,8,0,1.0,upi,temporary_failure,2,85.83,8,0,PREMIUM,2,active,1
15133.61,520,15,12,3,0.8,card,bank_timeout,1,42.79,8,3,STANDARD,0,none,1
15142.9,261,10,6,4,0.6,card,bank_timeout,1,53.7,1,1,STANDARD,0,none,1
5747.48,546,6,5,1,0.8333,card,fraud_suspected,3,54.12,18,0,STANDARD,1,none,0
1978.15,1151,13,10,3,0.7692,netbanking,insufficient_funds,1,17.05,11,2,PREMIUM,0,active,0
25448.94,143,12,11,1,0.9167,card,network_error,1,60.89,4,1,STANDARD,1,none,1
9729.09,638,8,5,3,0.625,netbanking,temporary_failure,2,7.2,1,0,STANDARD,1,none,0
8845.39,719,8,7,1,0.875,upi,bank_decline,3,31.23,12,5,STANDARD,2,none,0
11007.29,871,9,7,2,0.7778,wallet,fraud_suspected,2,27.6,2,5,STANDARD,0,none,0
2628.3,131,12,10,2,0.8333,upi,temporary_failure,2,18.7,16,0,STANDARD,0,none,1
1319.56,834,9,8,1,0.8889,card,fraud_suspected,3,25.67,17,2,PREMIUM,2,active,0
3570.52,720,9,9,0,1.0,upi,temporary_failure,3,54.77,3,1,PREMIUM,1,active,1
5471.48,1256,12,11,1,0.9167,netbanking,bank_timeout,2,22.15,18,0,PREMIUM,1,active,1
3532.67,1228,6,2,4,0.3333,upi,bank_decline,1,37.86,21,1,STANDARD,0,none,0
1985.01,1548,12,10,2,0.8333,card,fraud_suspected,1,53.57,19,6,STANDARD,1,none,0
21692.66,1639,11,10,1,0.9091,card,temporary_failure,2,30.55,20,5,STANDARD,2,none,1
8634.44,364,5,4,1,0.8,upi,bank_decline,1,27.18,6,2,PREMIUM,1,active,1
2913.01,33,11,11,0,1.0,netbanking,bank_timeout,2,10.68,23,3,STANDARD,2,none,1
40729.44,1784,6,3,3,0.5,upi,invalid_account,2,31.34,10,5,STANDARD,0,none,0
935.05,1596,13,13,0,1.0,wallet,fraud_suspected,2,9.75,20,0,PREMIUM,1,active,0
1624.26,663,14,11,3,0.7857,upi,bank_timeout,1,37.97,4,0,PREMIUM,0,active,1
8367.0,425,7,6,1,0.8571,card,invalid_account,2,50.27,5,5,STANDARD,1,none,0
7190.55,447,12,10,2,0.8333,upi,insufficient_funds,1,30.61,11,6,STANDARD,0,none,1
1191.19,486,10,9,1,0.9,card,bank_timeout,2,86.62,16,3,STANDARD,3,none,1
5725.4,1437,2,1,1,0.5,upi,bank_timeout,3,36.81,19,3,STANDARD,1,none,1
2154.91,650,13,8,5,0.6154,wallet,temporary_failure,3,46.57,4,6,STANDARD,0,none,1
1473.32,1758,11,9,2,0.8182,upi,insufficient_funds,2,28.72,22,2,PREMIUM,0,active,1
9040.58,1443,7,6,1,0.8571,card,bank_timeout,1,41.35,17,1,PREMIUM,1,active,1
2147.76,358,7,6,1,0.8571,upi,insufficient_funds,1,86.83,19,0,STANDARD,1,none,0
5040.01,1102,14,13,1,0.9286,card,fraud_suspected,2,64.98,7,6,STANDARD,2,none,0
1099.52,1394,16,13,3,0.8125,upi,insufficient_funds,3,73.03,15,0,STANDARD,0,none,0
513.41,1293,13,11,2,0.8462,netbanking,bank_timeout,3,39.72,11,3,STANDARD,2,none,1
388.25,1744,11,9,2,0.8182,card,insufficient_funds,2,18.42,5,3,PREMIUM,4,active,1
6709.27,1766,8,6,2,0.75,card,insufficient_funds,3,28.77,14,3,ENTERPRISE,2,active,0
1912.81,1321,9,9,0,1.0,card,insufficient_funds,2,11.06,12,1,STANDARD,1,none,1
2254.39,308,13,10,3,0.7692,upi,network_error,3,28.5,9,2,PREMIUM,2,active,1
2315.78,277,9,5,4,0.5556,netbanking,network_error,2,49.54,15,4,PREMIUM,0,active,1
1983.07,1506,8,5,3,0.625,card,insufficient_funds,3,29.45,13,4,STANDARD,0,none,1
3758.96,1514,10,8,2,0.8,netbanking,bank_decline,1,37.69,23,0,STANDARD,3,none,1
10222.57,351,13,12,1,0.9231,netbanking,temporary_failure,2,87.21,21,4,STANDARD,0,none,1
1111.07,701,13,7,6,0.5385,card,bank_timeout,2,54.13,21,1,STANDARD,0,none,1
2150.11,1268,13,11,2,0.8462,card,network_error,2,84.08,7,4,PREMIUM,0,active,1
9522.65,1289,4,3,1,0.75,upi,insufficient_funds,3,42.04,9,4,PREMIUM,1,active,1
1366.81,273,8,8,0,1.0,card,bank_decline,1,33.58,1,1,STANDARD,0,none,0
2205.85,1154,9,7,2,0.7778,card,insufficient_funds,2,97.25,21,5,ENTERPRISE,2,active,0
3859.0,537,9,8,1,0.8889,card,temporary_failure,1,38.81,22,3,PREMIUM,1,active,1
2224.54,1791,7,5,2,0.7143,upi,insufficient_funds,1,54.84,15,1,PREMIUM,2,active,0
968.26,453,10,6,4,0.6,upi,bank_decline,1,31.96,1,4,PREMIUM,1,active,1
1674.05,696,6,5,1,0.8333,upi,bank_timeout,3,26.13,10,6,PREMIUM,1,active,1
3569.07,139,8,5,3,0.625,upi,insufficient_funds,2,71.62,0,1,PREMIUM,0,active,0
3066.72,984,9,4,5,0.4444,card,temporary_failure,1,23.02,0,3,STANDARD,2,none,0
3779.99,1305,8,8,0,1.0,upi,network_error,3,28.6,11,5,STANDARD,3,none,1
6533.58,956,15,14,1,0.9333,upi,insufficient_funds,2,8.65,18,0,STANDARD,3,none,1
18405.9,698,12,8,4,0.6667,upi,insufficient_funds,2,9.88,16,1,PREMIUM,2,active,0
5861.41,1353,16,15,1,0.9375,card,fraud_suspected,1,37.6,2,1,PREMIUM,1,active,1
12612.9,397,13,12,1,0.9231,card,bank_timeout,2,32.75,13,1,STANDARD,1,none,1
2969.45,1435,11,7,4,0.6364,card,bank_decline,1,39.28,4,0,ENTERPRISE,1,active,1
1821.43,1605,10,9,1,0.9,netbanking,fraud_suspected,2,63.72,6,0,PREMIUM,0,active,0
5672.79,570,11,9,2,0.8182,netbanking,bank_timeout,1,54.01,22,6,STANDARD,1,none,1
2148.04,250,4,3,1,0.75,upi,temporary_failure,2,40.41,3,3,STANDARD,2,none,1
5284.37,1382,8,5,3,0.625,upi,fraud_suspected,1,24.31,7,2,PREMIUM,0,active,0
7653.46,1603,6,5,1,0.8333,upi,temporary_failure,2,20.99,22,0,STANDARD,2,none,1
2829.94,842,10,8,2,0.8,card,insufficient_funds,3,36.85,4,5,PREMIUM,0,active,1
3194.15,838,13,5,8,0.3846,upi,temporary_failure,1,48.39,8,6,PREMIUM,1,active,0
3037.58,1132,13,11,2,0.8462,upi,fraud_suspected,2,19.57,16,0,PREMIUM,4,active,0
2437.24,1054,9,7,2,0.7778,netbanking,temporary_failure,2,37.02,2,3,STANDARD,2,none,1
1790.08,1038,6,5,1,0.8333,netbanking,temporary_failure,3,11.35,16,5,PREMIUM,3,active,1
2925.14,1460,6,6,0,1.0,netbanking,network_error,3,21.11,14,0,PREMIUM,1,active,1
3653.12,1427,5,3,2,0.6,upi,bank_decline,3,29.14,0,4,PREMIUM,2,active,0
633.67,1166,3,3,0,1.0,card,temporary_failure,1,17.49,2,6,STANDARD,0,none,1
3282.56,1252,15,13,2,0.8667,upi,temporary_failure,3,68.31,8,0,ENTERPRISE,1,active,1
3395.15,634,10,8,2,0.8,upi,temporary_failure,1,32.02,12,6,PREMIUM,2,active,1
808.43,95,6,6,0,1.0,card,insufficient_funds,2,16.49,16,1,STANDARD,1,none,1
6992.56,645,10,8,2,0.8,netbanking,insufficient_funds,2,6.2,16,2,STANDARD,1,none,0
8600.53,1520,8,6,2,0.75,upi,bank_timeout,2,15.25,2,5,STANDARD,0,none,0
7281.98,1794,9,8,1,0.8889,card,insufficient_funds,1,87.68,17,0,STANDARD,0,none,0
1295.95,902,15,12,3,0.8,card,temporary_failure,2,22.39,19,0,PREMIUM,0,active,1
17288.11,805,3,3,0,1.0,card,temporary_failure,2,36.13,19,3,STANDARD,1,none,1
2615.4,975,11,10,1,0.9091,card,bank_decline,2,48.29,10,6,STANDARD,1,none,0
3083.47,607,11,9,2,0.8182,upi,insufficient_funds,3,14.58,1,1,STANDARD,1,none,1
2307.71,96,16,12,4,0.75,card,invalid_account,2,8.77,17,3,PREMIUM,1,active,1
2489.81,1090,7,3,4,0.4286,upi,insufficient_funds,1,14.26,10,6,STANDARD,2,none,0
9733.01,1331,11,10,1,0.9091,upi,insufficient_funds,3,32.55,18,3,PREMIUM,5,active,1
5034.85,1656,9,8,1,0.8889,upi,network_error,1,49.65,16,0,PREMIUM,1,active,1
3070.47,134,16,10,6,0.625,netbanking,invalid_account,3,13.79,0,1,STANDARD,0,none,0
4071.43,1221,6,6,0,1.0,upi,invalid_account,3,35.2,6,6,STANDARD,2,none,1
413.47,1620,9,9,0,1.0,upi,temporary_failure,3,11.88,17,6,PREMIUM,3,active,1
3086.28,82,16,15,1,0.9375,netbanking,insufficient_funds,1,29.48,7,6,PREMIUM,2,active,1
1477.35,1341,5,4,1,0.8,upi,invalid_account,1,5.7,19,3,PREMIUM,2,active,1
1809.54,426,9,5,4,0.5556,wallet,bank_decline,2,38.68,3,5,STANDARD,1,none,0
6023.95,914,11,9,2,0.8182,wallet,network_error,1,52.0,5,6,STANDARD,0,none,1
5285.78,701,10,9,1,0.9,wallet,bank_timeout,3,32.65,0,4,STANDARD,2,none,1
1877.53,1727,7,7,0,1.0,card,network_error,2,60.61,5,4,PREMIUM,1,active,1
6108.05,729,8,8,0,1.0,upi,bank_decline,3,46.24,17,0,PREMIUM,1,active,0
4280.75,1083,10,9,1,0.9,card,network_error,1,44.07,8,1,STANDARD,0,none,1
6052.52,922,7,4,3,0.5714,upi,bank_decline,3,65.11,6,4,STANDARD,0,none,0
3244.76,1660,7,5,2,0.7143,card,invalid_account,1,53.1,10,1,STANDARD,3,none,0
1427.56,625,8,6,2,0.75,upi,insufficient_funds,2,31.59,19,5,ENTERPRISE,3,active,1
1752.7,732,9,7,2,0.7778,upi,network_error,1,47.0,22,6,STANDARD,1,none,0
3253.19,334,8,7,1,0.875,wallet,bank_timeout,3,19.96,5,4,STANDARD,2,none,1
2438.87,500,9,7,2,0.7778,card,invalid_account,3,26.58,20,4,PREMIUM,0,active,0
2789.49,1498,9,5,4,0.5556,upi,invalid_account,2,19.62,20,6,PREMIUM,0,active,0
6621.05,360,10,9,1,0.9,netbanking,insufficient_funds,2,21.73,17,2,ENTERPRISE,1,active,1
507.59,186,13,7,6,0.5385,card,insufficient_funds,2,42.17,21,5,STANDARD,2,none,0
5630.62,314,10,10,0,1.0,upi,insufficient_funds,1,24.3,13,2,STANDARD,0,none,1
8282.22,1456,12,10,2,0.8333,card,insufficient_funds,3,12.88,21,0,STANDARD,0,none,0
3194.17,1345,14,9,5,0.6429,card,insufficient_funds,3,46.61,13,1,PREMIUM,1,active,0
4680.96,719,5,2,3,0.4,card,network_error,3,96.69,18,1,STANDARD,1,none,1
6686.54,405,8,5,3,0.625,upi,bank_decline,2,34.57,7,1,STANDARD,1,none,0
3578.78,314,8,8,0,1.0,upi,bank_decline,1,26.37,1,3,STANDARD,0,none,1
4143.77,524,14,10,4,0.7143,netbanking,temporary_failure,2,59.57,9,2,STANDARD,2,none,1
2465.09,851,10,6,4,0.6,card,temporary_failure,2,89.87,7,4,STANDARD,1,none,0
1340.71,1523,5,4,1,0.8,card,insufficient_funds,2,48.03,4,1,ENTERPRISE,0,active,1
987.9,1124,7,5,2,0.7143,upi,insufficient_funds,3,193.75,13,5,STANDARD,2,none,0
7787.7,987,14,8,6,0.5714,upi,invalid_account,2,31.25,21,4,PREMIUM,1,active,0
2194.42,46,9,8,1,0.8889,wallet,network_error,1,41.25,14,2,ENTERPRISE,1,active,1
2410.29,1262,6,5,1,0.8333,card,bank_timeout,1,45.36,5,1,PREMIUM,0,active,1
1110.86,1032,6,5,1,0.8333,upi,network_error,3,13.18,12,3,STANDARD,0,none,1
3822.99,812,5,4,1,0.8,upi,fraud_suspected,1,38.03,11,6,STANDARD,2,none,1
7951.27,606,10,7,3,0.7,card,insufficient_funds,2,34.81,12,4,PREMIUM,0,active,1
1104.63,1605,13,11,2,0.8462,card,insufficient_funds,1,51.18,16,4,PREMIUM,2,active,1
4828.14,1157,7,6,1,0.8571,upi,temporary_failure,2,48.08,1,4,STANDARD,0,none,1
4126.91,633,5,4,1,0.8,upi,insufficient_funds,3,20.9,21,4,STANDARD,2,none,0
1561.11,1667,10,8,2,0.8,netbanking,bank_timeout,3,38.14,12,4,STANDARD,1,none,0
2765.02,1091,7,4,3,0.5714,upi,insufficient_funds,2,41.15,15,2,STANDARD,2,none,0
2847.85,73,5,3,2,0.6,netbanking,temporary_failure,3,13.05,5,1,PREMIUM,1,active,1
3061.58,1411,10,9,1,0.9,upi,insufficient_funds,3,12.4,1,4,STANDARD,0,none,1
8779.14,199,16,13,3,0.8125,upi,temporary_failure,2,62.05,9,0,PREMIUM,0,active,1
9043.91,1381,15,13,2,0.8667,card,fraud_suspected,2,52.34,21,3,STANDARD,0,none,0
3091.86,199,7,4,3,0.5714,card,temporary_failure,2,19.79,5,3,STANDARD,2,none,1
5895.88,142,8,7,1,0.875,card,network_error,2,29.39,18,1,STANDARD,0,none,1
2129.45,1676,13,6,7,0.4615,upi,bank_timeout,3,38.15,10,2,STANDARD,1,none,0
1190.06,1568,10,7,3,0.7,netbanking,bank_timeout,3,109.98,20,6,ENTERPRISE,0,active,0
3024.88,537,10,6,4,0.6,upi,invalid_account,2,46.89,5,4,STANDARD,1,none,0
3905.3,830,10,9,1,0.9,upi,bank_decline,1,8.87,12,5,STANDARD,0,none,0
4788.3,766,5,5,0,1.0,wallet,temporary_failure,3,30.39,22,3,STANDARD,4,none,1
2496.58,1511,9,6,3,0.6667,netbanking,insufficient_funds,1,17.6,21,6,ENTERPRISE,3,active,0
11053.81,242,9,8,1,0.8889,upi,invalid_account,3,15.51,1,1,PREMIUM,1,active,0
4338.3,1286,13,9,4,0.6923,upi,insufficient_funds,2,43.66,3,0,STANDARD,0,none,1
4191.42,1161,15,14,1,0.9333,upi,network_error,1,25.66,21,6,STANDARD,0,none,1
1689.91,137,11,10,1,0.9091,upi,bank_timeout,1,19.82,22,2,STANDARD,2,none,1
7609.07,1651,8,5,3,0.625,card,temporary_failure,2,47.69,18,2,STANDARD,0,none,1
2303.11,1378,13,11,2,0.8462,netbanking,bank_timeout,2,36.53,4,3,STANDARD,1,none,1
11738.31,861,4,3,1,0.75,upi,insufficient_funds,1,94.34,5,5,STANDARD,0,none,1
2285.26,1778,16,12,4,0.75,card,temporary_failure,2,45.36,2,0,STANDARD,1,none,1
5945.07,756,7,7,0,1.0,upi,network_error,2,88.93,18,4,PREMIUM,1,active,1
25534.96,663,6,6,0,1.0,card,network_error,2,29.54,18,4,PREMIUM,1,active,1
11215.72,1226,12,10,2,0.8333,card,fraud_suspected,3,32.33,14,5,STANDARD,0,none,0
